# Split from bowling_pin.obj by material.
g bowling_pin_stripe
v 0.234300658 0.234301269 -2.70915508
v 0.184088707 0.27550903 -2.70915508
v 0.184088707 0.27550903 -2.70915508
v 0.234300658 0.234301269 -2.70915508
v 0.331351608 3.19443643e-07 -2.70915508
v 0.324984729 0.0646438375 -2.70915508
v 0.324984729 0.0646438375 -2.70915508
v 0.331351608 3.19443643e-07 -2.70915508
v 0.23430112 -0.234300822 -2.70915508
v 0.27550894 -0.184088886 -2.70915508
v 0.27550894 -0.184088886 -2.70915508
v 0.23430112 -0.234300822 -2.70915508
v 1.07968063e-07 -0.331351608 -2.70915508
v 0.0646436289 -0.324984759 -2.70915508
v 0.0646436289 -0.324984759 -2.70915508
v 1.07968063e-07 -0.331351608 -2.70915508
v 0 0.331351608 -2.70915508
v -0.0646434873 0.324984759 -2.70915508
v -0.0646434873 0.324984759 -2.70915508
v 0 0.331351608 -2.70915508
v -0.234300971 -0.234300956 -2.70915508
v -0.184089079 -0.275508821 -2.70915508
v -0.184089079 -0.275508821 -2.70915508
v -0.234300971 -0.234300956 -2.70915508
v -0.331351608 2.51457095e-08 -2.70915508
v -0.324984789 -0.0646434501 -2.70915508
v -0.324984789 -0.0646434501 -2.70915508
v -0.331351608 2.51457095e-08 -2.70915508
v -0.234300971 0.234300971 -2.70915508
v -0.275508791 0.184089079 -2.70915508
v -0.275508791 0.184089079 -2.70915508
v -0.234300971 0.234300971 -2.70915508
v 0.184088707 0.27550903 -2.70915508
v 0.126802325 0.306129158 -2.70915508
v 0.126802325 0.306129158 -2.70915508
v 0.184088707 0.27550903 -2.70915508
v 0.324984729 0.0646438375 -2.70915508
v 0.30612883 0.126803115 -2.70915508
v 0.30612883 0.126803115 -2.70915508
v 0.324984729 0.0646438375 -2.70915508
v 0.27550894 -0.184088886 -2.70915508
v 0.306129098 -0.126802519 -2.70915508
v 0.306129098 -0.126802519 -2.70915508
v 0.27550894 -0.184088886 -2.70915508
v 0.0646436289 -0.324984759 -2.70915508
v 0.126802906 -0.306128889 -2.70915508
v 0.126802906 -0.306128889 -2.70915508
v 0.0646436289 -0.324984759 -2.70915508
v -0.275508791 0.184089079 -2.70915508
v -0.306128949 0.126802772 -2.70915508
v -0.306128949 0.126802772 -2.70915508
v -0.275508791 0.184089079 -2.70915508
v -0.0646434873 0.324984759 -2.70915508
v -0.126802787 0.306128949 -2.70915508
v -0.126802787 0.306128949 -2.70915508
v -0.0646434873 0.324984759 -2.70915508
v -0.184089079 -0.275508821 -2.70915508
v -0.126802728 -0.306129009 -2.70915508
v -0.126802728 -0.306129009 -2.70915508
v -0.184089079 -0.275508821 -2.70915508
v -0.324984789 -0.0646434501 -2.70915508
v -0.306128979 -0.126802728 -2.70915508
v -0.306128979 -0.126802728 -2.70915508
v -0.324984789 -0.0646434501 -2.70915508
v 0.126802325 0.306129158 -2.70915508
v 0.0646429956 0.324984848 -2.70915508
v 0.0646429956 0.324984848 -2.70915508
v 0.126802325 0.306129158 -2.70915508
v 0.30612883 0.126803115 -2.70915508
v 0.275508583 0.184089437 -2.70915508
v 0.275508583 0.184089437 -2.70915508
v 0.30612883 0.126803115 -2.70915508
v 0.306129098 -0.126802519 -2.70915508
v 0.324984848 -0.0646432042 -2.70915508
v 0.324984848 -0.0646432042 -2.70915508
v 0.306129098 -0.126802519 -2.70915508
v 0.126802906 -0.306128889 -2.70915508
v 0.184089243 -0.275508702 -2.70915508
v 0.184089243 -0.275508702 -2.70915508
v 0.126802906 -0.306128889 -2.70915508
v -0.306128979 -0.126802728 -2.70915508
v -0.275508791 -0.184089065 -2.70915508
v -0.275508791 -0.184089065 -2.70915508
v -0.306128979 -0.126802728 -2.70915508
v -0.306128949 0.126802772 -2.70915508
v -0.324984759 0.0646435022 -2.70915508
v -0.324984759 0.0646435022 -2.70915508
v -0.306128949 0.126802772 -2.70915508
v -0.126802787 0.306128949 -2.70915508
v -0.184089094 0.275508791 -2.70915508
v -0.184089094 0.275508791 -2.70915508
v -0.126802787 0.306128949 -2.70915508
v -0.126802728 -0.306129009 -2.70915508
v -0.0646434128 -0.324984789 -2.70915508
v -0.0646434128 -0.324984789 -2.70915508
v -0.126802728 -0.306129009 -2.70915508
v 0.0646429956 0.324984848 -2.70915508
v 0 0.331351608 -2.70915508
v 0 0.331351608 -2.70915508
v 0.0646429956 0.324984848 -2.70915508
v 0.275508583 0.184089437 -2.70915508
v 0.234300658 0.234301269 -2.70915508
v 0.234300658 0.234301269 -2.70915508
v 0.275508583 0.184089437 -2.70915508
v 0.324984848 -0.0646432042 -2.70915508
v 0.331351608 3.19443643e-07 -2.70915508
v 0.331351608 3.19443643e-07 -2.70915508
v 0.324984848 -0.0646432042 -2.70915508
v 0.184089243 -0.275508702 -2.70915508
v 0.23430112 -0.234300822 -2.70915508
v 0.23430112 -0.234300822 -2.70915508
v 0.184089243 -0.275508702 -2.70915508
v -0.0646434128 -0.324984789 -2.70915508
v 1.07968063e-07 -0.331351608 -2.70915508
v 1.07968063e-07 -0.331351608 -2.70915508
v -0.0646434128 -0.324984789 -2.70915508
v -0.275508791 -0.184089065 -2.70915508
v -0.234300971 -0.234300956 -2.70915508
v -0.234300971 -0.234300956 -2.70915508
v -0.275508791 -0.184089065 -2.70915508
v -0.324984759 0.0646435022 -2.70915508
v -0.331351608 2.51457095e-08 -2.70915508
v -0.331351608 2.51457095e-08 -2.70915508
v -0.324984759 0.0646435022 -2.70915508
v -0.184089094 0.275508791 -2.70915508
v -0.234300971 0.234300971 -2.70915508
v -0.234300971 0.234300971 -2.70915508
v -0.184089094 0.275508791 -2.70915508
v 0.234300658 0.234301269 -2.70915508
v 0.184088707 0.27550903 -2.70915508
v 0.184088707 0.268357724 -2.70915508
v 0.234300658 0.227149963 -2.70915508
v 0.331351608 3.19443643e-07 -2.70915508
v 0.324984729 0.0646438375 -2.70915508
v 0.324984729 0.0574925281 -2.70915508
v 0.331351608 -0.00715098856 -2.70915508
v 0.23430112 -0.234300822 -2.70915508
v 0.27550894 -0.184088886 -2.70915508
v 0.27550894 -0.191240191 -2.70915508
v 0.23430112 -0.241452128 -2.70915508
v 1.07968063e-07 -0.331351608 -2.70915508
v 0.0646436289 -0.324984759 -2.70915508
v 0.0646436289 -0.332136035 -2.70915508
v 1.07968063e-07 -0.338502914 -2.70915508
v -0.234300971 -0.234300956 -2.70915508
v -0.184089079 -0.275508821 -2.70915508
v -0.184089079 -0.282660127 -2.70915508
v -0.234300971 -0.241452262 -2.70915508
v -0.331351608 2.51457095e-08 -2.70915508
v -0.324984789 -0.0646434501 -2.70915508
v -0.324984789 -0.0717947558 -2.70915508
v -0.331351608 -0.00715128286 -2.70915508
v -0.234300971 0.234300971 -2.70915508
v -0.275508791 0.184089079 -2.70915508
v -0.275508791 0.176937774 -2.70915508
v -0.234300971 0.227149665 -2.70915508
v 0 0.331351608 -2.70915508
v -0.0646434873 0.324984759 -2.70915508
v -0.0646434873 0.317833453 -2.70915508
v 0 0.324200302 -2.70915508
v 0.184088707 0.27550903 -2.70915508
v 0.126802325 0.306129158 -2.70915508
v 0.126802325 0.298977852 -2.70915508
v 0.184088707 0.268357724 -2.70915508
v 0.324984729 0.0646438375 -2.70915508
v 0.30612883 0.126803115 -2.70915508
v 0.30612883 0.119651809 -2.70915508
v 0.324984729 0.0574925281 -2.70915508
v 0.27550894 -0.184088886 -2.70915508
v 0.306129098 -0.126802519 -2.70915508
v 0.306129098 -0.133953825 -2.70915508
v 0.27550894 -0.191240191 -2.70915508
v 0.0646436289 -0.324984759 -2.70915508
v 0.126802906 -0.306128889 -2.70915508
v 0.126802906 -0.313280225 -2.70915508
v 0.0646436289 -0.332136035 -2.70915508
v -0.0646434873 0.324984759 -2.70915508
v -0.126802787 0.306128949 -2.70915508
v -0.126802787 0.298977643 -2.70915508
v -0.0646434873 0.317833453 -2.70915508
v -0.184089079 -0.275508821 -2.70915508
v -0.126802728 -0.306129009 -2.70915508
v -0.126802728 -0.313280314 -2.70915508
v -0.184089079 -0.282660127 -2.70915508
v -0.324984789 -0.0646434501 -2.70915508
v -0.306128979 -0.126802728 -2.70915508
v -0.306128979 -0.133954033 -2.70915508
v -0.324984789 -0.0717947558 -2.70915508
v -0.275508791 0.184089079 -2.70915508
v -0.306128949 0.126802772 -2.70915508
v -0.306128949 0.119651452 -2.70915508
v -0.275508791 0.176937774 -2.70915508
v 0.126802325 0.306129158 -2.70915508
v 0.0646429956 0.324984848 -2.70915508
v 0.0646429956 0.317833543 -2.70915508
v 0.126802325 0.298977852 -2.70915508
v 0.30612883 0.126803115 -2.70915508
v 0.275508583 0.184089437 -2.70915508
v 0.275508583 0.176938131 -2.70915508
v 0.30612883 0.119651809 -2.70915508
v 0.306129098 -0.126802519 -2.70915508
v 0.324984848 -0.0646432042 -2.70915508
v 0.324984848 -0.0717945099 -2.70915508
v 0.306129098 -0.133953825 -2.70915508
v 0.126802906 -0.306128889 -2.70915508
v 0.184089243 -0.275508702 -2.70915508
v 0.184089243 -0.282660007 -2.70915508
v 0.126802906 -0.313280225 -2.70915508
v -0.306128949 0.126802772 -2.70915508
v -0.324984759 0.0646435022 -2.70915508
v -0.324984759 0.0574921928 -2.70915508
v -0.306128949 0.119651452 -2.70915508
v -0.126802787 0.306128949 -2.70915508
v -0.184089094 0.275508791 -2.70915508
v -0.184089094 0.268357486 -2.70915508
v -0.126802787 0.298977643 -2.70915508
v -0.126802728 -0.306129009 -2.70915508
v -0.0646434128 -0.324984789 -2.70915508
v -0.0646434128 -0.332136095 -2.70915508
v -0.126802728 -0.313280314 -2.70915508
v -0.306128979 -0.126802728 -2.70915508
v -0.275508791 -0.184089065 -2.70915508
v -0.275508791 -0.19124037 -2.70915508
v -0.306128979 -0.133954033 -2.70915508
v 0.0646429956 0.324984848 -2.70915508
v 0 0.331351608 -2.70915508
v 0 0.324200302 -2.70915508
v 0.0646429956 0.317833543 -2.70915508
v 0.275508583 0.184089437 -2.70915508
v 0.234300658 0.234301269 -2.70915508
v 0.234300658 0.227149963 -2.70915508
v 0.275508583 0.176938131 -2.70915508
v 0.324984848 -0.0646432042 -2.70915508
v 0.331351608 3.19443643e-07 -2.70915508
v 0.331351608 -0.00715098856 -2.70915508
v 0.324984848 -0.0717945099 -2.70915508
v 0.184089243 -0.275508702 -2.70915508
v 0.23430112 -0.234300822 -2.70915508
v 0.23430112 -0.241452128 -2.70915508
v 0.184089243 -0.282660007 -2.70915508
v -0.275508791 -0.184089065 -2.70915508
v -0.234300971 -0.234300956 -2.70915508
v -0.234300971 -0.241452262 -2.70915508
v -0.275508791 -0.19124037 -2.70915508
v -0.324984759 0.0646435022 -2.70915508
v -0.331351608 2.51457095e-08 -2.70915508
v -0.331351608 -0.00715128286 -2.70915508
v -0.324984759 0.0574921928 -2.70915508
v -0.184089094 0.275508791 -2.70915508
v -0.234300971 0.234300971 -2.70915508
v -0.234300971 0.227149665 -2.70915508
v -0.184089094 0.268357486 -2.70915508
v -0.0646434128 -0.324984789 -2.70915508
v 1.07968063e-07 -0.331351608 -2.70915508
v 1.07968063e-07 -0.338502914 -2.70915508
v -0.0646434128 -0.332136095 -2.70915508
v 0.234300658 0.227149963 -2.70915508
v 0.184088707 0.268357724 -2.70915508
v 0.277849317 0.408680648 -2.36619544
v 0.353635341 0.34648484 -2.36619544
v 0.331351608 -0.00715098856 -2.70915508
v 0.324984729 0.0574925281 -2.70915508
v 0.490506798 0.0904170424 -2.36619544
v 0.500116527 -0.00715088006 -2.36619544
v 0.23430112 -0.241452128 -2.70915508
v 0.27550894 -0.191240191 -2.70915508
v 0.415831894 -0.28500092 -2.36619544
v 0.353635997 -0.360786915 -2.36619544
v 1.07968063e-07 -0.338502914 -2.70915508
v 0.0646436289 -0.332136035 -2.70915508
v 0.0975681096 -0.497658193 -2.36619544
v 1.82998392e-07 -0.507267892 -2.36619544
v -0.331351608 -0.00715128286 -2.70915508
v -0.324984789 -0.0717947558 -2.70915508
v -0.490506858 -0.104719192 -2.36619544
v -0.500116467 -0.0071513243 -2.36619544
v -0.234300971 0.227149665 -2.70915508
v -0.275508791 0.176937774 -2.70915508
v -0.415831655 0.270698428 -2.36619544
v -0.353635699 0.346484363 -2.36619544
v 0 0.324200302 -2.70915508
v -0.0646434873 0.317833453 -2.70915508
v -0.0975678638 0.483355492 -2.36619544
v 2.00397565e-08 0.492965102 -2.36619544
v -0.234300971 -0.241452262 -2.70915508
v -0.184089079 -0.282660127 -2.70915508
v -0.277849764 -0.42298305 -2.36619544
v -0.353635699 -0.360787123 -2.36619544
v 0.184088707 0.268357724 -2.70915508
v 0.126802325 0.298977852 -2.70915508
v 0.191385642 0.454896301 -2.36619544
v 0.277849317 0.408680648 -2.36619544
v 0.324984729 0.0574925281 -2.70915508
v 0.30612883 0.119651809 -2.70915508
v 0.462047189 0.184235469 -2.36619544
v 0.490506798 0.0904170424 -2.36619544
v 0.27550894 -0.191240191 -2.70915508
v 0.306129098 -0.133953825 -2.70915508
v 0.462047607 -0.19853726 -2.36619544
v 0.415831894 -0.28500092 -2.36619544
v 0.0646436289 -0.332136035 -2.70915508
v 0.126802906 -0.313280225 -2.70915508
v 0.191386536 -0.469198674 -2.36619544
v 0.0975681096 -0.497658193 -2.36619544
v -0.184089079 -0.282660127 -2.70915508
v -0.126802728 -0.313280314 -2.70915508
v -0.191386208 -0.469198823 -2.36619544
v -0.277849764 -0.42298305 -2.36619544
v -0.324984789 -0.0717947558 -2.70915508
v -0.306128979 -0.133954033 -2.70915508
v -0.462047368 -0.198537558 -2.36619544
v -0.490506858 -0.104719192 -2.36619544
v -0.275508791 0.176937774 -2.70915508
v -0.306128949 0.119651452 -2.70915508
v -0.462047338 0.184234947 -2.36619544
v -0.415831655 0.270698428 -2.36619544
v -0.0646434873 0.317833453 -2.70915508
v -0.126802787 0.298977643 -2.70915508
v -0.191386282 0.454896003 -2.36619544
v -0.0975678638 0.483355492 -2.36619544
v 0.126802325 0.298977852 -2.70915508
v 0.0646429956 0.317833543 -2.70915508
v 0.097567156 0.483355641 -2.36619544
v 0.191385642 0.454896301 -2.36619544
v 0.30612883 0.119651809 -2.70915508
v 0.275508583 0.176938131 -2.70915508
v 0.415831357 0.270698965 -2.36619544
v 0.462047189 0.184235469 -2.36619544
v 0.306129098 -0.133953825 -2.70915508
v 0.324984848 -0.0717945099 -2.70915508
v 0.490507007 -0.104718812 -2.36619544
v 0.462047607 -0.19853726 -2.36619544
v 0.126802906 -0.313280225 -2.70915508
v 0.184089243 -0.282660007 -2.70915508
v 0.277850121 -0.422982901 -2.36619544
v 0.191386536 -0.469198674 -2.36619544
v -0.126802728 -0.313280314 -2.70915508
v -0.0646434128 -0.332136095 -2.70915508
v -0.0975677446 -0.497658223 -2.36619544
v -0.191386208 -0.469198823 -2.36619544
v -0.306128979 -0.133954033 -2.70915508
v -0.275508791 -0.19124037 -2.70915508
v -0.415831655 -0.285001189 -2.36619544
v -0.462047368 -0.198537558 -2.36619544
v -0.306128949 0.119651452 -2.70915508
v -0.324984759 0.0574921928 -2.70915508
v -0.490506828 0.0904165506 -2.36619544
v -0.462047338 0.184234947 -2.36619544
v -0.126802787 0.298977643 -2.70915508
v -0.184089094 0.268357486 -2.70915508
v -0.277849823 0.40868026 -2.36619544
v -0.191386282 0.454896003 -2.36619544
v 0.0646429956 0.317833543 -2.70915508
v 0 0.324200302 -2.70915508
v 2.00397565e-08 0.492965102 -2.36619544
v 0.097567156 0.483355641 -2.36619544
v 0.275508583 0.176938131 -2.70915508
v 0.234300658 0.227149963 -2.70915508
v 0.353635341 0.34648484 -2.36619544
v 0.415831357 0.270698965 -2.36619544
v 0.324984848 -0.0717945099 -2.70915508
v 0.331351608 -0.00715098856 -2.70915508
v 0.500116527 -0.00715088006 -2.36619544
v 0.490507007 -0.104718812 -2.36619544
v 0.184089243 -0.282660007 -2.70915508
v 0.23430112 -0.241452128 -2.70915508
v 0.353635997 -0.360786915 -2.36619544
v 0.277850121 -0.422982901 -2.36619544
v -0.184089094 0.268357486 -2.70915508
v -0.234300971 0.227149665 -2.70915508
v -0.353635699 0.346484363 -2.36619544
v -0.277849823 0.40868026 -2.36619544
v -0.0646434128 -0.332136095 -2.70915508
v 1.07968063e-07 -0.338502914 -2.70915508
v 1.82998392e-07 -0.507267892 -2.36619544
v -0.0975677446 -0.497658223 -2.36619544
v -0.275508791 -0.19124037 -2.70915508
v -0.234300971 -0.241452262 -2.70915508
v -0.353635699 -0.360787123 -2.36619544
v -0.415831655 -0.285001189 -2.36619544
v -0.324984759 0.0574921928 -2.70915508
v -0.331351608 -0.00715128286 -2.70915508
v -0.500116467 -0.0071513243 -2.36619544
v -0.490506828 0.0904165506 -2.36619544
v 0.353635341 0.34648484 -2.36619544
v 0.277849317 0.408680648 -2.36619544
v 0.329929203 0.486623973 -2.12894249
v 0.419920534 0.412770182 -2.12894249
v 0.500116527 -0.00715088006 -2.36619544
v 0.490506798 0.0904170424 -2.36619544
v 0.582447112 0.108705185 -2.12894249
v 0.593858063 -0.00715081533 -2.12894249
v 0.353635997 -0.360786915 -2.36619544
v 0.415831894 -0.28500092 -2.36619544
v 0.493775219 -0.337080926 -2.12894249
v 0.419921339 -0.427072197 -2.12894249
v 1.82998392e-07 -0.507267892 -2.36619544
v 0.0975681096 -0.497658193 -2.36619544
v 0.115856223 -0.589598536 -2.12894249
v 2.19786742e-07 -0.601009429 -2.12894249
v -0.353635699 -0.360787123 -2.36619544
v -0.277849764 -0.42298305 -2.36619544
v -0.329929799 -0.500926316 -2.12894249
v -0.419920981 -0.427072436 -2.12894249
v -0.500116467 -0.0071513243 -2.36619544
v -0.490506858 -0.104719192 -2.36619544
v -0.582447231 -0.123007275 -2.12894249
v -0.593858004 -0.00715134293 -2.12894249
v -0.353635699 0.346484363 -2.36619544
v -0.415831655 0.270698428 -2.36619544
v -0.493774891 0.322778434 -2.12894249
v -0.419920981 0.412769645 -2.12894249
v 2.00397565e-08 0.492965102 -2.36619544
v -0.0975678638 0.483355492 -2.36619544
v -0.115855932 0.575295746 -2.12894249
v 2.62832458e-08 0.586706638 -2.12894249
v 0.277849317 0.408680648 -2.36619544
v 0.191385642 0.454896301 -2.36619544
v 0.227258861 0.541502237 -2.12894249
v 0.329929203 0.486623973 -2.12894249
v 0.490506798 0.0904170424 -2.36619544
v 0.462047189 0.184235469 -2.36619544
v 0.548653007 0.220108896 -2.12894249
v 0.582447112 0.108705185 -2.12894249
v 0.415831894 -0.28500092 -2.36619544
v 0.462047607 -0.19853726 -2.36619544
v 0.548653483 -0.234410569 -2.12894249
v 0.493775219 -0.337080926 -2.12894249
v 0.0975681096 -0.497658193 -2.36619544
v 0.191386536 -0.469198674 -2.36619544
v 0.227259919 -0.555804551 -2.12894249
v 0.115856223 -0.589598536 -2.12894249
v -0.0975678638 0.483355492 -2.36619544
v -0.191386282 0.454896003 -2.36619544
v -0.227259621 0.54150188 -2.12894249
v -0.115855932 0.575295746 -2.12894249
v -0.277849764 -0.42298305 -2.36619544
v -0.191386208 -0.469198823 -2.36619544
v -0.227259532 -0.555804789 -2.12894249
v -0.329929799 -0.500926316 -2.12894249
v -0.490506858 -0.104719192 -2.36619544
v -0.462047368 -0.198537558 -2.36619544
v -0.548653305 -0.234410897 -2.12894249
v -0.582447231 -0.123007275 -2.12894249
v -0.415831655 0.270698428 -2.36619544
v -0.462047338 0.184234947 -2.36619544
v -0.548653245 0.220108256 -2.12894249
v -0.493774891 0.322778434 -2.12894249
v 0.191385642 0.454896301 -2.36619544
v 0.097567156 0.483355641 -2.36619544
v 0.115855098 0.575295985 -2.12894249
v 0.227258861 0.541502237 -2.12894249
v 0.462047189 0.184235469 -2.36619544
v 0.415831357 0.270698965 -2.36619544
v 0.493774533 0.322779059 -2.12894249
v 0.548653007 0.220108896 -2.12894249
v 0.462047607 -0.19853726 -2.36619544
v 0.490507007 -0.104718812 -2.36619544
v 0.58244735 -0.123006828 -2.12894249
v 0.548653483 -0.234410569 -2.12894249
v 0.191386536 -0.469198674 -2.36619544
v 0.277850121 -0.422982901 -2.36619544
v 0.329930186 -0.500926137 -2.12894249
v 0.227259919 -0.555804551 -2.12894249
v -0.462047338 0.184234947 -2.36619544
v -0.490506828 0.0904165506 -2.36619544
v -0.582447171 0.108704597 -2.12894249
v -0.548653245 0.220108256 -2.12894249
v -0.191386282 0.454896003 -2.36619544
v -0.277849823 0.40868026 -2.36619544
v -0.329929829 0.486623496 -2.12894249
v -0.227259621 0.54150188 -2.12894249
v -0.191386208 -0.469198823 -2.36619544
v -0.0975677446 -0.497658223 -2.36619544
v -0.115855791 -0.589598596 -2.12894249
v -0.227259532 -0.555804789 -2.12894249
v -0.462047368 -0.198537558 -2.36619544
v -0.415831655 -0.285001189 -2.36619544
v -0.493774891 -0.337081194 -2.12894249
v -0.548653305 -0.234410897 -2.12894249
v 0.097567156 0.483355641 -2.36619544
v 2.00397565e-08 0.492965102 -2.36619544
v 2.62832458e-08 0.586706638 -2.12894249
v 0.115855098 0.575295985 -2.12894249
v 0.415831357 0.270698965 -2.36619544
v 0.353635341 0.34648484 -2.36619544
v 0.419920534 0.412770182 -2.12894249
v 0.493774533 0.322779059 -2.12894249
v 0.490507007 -0.104718812 -2.36619544
v 0.500116527 -0.00715088006 -2.36619544
v 0.593858063 -0.00715081533 -2.12894249
v 0.58244735 -0.123006828 -2.12894249
v 0.277850121 -0.422982901 -2.36619544
v 0.353635997 -0.360786915 -2.36619544
v 0.419921339 -0.427072197 -2.12894249
v 0.329930186 -0.500926137 -2.12894249
v -0.415831655 -0.285001189 -2.36619544
v -0.353635699 -0.360787123 -2.36619544
v -0.419920981 -0.427072436 -2.12894249
v -0.493774891 -0.337081194 -2.12894249
v -0.490506828 0.0904165506 -2.36619544
v -0.500116467 -0.0071513243 -2.36619544
v -0.593858004 -0.00715134293 -2.12894249
v -0.582447171 0.108704597 -2.12894249
v -0.277849823 0.40868026 -2.36619544
v -0.353635699 0.346484363 -2.36619544
v -0.419920981 0.412769645 -2.12894249
v -0.329929829 0.486623496 -2.12894249
v -0.0975677446 -0.497658223 -2.36619544
v 1.82998392e-07 -0.507267892 -2.36619544
v 2.19786742e-07 -0.601009429 -2.12894249
v -0.115855791 -0.589598596 -2.12894249
v 0.419920534 0.412770182 -2.12894249
v 0.329929203 0.486623973 -2.12894249
v 0.379487574 0.560793459 -1.84480262
v 0.482996404 0.475846171 -1.84480262
v 0.593858063 -0.00715081533 -2.12894249
v 0.582447112 0.108705185 -2.12894249
v 0.669935882 0.126107857 -1.84480262
v 0.683060944 -0.00715075526 -1.84480262
v 0.419921339 -0.427072197 -2.12894249
v 0.493775219 -0.337080926 -2.12894249
v 0.567944705 -0.386639327 -1.84480262
v 0.482997358 -0.490148127 -1.84480262
v 2.19786742e-07 -0.601009429 -2.12894249
v 0.115856223 -0.589598536 -2.12894249
v 0.133258879 -0.677087486 -1.84480262
v 2.51734548e-07 -0.690212369 -1.84480262
v -0.419920981 -0.427072436 -2.12894249
v -0.329929799 -0.500926316 -2.12894249
v -0.37948823 -0.575095832 -1.84480262
v -0.482996941 -0.490148365 -1.84480262
v -0.593858004 -0.00715134293 -2.12894249
v -0.582447231 -0.123007275 -2.12894249
v -0.66993618 -0.140409902 -1.84480262
v -0.683060884 -0.00715136249 -1.84480262
v -0.419920981 0.412769645 -2.12894249
v -0.493774891 0.322778434 -2.12894249
v -0.567944348 0.372336894 -1.84480262
v -0.482996941 0.475845546 -1.84480262
v 2.62832458e-08 0.586706638 -2.12894249
v -0.115855932 0.575295746 -2.12894249
v -0.133258551 0.662784517 -1.84480262
v 2.91650863e-08 0.67590946 -1.84480262
v 0.329929203 0.486623973 -2.12894249
v 0.227258861 0.541502237 -2.12894249
v 0.261395216 0.623914957 -1.84480262
v 0.379487574 0.560793459 -1.84480262
v 0.582447112 0.108705185 -2.12894249
v 0.548653007 0.220108896 -2.12894249
v 0.631065726 0.2542454 -1.84480262
v 0.669935882 0.126107857 -1.84480262
v 0.493775219 -0.337080926 -2.12894249
v 0.548653483 -0.234410569 -2.12894249
v 0.631066203 -0.268546999 -1.84480262
v 0.567944705 -0.386639327 -1.84480262
v 0.115856223 -0.589598536 -2.12894249
v 0.227259919 -0.555804551 -2.12894249
v 0.261396438 -0.63821727 -1.84480262
v 0.133258879 -0.677087486 -1.84480262
v -0.329929799 -0.500926316 -2.12894249
v -0.227259532 -0.555804789 -2.12894249
v -0.261395961 -0.638217509 -1.84480262
v -0.37948823 -0.575095832 -1.84480262
v -0.582447231 -0.123007275 -2.12894249
v -0.548653305 -0.234410897 -2.12894249
v -0.631065965 -0.268547386 -1.84480262
v -0.66993618 -0.140409902 -1.84480262
v -0.493774891 0.322778434 -2.12894249
v -0.548653245 0.220108256 -2.12894249
v -0.631065965 0.254244685 -1.84480262
v -0.567944348 0.372336894 -1.84480262
v -0.115855932 0.575295746 -2.12894249
v -0.227259621 0.54150188 -2.12894249
v -0.26139608 0.62391454 -1.84480262
v -0.133258551 0.662784517 -1.84480262
v 0.227258861 0.541502237 -2.12894249
v 0.115855098 0.575295985 -2.12894249
v 0.133257568 0.662784755 -1.84480262
v 0.261395216 0.623914957 -1.84480262
v 0.548653007 0.220108896 -2.12894249
v 0.493774533 0.322779059 -2.12894249
v 0.567943931 0.37233758 -1.84480262
v 0.631065726 0.2542454 -1.84480262
v 0.548653483 -0.234410569 -2.12894249
v 0.58244735 -0.123006828 -2.12894249
v 0.66993618 -0.140409395 -1.84480262
v 0.631066203 -0.268546999 -1.84480262
v 0.227259919 -0.555804551 -2.12894249
v 0.329930186 -0.500926137 -2.12894249
v 0.379488677 -0.575095594 -1.84480262
v 0.261396438 -0.63821727 -1.84480262
v -0.227259621 0.54150188 -2.12894249
v -0.329929829 0.486623496 -2.12894249
v -0.37948826 0.560792923 -1.84480262
v -0.26139608 0.62391454 -1.84480262
v -0.227259532 -0.555804789 -2.12894249
v -0.115855791 -0.589598596 -2.12894249
v -0.133258387 -0.677087486 -1.84480262
v -0.261395961 -0.638217509 -1.84480262
v -0.548653305 -0.234410897 -2.12894249
v -0.493774891 -0.337081194 -2.12894249
v -0.567944348 -0.386639625 -1.84480262
v -0.631065965 -0.268547386 -1.84480262
v -0.548653245 0.220108256 -2.12894249
v -0.582447171 0.108704597 -2.12894249
v -0.669936061 0.126107186 -1.84480262
v -0.631065965 0.254244685 -1.84480262
v 0.115855098 0.575295985 -2.12894249
v 2.62832458e-08 0.586706638 -2.12894249
v 2.91650863e-08 0.67590946 -1.84480262
v 0.133257568 0.662784755 -1.84480262
v 0.493774533 0.322779059 -2.12894249
v 0.419920534 0.412770182 -2.12894249
v 0.482996404 0.475846171 -1.84480262
v 0.567943931 0.37233758 -1.84480262
v 0.58244735 -0.123006828 -2.12894249
v 0.593858063 -0.00715081533 -2.12894249
v 0.683060944 -0.00715075526 -1.84480262
v 0.66993618 -0.140409395 -1.84480262
v 0.329930186 -0.500926137 -2.12894249
v 0.419921339 -0.427072197 -2.12894249
v 0.482997358 -0.490148127 -1.84480262
v 0.379488677 -0.575095594 -1.84480262
v -0.582447171 0.108704597 -2.12894249
v -0.593858004 -0.00715134293 -2.12894249
v -0.683060884 -0.00715136249 -1.84480262
v -0.669936061 0.126107186 -1.84480262
v -0.329929829 0.486623496 -2.12894249
v -0.419920981 0.412769645 -2.12894249
v -0.482996941 0.475845546 -1.84480262
v -0.37948826 0.560792923 -1.84480262
v -0.115855791 -0.589598596 -2.12894249
v 2.19786742e-07 -0.601009429 -2.12894249
v 2.51734548e-07 -0.690212369 -1.84480262
v -0.133258387 -0.677087486 -1.84480262
v -0.493774891 -0.337081194 -2.12894249
v -0.419920981 -0.427072436 -2.12894249
v -0.482996941 -0.490148365 -1.84480262
v -0.567944348 -0.386639625 -1.84480262
v 0.482996404 0.475846171 -1.84480262
v 0.379487574 0.560793459 -1.84480262
v 0.42892167 0.63477695 -1.48286247
v 0.545914054 0.538764 -1.48286247
v 0.683060944 -0.00715075526 -1.84480262
v 0.669935882 0.126107857 -1.84480262
v 0.757205307 0.143466905 -1.48286247
v 0.772040069 -0.00715069799 -1.48286247
v 0.482997358 -0.490148127 -1.84480262
v 0.567944705 -0.386639327 -1.84480262
v 0.641928196 -0.436073482 -1.48286247
v 0.545915186 -0.553065896 -1.48286247
v 2.51734548e-07 -0.690212369 -1.84480262
v 0.133258879 -0.677087486 -1.84480262
v 0.150617898 -0.764356971 -1.48286247
v 2.86818192e-07 -0.779191613 -1.48286247
v -0.683060884 -0.00715136249 -1.84480262
v -0.66993618 -0.140409902 -1.84480262
v -0.757205606 -0.15776889 -1.48286247
v -0.772040009 -0.00715138437 -1.48286247
v -0.482996941 0.475845546 -1.84480262
v -0.567944348 0.372336894 -1.84480262
v -0.641927838 0.42177102 -1.48286247
v -0.54591471 0.538763285 -1.48286247
v 2.91650863e-08 0.67590946 -1.84480262
v -0.133258551 0.662784517 -1.84480262
v -0.15061751 0.750054002 -1.48286247
v 3.52556526e-08 0.764888585 -1.48286247
v -0.482996941 -0.490148365 -1.84480262
v -0.37948823 -0.575095832 -1.84480262
v -0.428922385 -0.649079323 -1.48286247
v -0.54591471 -0.553066194 -1.48286247
v 0.379487574 0.560793459 -1.84480262
v 0.261395216 0.623914957 -1.84480262
v 0.295445979 0.706120968 -1.48286247
v 0.42892167 0.63477695 -1.48286247
v 0.669935882 0.126107857 -1.84480262
v 0.631065726 0.2542454 -1.84480262
v 0.713271677 0.288296312 -1.48286247
v 0.757205307 0.143466905 -1.48286247
v 0.567944705 -0.386639327 -1.84480262
v 0.631066203 -0.268546999 -1.84480262
v 0.713272274 -0.302597821 -1.48286247
v 0.641928196 -0.436073482 -1.48286247
v 0.133258879 -0.677087486 -1.84480262
v 0.261396438 -0.63821727 -1.84480262
v 0.29544732 -0.7204234 -1.48286247
v 0.150617898 -0.764356971 -1.48286247
v -0.37948823 -0.575095832 -1.84480262
v -0.261395961 -0.638217509 -1.84480262
v -0.295446783 -0.720423639 -1.48286247
v -0.428922385 -0.649079323 -1.48286247
v -0.66993618 -0.140409902 -1.84480262
v -0.631065965 -0.268547386 -1.84480262
v -0.713272035 -0.302598238 -1.48286247
v -0.757205606 -0.15776889 -1.48286247
v -0.567944348 0.372336894 -1.84480262
v -0.631065965 0.254244685 -1.84480262
v -0.713272035 0.288295507 -1.48286247
v -0.641927838 0.42177102 -1.48286247
v -0.133258551 0.662784517 -1.84480262
v -0.26139608 0.62391454 -1.84480262
v -0.295446903 0.706120491 -1.48286247
v -0.15061751 0.750054002 -1.48286247
v 0.261395216 0.623914957 -1.84480262
v 0.133257568 0.662784755 -1.84480262
v 0.150616422 0.750054181 -1.48286247
v 0.295445979 0.706120968 -1.48286247
v 0.631065726 0.2542454 -1.84480262
v 0.567943931 0.37233758 -1.84480262
v 0.641927361 0.421771854 -1.48286247
v 0.713271677 0.288296312 -1.48286247
v 0.631066203 -0.268546999 -1.84480262
v 0.66993618 -0.140409395 -1.84480262
v 0.757205725 -0.157768324 -1.48286247
v 0.713272274 -0.302597821 -1.48286247
v 0.261396438 -0.63821727 -1.84480262
v 0.379488677 -0.575095594 -1.84480262
v 0.428922892 -0.649079025 -1.48286247
v 0.29544732 -0.7204234 -1.48286247
v -0.261395961 -0.638217509 -1.84480262
v -0.133258387 -0.677087486 -1.84480262
v -0.150617346 -0.764356971 -1.48286247
v -0.295446783 -0.720423639 -1.48286247
v -0.631065965 -0.268547386 -1.84480262
v -0.567944348 -0.386639625 -1.84480262
v -0.641927838 -0.43607384 -1.48286247
v -0.713272035 -0.302598238 -1.48286247
v -0.631065965 0.254244685 -1.84480262
v -0.669936061 0.126107186 -1.84480262
v -0.757205486 0.14346613 -1.48286247
v -0.713272035 0.288295507 -1.48286247
v -0.26139608 0.62391454 -1.84480262
v -0.37948826 0.560792923 -1.84480262
v -0.428922445 0.634776354 -1.48286247
v -0.295446903 0.706120491 -1.48286247
v 0.133257568 0.662784755 -1.84480262
v 2.91650863e-08 0.67590946 -1.84480262
v 3.52556526e-08 0.764888585 -1.48286247
v 0.150616422 0.750054181 -1.48286247
v 0.567943931 0.37233758 -1.84480262
v 0.482996404 0.475846171 -1.84480262
v 0.545914054 0.538764 -1.48286247
v 0.641927361 0.421771854 -1.48286247
v 0.66993618 -0.140409395 -1.84480262
v 0.683060944 -0.00715075526 -1.84480262
v 0.772040069 -0.00715069799 -1.48286247
v 0.757205725 -0.157768324 -1.48286247
v 0.379488677 -0.575095594 -1.84480262
v 0.482997358 -0.490148127 -1.84480262
v 0.545915186 -0.553065896 -1.48286247
v 0.428922892 -0.649079025 -1.48286247
v -0.37948826 0.560792923 -1.84480262
v -0.482996941 0.475845546 -1.84480262
v -0.54591471 0.538763285 -1.48286247
v -0.428922445 0.634776354 -1.48286247
v -0.133258387 -0.677087486 -1.84480262
v 2.51734548e-07 -0.690212369 -1.84480262
v 2.86818192e-07 -0.779191613 -1.48286247
v -0.150617346 -0.764356971 -1.48286247
v -0.567944348 -0.386639625 -1.84480262
v -0.482996941 -0.490148365 -1.84480262
v -0.54591471 -0.553066194 -1.48286247
v -0.641927838 -0.43607384 -1.48286247
v -0.669936061 0.126107186 -1.84480262
v -0.683060884 -0.00715136249 -1.84480262
v -0.772040009 -0.00715138437 -1.48286247
v -0.757205486 0.14346613 -1.48286247
v 0.545914054 0.538764 -1.48286247
v 0.42892167 0.63477695 -1.48286247
v 0.454451501 0.672985137 -1.13445318
v 0.578407407 0.571257412 -1.13445318
v 0.772040069 -0.00715069799 -1.48286247
v 0.757205307 0.143466905 -1.48286247
v 0.802274883 0.152431846 -1.13445318
v 0.817992628 -0.00715066772 -1.13445318
v 0.545915186 -0.553065896 -1.48286247
v 0.641928196 -0.436073482 -1.48286247
v 0.680136383 -0.461603373 -1.13445318
v 0.578408539 -0.585559249 -1.13445318
v 2.86818192e-07 -0.779191613 -1.48286247
v 0.150617898 -0.764356971 -1.48286247
v 0.159582809 -0.809426606 -1.13445318
v 3.05340961e-07 -0.825144172 -1.13445318
v -0.54591471 0.538763285 -1.48286247
v -0.641927838 0.42177102 -1.48286247
v -0.680135965 0.447300911 -1.13445318
v -0.578408122 0.571256697 -1.13445318
v 3.52556526e-08 0.764888585 -1.48286247
v -0.15061751 0.750054002 -1.48286247
v -0.159582406 0.795123518 -1.13445318
v 3.88051618e-08 0.810841143 -1.13445318
v -0.54591471 -0.553066194 -1.48286247
v -0.428922385 -0.649079323 -1.48286247
v -0.454452276 -0.687287569 -1.13445318
v -0.578408122 -0.585559547 -1.13445318
v -0.772040009 -0.00715138437 -1.48286247
v -0.757205606 -0.15776889 -1.48286247
v -0.80227524 -0.166733801 -1.13445318
v -0.817992568 -0.00715139462 -1.13445318
v 0.42892167 0.63477695 -1.48286247
v 0.295445979 0.706120968 -1.48286247
v 0.313031197 0.748575628 -1.13445318
v 0.454451501 0.672985137 -1.13445318
v 0.757205307 0.143466905 -1.48286247
v 0.713271677 0.288296312 -1.48286247
v 0.755726337 0.305881649 -1.13445318
v 0.802274883 0.152431846 -1.13445318
v 0.641928196 -0.436073482 -1.48286247
v 0.713272274 -0.302597821 -1.48286247
v 0.755726874 -0.320183098 -1.13445318
v 0.680136383 -0.461603373 -1.13445318
v 0.150617898 -0.764356971 -1.48286247
v 0.29544732 -0.7204234 -1.48286247
v 0.313032627 -0.76287806 -1.13445318
v 0.159582809 -0.809426606 -1.13445318
v -0.757205606 -0.15776889 -1.48286247
v -0.713272035 -0.302598238 -1.48286247
v -0.755726695 -0.320183516 -1.13445318
v -0.80227524 -0.166733801 -1.13445318
v -0.641927838 0.42177102 -1.48286247
v -0.713272035 0.288295507 -1.48286247
v -0.755726695 0.305880785 -1.13445318
v -0.680135965 0.447300911 -1.13445318
v -0.15061751 0.750054002 -1.48286247
v -0.295446903 0.706120491 -1.48286247
v -0.31303221 0.748575151 -1.13445318
v -0.159582406 0.795123518 -1.13445318
v -0.428922385 -0.649079323 -1.48286247
v -0.295446783 -0.720423639 -1.48286247
v -0.313032061 -0.762878239 -1.13445318
v -0.454452276 -0.687287569 -1.13445318
v 0.295445979 0.706120968 -1.48286247
v 0.150616422 0.750054181 -1.48286247
v 0.159581259 0.795123756 -1.13445318
v 0.313031197 0.748575628 -1.13445318
v 0.713271677 0.288296312 -1.48286247
v 0.641927361 0.421771854 -1.48286247
v 0.680135489 0.447301775 -1.13445318
v 0.755726337 0.305881649 -1.13445318
v 0.713272274 -0.302597821 -1.48286247
v 0.757205725 -0.157768324 -1.48286247
v 0.80227536 -0.166733205 -1.13445318
v 0.755726874 -0.320183098 -1.13445318
v 0.29544732 -0.7204234 -1.48286247
v 0.428922892 -0.649079025 -1.48286247
v 0.454452813 -0.687287211 -1.13445318
v 0.313032627 -0.76287806 -1.13445318
v -0.295446783 -0.720423639 -1.48286247
v -0.150617346 -0.764356971 -1.48286247
v -0.159582227 -0.809426606 -1.13445318
v -0.313032061 -0.762878239 -1.13445318
v -0.713272035 -0.302598238 -1.48286247
v -0.641927838 -0.43607384 -1.48286247
v -0.680135965 -0.461603731 -1.13445318
v -0.755726695 -0.320183516 -1.13445318
v -0.713272035 0.288295507 -1.48286247
v -0.757205486 0.14346613 -1.48286247
v -0.802275062 0.152431011 -1.13445318
v -0.755726695 0.305880785 -1.13445318
v -0.295446903 0.706120491 -1.48286247
v -0.428922445 0.634776354 -1.48286247
v -0.454452306 0.67298454 -1.13445318
v -0.31303221 0.748575151 -1.13445318
v 0.150616422 0.750054181 -1.48286247
v 3.52556526e-08 0.764888585 -1.48286247
v 3.88051618e-08 0.810841143 -1.13445318
v 0.159581259 0.795123756 -1.13445318
v 0.641927361 0.421771854 -1.48286247
v 0.545914054 0.538764 -1.48286247
v 0.578407407 0.571257412 -1.13445318
v 0.680135489 0.447301775 -1.13445318
v 0.757205725 -0.157768324 -1.48286247
v 0.772040069 -0.00715069799 -1.48286247
v 0.817992628 -0.00715066772 -1.13445318
v 0.80227536 -0.166733205 -1.13445318
v 0.428922892 -0.649079025 -1.48286247
v 0.545915186 -0.553065896 -1.48286247
v 0.578408539 -0.585559249 -1.13445318
v 0.454452813 -0.687287211 -1.13445318
v -0.150617346 -0.764356971 -1.48286247
v 2.86818192e-07 -0.779191613 -1.48286247
v 3.05340961e-07 -0.825144172 -1.13445318
v -0.159582227 -0.809426606 -1.13445318
v -0.641927838 -0.43607384 -1.48286247
v -0.54591471 -0.553066194 -1.48286247
v -0.578408122 -0.585559547 -1.13445318
v -0.680135965 -0.461603731 -1.13445318
v -0.757205486 0.14346613 -1.48286247
v -0.772040009 -0.00715138437 -1.48286247
v -0.817992568 -0.00715139462 -1.13445318
v -0.802275062 0.152431011 -1.13445318
v -0.428922445 0.634776354 -1.48286247
v -0.54591471 0.538763285 -1.48286247
v -0.578408122 0.571256697 -1.13445318
v -0.454452306 0.67298454 -1.13445318
v 0.578407407 0.571257412 -1.13445318
v 0.454451501 0.672985137 -1.13445318
v 0.444312692 0.657811284 -0.757291436
v 0.56550312 0.558353126 -0.757291436
v 0.817992628 -0.00715066772 -1.13445318
v 0.802274883 0.152431846 -1.13445318
v 0.784376085 0.148871541 -0.757291436
v 0.799743235 -0.00715067983 -0.757291436
v 0.578408539 -0.585559249 -1.13445318
v 0.680136383 -0.461603373 -1.13445318
v 0.66496259 -0.451464534 -0.757291436
v 0.565504253 -0.572654963 -0.757291436
v 3.05340961e-07 -0.825144172 -1.13445318
v 0.159582809 -0.809426606 -1.13445318
v 0.156022519 -0.791527808 -0.757291436
v 2.97220708e-07 -0.806894779 -0.757291436
v 3.88051618e-08 0.810841143 -1.13445318
v -0.159582406 0.795123518 -1.13445318
v -0.156022131 0.77722472 -0.757291436
v 3.66313131e-08 0.792591751 -0.757291436
v -0.578408122 -0.585559547 -1.13445318
v -0.454452276 -0.687287569 -1.13445318
v -0.444313437 -0.672113717 -0.757291436
v -0.565503836 -0.572655201 -0.757291436
v -0.817992568 -0.00715139462 -1.13445318
v -0.80227524 -0.166733801 -1.13445318
v -0.784376442 -0.163173512 -0.757291436
v -0.799743176 -0.00715139089 -0.757291436
v -0.578408122 0.571256697 -1.13445318
v -0.680135965 0.447300911 -1.13445318
v -0.664962113 0.437162071 -0.757291436
v -0.565503836 0.558352411 -0.757291436
v 0.454451501 0.672985137 -1.13445318
v 0.313031197 0.748575628 -1.13445318
v 0.306047469 0.731715381 -0.757291436
v 0.444312692 0.657811284 -0.757291436
v 0.802274883 0.152431846 -1.13445318
v 0.755726337 0.305881649 -1.13445318
v 0.738866091 0.298897862 -0.757291436
v 0.784376085 0.148871541 -0.757291436
v 0.680136383 -0.461603373 -1.13445318
v 0.755726874 -0.320183098 -1.13445318
v 0.738866627 -0.313199341 -0.757291436
v 0.66496259 -0.451464534 -0.757291436
v 0.159582809 -0.809426606 -1.13445318
v 0.313032627 -0.76287806 -1.13445318
v 0.30604887 -0.746017754 -0.757291436
v 0.156022519 -0.791527808 -0.757291436
v -0.680135965 0.447300911 -1.13445318
v -0.755726695 0.305880785 -1.13445318
v -0.738866448 0.298897028 -0.757291436
v -0.664962113 0.437162071 -0.757291436
v -0.159582406 0.795123518 -1.13445318
v -0.31303221 0.748575151 -1.13445318
v -0.306048453 0.731714904 -0.757291436
v -0.156022131 0.77722472 -0.757291436
v -0.454452276 -0.687287569 -1.13445318
v -0.313032061 -0.762878239 -1.13445318
v -0.306048304 -0.746017992 -0.757291436
v -0.444313437 -0.672113717 -0.757291436
v -0.80227524 -0.166733801 -1.13445318
v -0.755726695 -0.320183516 -1.13445318
v -0.738866448 -0.313199759 -0.757291436
v -0.784376442 -0.163173512 -0.757291436
v 0.313031197 0.748575628 -1.13445318
v 0.159581259 0.795123756 -1.13445318
v 0.156020999 0.777224958 -0.757291436
v 0.306047469 0.731715381 -0.757291436
v 0.755726337 0.305881649 -1.13445318
v 0.680135489 0.447301775 -1.13445318
v 0.664961636 0.437162906 -0.757291436
v 0.738866091 0.298897862 -0.757291436
v 0.755726874 -0.320183098 -1.13445318
v 0.80227536 -0.166733205 -1.13445318
v 0.784376562 -0.16317293 -0.757291436
v 0.738866627 -0.313199341 -0.757291436
v 0.313032627 -0.76287806 -1.13445318
v 0.454452813 -0.687287211 -1.13445318
v 0.444313943 -0.672113359 -0.757291436
v 0.30604887 -0.746017754 -0.757291436
v -0.755726695 -0.320183516 -1.13445318
v -0.680135965 -0.461603731 -1.13445318
v -0.664962113 -0.451464891 -0.757291436
v -0.738866448 -0.313199759 -0.757291436
v -0.755726695 0.305880785 -1.13445318
v -0.802275062 0.152431011 -1.13445318
v -0.784376264 0.148870721 -0.757291436
v -0.738866448 0.298897028 -0.757291436
v -0.31303221 0.748575151 -1.13445318
v -0.454452306 0.67298454 -1.13445318
v -0.444313496 0.657810688 -0.757291436
v -0.306048453 0.731714904 -0.757291436
v -0.313032061 -0.762878239 -1.13445318
v -0.159582227 -0.809426606 -1.13445318
v -0.156021938 -0.791527808 -0.757291436
v -0.306048304 -0.746017992 -0.757291436
v 0.159581259 0.795123756 -1.13445318
v 3.88051618e-08 0.810841143 -1.13445318
v 3.66313131e-08 0.792591751 -0.757291436
v 0.156020999 0.777224958 -0.757291436
v 0.680135489 0.447301775 -1.13445318
v 0.578407407 0.571257412 -1.13445318
v 0.56550312 0.558353126 -0.757291436
v 0.664961636 0.437162906 -0.757291436
v 0.80227536 -0.166733205 -1.13445318
v 0.817992628 -0.00715066772 -1.13445318
v 0.799743235 -0.00715067983 -0.757291436
v 0.784376562 -0.16317293 -0.757291436
v 0.454452813 -0.687287211 -1.13445318
v 0.578408539 -0.585559249 -1.13445318
v 0.565504253 -0.572654963 -0.757291436
v 0.444313943 -0.672113359 -0.757291436
v -0.159582227 -0.809426606 -1.13445318
v 3.05340961e-07 -0.825144172 -1.13445318
v 2.97220708e-07 -0.806894779 -0.757291436
v -0.156021938 -0.791527808 -0.757291436
v -0.680135965 -0.461603731 -1.13445318
v -0.578408122 -0.585559547 -1.13445318
v -0.565503836 -0.572655201 -0.757291436
v -0.664962113 -0.451464891 -0.757291436
v -0.802275062 0.152431011 -1.13445318
v -0.817992568 -0.00715139462 -1.13445318
v -0.799743176 -0.00715139089 -0.757291436
v -0.784376264 0.148870721 -0.757291436
v -0.454452306 0.67298454 -1.13445318
v -0.578408122 0.571256697 -1.13445318
v -0.565503836 0.558352411 -0.757291436
v -0.444313496 0.657810688 -0.757291436
v 0.56550312 0.558353126 -0.757291436
v 0.444312692 0.657811284 -0.757291436
v 0.411041468 0.608017385 -0.402116597
v 0.523156881 0.516006827 -0.402116597
v 0.799743235 -0.00715067983 -0.757291436
v 0.784376085 0.148871541 -0.757291436
v 0.725640059 0.137188196 -0.402116597
v 0.739856482 -0.00715071941 -0.402116597
v 0.565504253 -0.572654963 -0.757291436
v 0.66496259 -0.451464534 -0.757291436
v 0.615168571 -0.418193281 -0.402116597
v 0.523157954 -0.530308723 -0.402116597
v 2.97220708e-07 -0.806894779 -0.757291436
v 0.156022519 -0.791527808 -0.757291436
v 0.144339174 -0.732791841 -0.402116597
v 2.72861257e-07 -0.747008026 -0.402116597
v -0.565503836 -0.572655201 -0.757291436
v -0.444313437 -0.672113717 -0.757291436
v -0.411042213 -0.622319698 -0.402116597
v -0.523157537 -0.530308902 -0.402116597
v -0.799743176 -0.00715139089 -0.757291436
v -0.784376442 -0.163173512 -0.757291436
v -0.725640416 -0.151490182 -0.402116597
v -0.739856482 -0.00715137739 -0.402116597
v -0.565503836 0.558352411 -0.757291436
v -0.664962113 0.437162071 -0.757291436
v -0.615168214 0.403890818 -0.402116597
v -0.523157537 0.516006172 -0.402116597
v 3.66313131e-08 0.792591751 -0.757291436
v -0.156022131 0.77722472 -0.757291436
v -0.144338816 0.718488812 -0.402116597
v 3.17854116e-08 0.732705116 -0.402116597
v 0.444312692 0.657811284 -0.757291436
v 0.306047469 0.731715381 -0.757291436
v 0.283129901 0.67638731 -0.402116597
v 0.411041468 0.608017385 -0.402116597
v 0.784376085 0.148871541 -0.757291436
v 0.738866091 0.298897862 -0.757291436
v 0.68353802 0.275980175 -0.402116597
v 0.725640059 0.137188196 -0.402116597
v 0.66496259 -0.451464534 -0.757291436
v 0.738866627 -0.313199341 -0.757291436
v 0.683538556 -0.290281713 -0.402116597
v 0.615168571 -0.418193281 -0.402116597
v 0.156022519 -0.791527808 -0.757291436
v 0.30604887 -0.746017754 -0.757291436
v 0.283131182 -0.690689683 -0.402116597
v 0.144339174 -0.732791841 -0.402116597
v -0.156022131 0.77722472 -0.757291436
v -0.306048453 0.731714904 -0.757291436
v -0.283130825 0.676386833 -0.402116597
v -0.144338816 0.718488812 -0.402116597
v -0.444313437 -0.672113717 -0.757291436
v -0.306048304 -0.746017992 -0.757291436
v -0.283130676 -0.690689921 -0.402116597
v -0.411042213 -0.622319698 -0.402116597
v -0.784376442 -0.163173512 -0.757291436
v -0.738866448 -0.313199759 -0.757291436
v -0.683538377 -0.29028213 -0.402116597
v -0.725640416 -0.151490182 -0.402116597
v -0.664962113 0.437162071 -0.757291436
v -0.738866448 0.298897028 -0.757291436
v -0.683538377 0.2759794 -0.402116597
v -0.615168214 0.403890818 -0.402116597
v 0.306047469 0.731715381 -0.757291436
v 0.156020999 0.777224958 -0.757291436
v 0.144337773 0.718488991 -0.402116597
v 0.283129901 0.67638731 -0.402116597
v 0.738866091 0.298897862 -0.757291436
v 0.664961636 0.437162906 -0.757291436
v 0.615167737 0.403891623 -0.402116597
v 0.68353802 0.275980175 -0.402116597
v 0.738866627 -0.313199341 -0.757291436
v 0.784376562 -0.16317293 -0.757291436
v 0.725640535 -0.151489645 -0.402116597
v 0.683538556 -0.290281713 -0.402116597
v 0.30604887 -0.746017754 -0.757291436
v 0.444313943 -0.672113359 -0.757291436
v 0.41104266 -0.6223194 -0.402116597
v 0.283131182 -0.690689683 -0.402116597
v -0.738866448 0.298897028 -0.757291436
v -0.784376264 0.148870721 -0.757291436
v -0.725640297 0.137187436 -0.402116597
v -0.683538377 0.2759794 -0.402116597
v -0.306048453 0.731714904 -0.757291436
v -0.444313496 0.657810688 -0.757291436
v -0.411042243 0.608016789 -0.402116597
v -0.283130825 0.676386833 -0.402116597
v -0.306048304 -0.746017992 -0.757291436
v -0.156021938 -0.791527808 -0.757291436
v -0.144338652 -0.732791841 -0.402116597
v -0.283130676 -0.690689921 -0.402116597
v -0.738866448 -0.313199759 -0.757291436
v -0.664962113 -0.451464891 -0.757291436
v -0.615168214 -0.418193609 -0.402116597
v -0.683538377 -0.29028213 -0.402116597
v 0.156020999 0.777224958 -0.757291436
v 3.66313131e-08 0.792591751 -0.757291436
v 3.17854116e-08 0.732705116 -0.402116597
v 0.144337773 0.718488991 -0.402116597
v 0.664961636 0.437162906 -0.757291436
v 0.56550312 0.558353126 -0.757291436
v 0.523156881 0.516006827 -0.402116597
v 0.615167737 0.403891623 -0.402116597
v 0.784376562 -0.16317293 -0.757291436
v 0.799743235 -0.00715067983 -0.757291436
v 0.739856482 -0.00715071941 -0.402116597
v 0.725640535 -0.151489645 -0.402116597
v 0.444313943 -0.672113359 -0.757291436
v 0.565504253 -0.572654963 -0.757291436
v 0.523157954 -0.530308723 -0.402116597
v 0.41104266 -0.6223194 -0.402116597
v -0.664962113 -0.451464891 -0.757291436
v -0.565503836 -0.572655201 -0.757291436
v -0.523157537 -0.530308902 -0.402116597
v -0.615168214 -0.418193609 -0.402116597
v -0.784376264 0.148870721 -0.757291436
v -0.799743176 -0.00715139089 -0.757291436
v -0.739856482 -0.00715137739 -0.402116597
v -0.725640297 0.137187436 -0.402116597
v -0.444313496 0.657810688 -0.757291436
v -0.565503836 0.558352411 -0.757291436
v -0.523157537 0.516006172 -0.402116597
v -0.411042243 0.608016789 -0.402116597
v -0.156021938 -0.791527808 -0.757291436
v 2.97220708e-07 -0.806894779 -0.757291436
v 2.72861257e-07 -0.747008026 -0.402116597
v -0.144338652 -0.732791841 -0.402116597
v 0.523156881 0.516006827 -0.402116597
v 0.411041468 0.608017385 -0.402116597
v 0.359514624 0.530901849 -0.139963657
v 0.457575619 0.450425386 -0.139963657
v 0.739856482 -0.00715071941 -0.402116597
v 0.725640059 0.137188196 -0.402116597
v 0.634676158 0.119094253 -0.139963657
v 0.647110462 -0.00715078134 -0.139963657
v 0.523157954 -0.530308723 -0.402116597
v 0.615168571 -0.418193281 -0.402116597
v 0.538052976 -0.366666347 -0.139963657
v 0.457576543 -0.464727312 -0.139963657
v 2.72861257e-07 -0.747008026 -0.402116597
v 0.144339174 -0.732791841 -0.402116597
v 0.12624526 -0.641827762 -0.139963657
v 2.3637385e-07 -0.654261887 -0.139963657
v -0.523157537 -0.530308902 -0.402116597
v -0.411042213 -0.622319698 -0.402116597
v -0.35951522 -0.545204043 -0.139963657
v -0.457576156 -0.464727551 -0.139963657
v -0.739856482 -0.00715137739 -0.402116597
v -0.725640416 -0.151490182 -0.402116597
v -0.634676397 -0.133396298 -0.139963657
v -0.647110343 -0.0071513569 -0.139963657
v -0.523157537 0.516006172 -0.402116597
v -0.615168214 0.403890818 -0.402116597
v -0.538052619 0.352363884 -0.139963657
v -0.457576156 0.450424761 -0.139963657
v 3.17854116e-08 0.732705116 -0.402116597
v -0.144338816 0.718488812 -0.402116597
v -0.126244962 0.627524912 -0.139963657
v 2.551851e-08 0.639959097 -0.139963657
v 0.411041468 0.608017385 -0.402116597
v 0.283129901 0.67638731 -0.402116597
v 0.2476376 0.590701103 -0.139963657
v 0.359514624 0.530901849 -0.139963657
v 0.725640059 0.137188196 -0.402116597
v 0.68353802 0.275980175 -0.402116597
v 0.597851872 0.240487739 -0.139963657
v 0.634676158 0.119094253 -0.139963657
v 0.615168571 -0.418193281 -0.402116597
v 0.683538556 -0.290281713 -0.402116597
v 0.597852349 -0.254789382 -0.139963657
v 0.538052976 -0.366666347 -0.139963657
v 0.144339174 -0.732791841 -0.402116597
v 0.283131182 -0.690689683 -0.402116597
v 0.247638732 -0.605003476 -0.139963657
v 0.12624526 -0.641827762 -0.139963657
v -0.411042213 -0.622319698 -0.402116597
v -0.283130676 -0.690689921 -0.402116597
v -0.24763833 -0.605003655 -0.139963657
v -0.35951522 -0.545204043 -0.139963657
v -0.725640416 -0.151490182 -0.402116597
v -0.683538377 -0.29028213 -0.402116597
v -0.597852111 -0.25478971 -0.139963657
v -0.634676397 -0.133396298 -0.139963657
v -0.615168214 0.403890818 -0.402116597
v -0.683538377 0.2759794 -0.402116597
v -0.597852111 0.240487069 -0.139963657
v -0.538052619 0.352363884 -0.139963657
v -0.144338816 0.718488812 -0.402116597
v -0.283130825 0.676386833 -0.402116597
v -0.247638449 0.590700686 -0.139963657
v -0.126244962 0.627524912 -0.139963657
v 0.283129901 0.67638731 -0.402116597
v 0.144337773 0.718488991 -0.402116597
v 0.126244038 0.627525032 -0.139963657
v 0.2476376 0.590701103 -0.139963657
v 0.68353802 0.275980175 -0.402116597
v 0.615167737 0.403891623 -0.402116597
v 0.538052201 0.3523646 -0.139963657
v 0.597851872 0.240487739 -0.139963657
v 0.683538556 -0.290281713 -0.402116597
v 0.725640535 -0.151489645 -0.402116597
v 0.634676576 -0.133395836 -0.139963657
v 0.597852349 -0.254789382 -0.139963657
v 0.283131182 -0.690689683 -0.402116597
v 0.41104266 -0.6223194 -0.402116597
v 0.359515637 -0.545203924 -0.139963657
v 0.247638732 -0.605003476 -0.139963657
v -0.283130825 0.676386833 -0.402116597
v -0.411042243 0.608016789 -0.402116597
v -0.35951528 0.530901253 -0.139963657
v -0.247638449 0.590700686 -0.139963657
v -0.283130676 -0.690689921 -0.402116597
v -0.144338652 -0.732791841 -0.402116597
v -0.126244813 -0.641827762 -0.139963657
v -0.24763833 -0.605003655 -0.139963657
v -0.683538377 -0.29028213 -0.402116597
v -0.615168214 -0.418193609 -0.402116597
v -0.538052619 -0.366666585 -0.139963657
v -0.597852111 -0.25478971 -0.139963657
v -0.683538377 0.2759794 -0.402116597
v -0.725640297 0.137187436 -0.402116597
v -0.634676278 0.119093597 -0.139963657
v -0.597852111 0.240487069 -0.139963657
v 0.144337773 0.718488991 -0.402116597
v 3.17854116e-08 0.732705116 -0.402116597
v 2.551851e-08 0.639959097 -0.139963657
v 0.126244038 0.627525032 -0.139963657
v 0.615167737 0.403891623 -0.402116597
v 0.523156881 0.516006827 -0.402116597
v 0.457575619 0.450425386 -0.139963657
v 0.538052201 0.3523646 -0.139963657
v 0.725640535 -0.151489645 -0.402116597
v 0.739856482 -0.00715071941 -0.402116597
v 0.647110462 -0.00715078134 -0.139963657
v 0.634676576 -0.133395836 -0.139963657
v 0.41104266 -0.6223194 -0.402116597
v 0.523157954 -0.530308723 -0.402116597
v 0.457576543 -0.464727312 -0.139963657
v 0.359515637 -0.545203924 -0.139963657
v -0.725640297 0.137187436 -0.402116597
v -0.739856482 -0.00715137739 -0.402116597
v -0.647110343 -0.0071513569 -0.139963657
v -0.634676278 0.119093597 -0.139963657
v -0.411042243 0.608016789 -0.402116597
v -0.523157537 0.516006172 -0.402116597
v -0.457576156 0.450424761 -0.139963657
v -0.35951528 0.530901253 -0.139963657
v -0.144338652 -0.732791841 -0.402116597
v 2.72861257e-07 -0.747008026 -0.402116597
v 2.3637385e-07 -0.654261887 -0.139963657
v -0.126244813 -0.641827762 -0.139963657
v -0.615168214 -0.418193609 -0.402116597
v -0.523157537 -0.530308902 -0.402116597
v -0.457576156 -0.464727551 -0.139963657
v -0.538052619 -0.366666585 -0.139963657
v 0.457575619 0.450425386 -0.139963657
v 0.359514624 0.530901849 -0.139963657
v 0.302815974 0.446046054 0.128954425
v 0.385411859 0.378261477 0.128954425
v 0.647110462 -0.00715078134 -0.139963657
v 0.634676158 0.119094253 -0.139963657
v 0.534582019 0.0991842151 0.128954425
v 0.54505533 -0.00715085072 0.128954425
v 0.457576543 -0.464727312 -0.139963657
v 0.538052976 -0.366666347 -0.139963657
v 0.453197271 -0.309967577 0.128954425
v 0.385412604 -0.392563462 0.128954425
v 2.3637385e-07 -0.654261887 -0.139963657
v 0.12624526 -0.641827762 -0.139963657
v 0.10633526 -0.541733623 0.128954425
v 1.94569452e-07 -0.552206755 0.128954425
v -0.647110343 -0.0071513569 -0.139963657
v -0.634676397 -0.133396298 -0.139963657
v -0.534582257 -0.113486312 0.128954425
v -0.54505527 -0.00715133594 0.128954425
v -0.457576156 0.450424761 -0.139963657
v -0.538052619 0.352363884 -0.139963657
v -0.453196913 0.295665145 0.128954425
v -0.385412306 0.378260911 0.128954425
v 2.551851e-08 0.639959097 -0.139963657
v -0.126244962 0.627524912 -0.139963657
v -0.106334999 0.527430773 0.128954425
v 1.69678636e-08 0.537903965 0.128954425
v -0.457576156 -0.464727551 -0.139963657
v -0.35951522 -0.545204043 -0.139963657
v -0.302816451 -0.460348338 0.128954425
v -0.385412306 -0.392563671 0.128954425
v 0.359514624 0.530901849 -0.139963657
v 0.2476376 0.590701103 -0.139963657
v 0.208582938 0.496414423 0.128954425
v 0.302815974 0.446046054 0.128954425
v 0.634676158 0.119094253 -0.139963657
v 0.597851872 0.240487739 -0.139963657
v 0.503565252 0.201432854 0.128954425
v 0.534582019 0.0991842151 0.128954425
v 0.538052976 -0.366666347 -0.139963657
v 0.597852349 -0.254789382 -0.139963657
v 0.503565669 -0.215734616 0.128954425
v 0.453197271 -0.309967577 0.128954425
v 0.12624526 -0.641827762 -0.139963657
v 0.247638732 -0.605003476 -0.139963657
v 0.208583891 -0.510716856 0.128954425
v 0.10633526 -0.541733623 0.128954425
v -0.35951522 -0.545204043 -0.139963657
v -0.24763833 -0.605003655 -0.139963657
v -0.208583564 -0.510716975 0.128954425
v -0.302816451 -0.460348338 0.128954425
v -0.634676397 -0.133396298 -0.139963657
v -0.597852111 -0.25478971 -0.139963657
v -0.50356549 -0.215734899 0.128954425
v -0.534582257 -0.113486312 0.128954425
v -0.538052619 0.352363884 -0.139963657
v -0.597852111 0.240487069 -0.139963657
v -0.50356549 0.201432303 0.128954425
v -0.453196913 0.295665145 0.128954425
v -0.126244962 0.627524912 -0.139963657
v -0.247638449 0.590700686 -0.139963657
v -0.208583668 0.496414065 0.128954425
v -0.106334999 0.527430773 0.128954425
v 0.2476376 0.590701103 -0.139963657
v 0.126244038 0.627525032 -0.139963657
v 0.106334224 0.527430952 0.128954425
v 0.208582938 0.496414423 0.128954425
v 0.597851872 0.240487739 -0.139963657
v 0.538052201 0.3523646 -0.139963657
v 0.453196585 0.295665741 0.128954425
v 0.503565252 0.201432854 0.128954425
v 0.597852349 -0.254789382 -0.139963657
v 0.634676576 -0.133395836 -0.139963657
v 0.534582376 -0.113485932 0.128954425
v 0.503565669 -0.215734616 0.128954425
v 0.247638732 -0.605003476 -0.139963657
v 0.359515637 -0.545203924 -0.139963657
v 0.302816838 -0.460348159 0.128954425
v 0.208583891 -0.510716856 0.128954425
v -0.24763833 -0.605003655 -0.139963657
v -0.126244813 -0.641827762 -0.139963657
v -0.106334873 -0.541733623 0.128954425
v -0.208583564 -0.510716975 0.128954425
v -0.597852111 -0.25478971 -0.139963657
v -0.538052619 -0.366666585 -0.139963657
v -0.453196913 -0.309967786 0.128954425
v -0.50356549 -0.215734899 0.128954425
v -0.597852111 0.240487069 -0.139963657
v -0.634676278 0.119093597 -0.139963657
v -0.534582138 0.0991836637 0.128954425
v -0.50356549 0.201432303 0.128954425
v -0.247638449 0.590700686 -0.139963657
v -0.35951528 0.530901253 -0.139963657
v -0.30281648 0.446045578 0.128954425
v -0.208583668 0.496414065 0.128954425
v 0.126244038 0.627525032 -0.139963657
v 2.551851e-08 0.639959097 -0.139963657
v 1.69678636e-08 0.537903965 0.128954425
v 0.106334224 0.527430952 0.128954425
v 0.538052201 0.3523646 -0.139963657
v 0.457575619 0.450425386 -0.139963657
v 0.385411859 0.378261477 0.128954425
v 0.453196585 0.295665741 0.128954425
v 0.634676576 -0.133395836 -0.139963657
v 0.647110462 -0.00715078134 -0.139963657
v 0.54505533 -0.00715085072 0.128954425
v 0.534582376 -0.113485932 0.128954425
v 0.359515637 -0.545203924 -0.139963657
v 0.457576543 -0.464727312 -0.139963657
v 0.385412604 -0.392563462 0.128954425
v 0.302816838 -0.460348159 0.128954425
v -0.35951528 0.530901253 -0.139963657
v -0.457576156 0.450424761 -0.139963657
v -0.385412306 0.378260911 0.128954425
v -0.30281648 0.446045578 0.128954425
v -0.126244813 -0.641827762 -0.139963657
v 2.3637385e-07 -0.654261887 -0.139963657
v 1.94569452e-07 -0.552206755 0.128954425
v -0.106334873 -0.541733623 0.128954425
v -0.538052619 -0.366666585 -0.139963657
v -0.457576156 -0.464727551 -0.139963657
v -0.385412306 -0.392563671 0.128954425
v -0.453196913 -0.309967786 0.128954425
v -0.634676278 0.119093597 -0.139963657
v -0.647110343 -0.0071513569 -0.139963657
v -0.54505527 -0.00715133594 0.128954425
v -0.534582138 0.0991836637 0.128954425
v 0.385411859 0.378261477 0.128954425
v 0.302815974 0.446046054 0.128954425
v 0.245244548 0.359884143 0.330220222
v 0.312137306 0.304986775 0.330220222
v 0.54505533 -0.00715085072 0.128954425
v 0.534582019 0.0991842151 0.128954425
v 0.432947248 0.0789677128 0.330220222
v 0.441429406 -0.00715091638 0.330220222
v 0.385412604 -0.392563462 0.128954425
v 0.453197271 -0.309967577 0.128954425
v 0.367035329 -0.252396107 0.330220222
v 0.312137902 -0.31928885 0.330220222
v 1.94569452e-07 -0.552206755 0.128954425
v 0.10633526 -0.541733623 0.128954425
v 0.0861187875 -0.440098763 0.330220222
v 1.50361444e-07 -0.448580712 0.330220222
v -0.385412306 0.378260911 0.128954425
v -0.453196913 0.295665145 0.128954425
v -0.367035091 0.238093704 0.330220222
v -0.312137693 0.304986328 0.330220222
v 1.69678636e-08 0.537903965 0.128954425
v -0.106334999 0.527430773 0.128954425
v -0.0861185864 0.425796002 0.330220222
v 6.52550014e-09 0.434278041 0.330220222
v -0.385412306 -0.392563671 0.128954425
v -0.302816451 -0.460348338 0.128954425
v -0.245244965 -0.374186456 0.330220222
v -0.312137693 -0.319289029 0.330220222
v -0.54505527 -0.00715133594 0.128954425
v -0.534582257 -0.113486312 0.128954425
v -0.432947397 -0.0932698697 0.330220222
v -0.441429317 -0.0071513094 0.330220222
v 0.302815974 0.446046054 0.128954425
v 0.208582938 0.496414423 0.128954425
v 0.168927118 0.400676459 0.330220222
v 0.245244548 0.359884143 0.330220222
v 0.534582019 0.0991842151 0.128954425
v 0.503565252 0.201432854 0.128954425
v 0.407827407 0.161776826 0.330220222
v 0.432947248 0.0789677128 0.330220222
v 0.453197271 -0.309967577 0.128954425
v 0.503565669 -0.215734616 0.128954425
v 0.407827735 -0.176078722 0.330220222
v 0.367035329 -0.252396107 0.330220222
v 0.10633526 -0.541733623 0.128954425
v 0.208583891 -0.510716856 0.128954425
v 0.168927893 -0.414978892 0.330220222
v 0.0861187875 -0.440098763 0.330220222
v -0.534582257 -0.113486312 0.128954425
v -0.50356549 -0.215734899 0.128954425
v -0.407827556 -0.17607893 0.330220222
v -0.432947397 -0.0932698697 0.330220222
v -0.453196913 0.295665145 0.128954425
v -0.50356549 0.201432303 0.128954425
v -0.407827556 0.161776379 0.330220222
v -0.367035091 0.238093704 0.330220222
v -0.106334999 0.527430773 0.128954425
v -0.208583668 0.496414065 0.128954425
v -0.168927714 0.400676221 0.330220222
v -0.0861185864 0.425796002 0.330220222
v -0.302816451 -0.460348338 0.128954425
v -0.208583564 -0.510716975 0.128954425
v -0.16892764 -0.414978951 0.330220222
v -0.245244965 -0.374186456 0.330220222
v 0.208582938 0.496414423 0.128954425
v 0.106334224 0.527430952 0.128954425
v 0.0861179531 0.425796121 0.330220222
v 0.168927118 0.400676459 0.330220222
v 0.503565252 0.201432854 0.128954425
v 0.453196585 0.295665741 0.128954425
v 0.367034793 0.238094181 0.330220222
v 0.407827407 0.161776826 0.330220222
v 0.503565669 -0.215734616 0.128954425
v 0.534582376 -0.113485932 0.128954425
v 0.432947516 -0.0932695568 0.330220222
v 0.407827735 -0.176078722 0.330220222
v 0.208583891 -0.510716856 0.128954425
v 0.302816838 -0.460348159 0.128954425
v 0.245245263 -0.374186337 0.330220222
v 0.168927893 -0.414978892 0.330220222
v -0.208583564 -0.510716975 0.128954425
v -0.106334873 -0.541733623 0.128954425
v -0.0861184821 -0.440098763 0.330220222
v -0.16892764 -0.414978951 0.330220222
v -0.50356549 -0.215734899 0.128954425
v -0.453196913 -0.309967786 0.128954425
v -0.367035091 -0.252396256 0.330220222
v -0.407827556 -0.17607893 0.330220222
v -0.50356549 0.201432303 0.128954425
v -0.534582138 0.0991836637 0.128954425
v -0.432947308 0.0789672732 0.330220222
v -0.407827556 0.161776379 0.330220222
v -0.208583668 0.496414065 0.128954425
v -0.30281648 0.446045578 0.128954425
v -0.24524501 0.359883785 0.330220222
v -0.168927714 0.400676221 0.330220222
v 0.106334224 0.527430952 0.128954425
v 1.69678636e-08 0.537903965 0.128954425
v 6.52550014e-09 0.434278041 0.330220222
v 0.0861179531 0.425796121 0.330220222
v 0.453196585 0.295665741 0.128954425
v 0.385411859 0.378261477 0.128954425
v 0.312137306 0.304986775 0.330220222
v 0.367034793 0.238094181 0.330220222
v 0.534582376 -0.113485932 0.128954425
v 0.54505533 -0.00715085072 0.128954425
v 0.441429406 -0.00715091638 0.330220222
v 0.432947516 -0.0932695568 0.330220222
v 0.302816838 -0.460348159 0.128954425
v 0.385412604 -0.392563462 0.128954425
v 0.312137902 -0.31928885 0.330220222
v 0.245245263 -0.374186337 0.330220222
v -0.106334873 -0.541733623 0.128954425
v 1.94569452e-07 -0.552206755 0.128954425
v 1.50361444e-07 -0.448580712 0.330220222
v -0.0861184821 -0.440098763 0.330220222
v -0.453196913 -0.309967786 0.128954425
v -0.385412306 -0.392563671 0.128954425
v -0.312137693 -0.319289029 0.330220222
v -0.367035091 -0.252396256 0.330220222
v -0.534582138 0.0991836637 0.128954425
v -0.54505527 -0.00715133594 0.128954425
v -0.441429317 -0.0071513094 0.330220222
v -0.432947308 0.0789672732 0.330220222
v -0.30281648 0.446045578 0.128954425
v -0.385412306 0.378260911 0.128954425
v -0.312137693 0.304986328 0.330220222
v -0.24524501 0.359883785 0.330220222
v 0.312137306 0.304986775 0.330220222
v 0.245244548 0.359884143 0.330220222
v 0.20140104 0.294267535 0.499351174
v 0.25633508 0.249184445 0.499351174
v 0.441429406 -0.00715091638 0.330220222
v 0.432947248 0.0789677128 0.330220222
v 0.355547249 0.063571848 0.499351174
v 0.362513036 -0.007150969 0.499351174
v 0.312137902 -0.31928885 0.330220222
v 0.367035329 -0.252396107 0.330220222
v 0.301418722 -0.208552539 0.499351174
v 0.256335586 -0.263486564 0.499351174
v 1.50361444e-07 -0.448580712 0.330220222
v 0.0861187875 -0.440098763 0.330220222
v 0.0707229376 -0.362698734 0.499351174
v 1.13605395e-07 -0.369664311 0.499351174
v 6.52550014e-09 0.434278041 0.330220222
v -0.0861185864 0.425796002 0.330220222
v -0.0707227737 0.348396063 0.499351174
v -4.51634108e-09 0.35536173 0.499351174
v -0.312137693 -0.319289029 0.330220222
v -0.245244965 -0.374186456 0.330220222
v -0.201401427 -0.308569908 0.499351174
v -0.256335407 -0.263486713 0.499351174
v -0.441429317 -0.0071513094 0.330220222
v -0.432947397 -0.0932698697 0.330220222
v -0.355547398 -0.0778740421 0.499351174
v -0.362512976 -0.00715129171 0.499351174
v -0.312137693 0.304986328 0.330220222
v -0.367035091 0.238093704 0.330220222
v -0.301418543 0.194250152 0.499351174
v -0.256335407 0.249184087 0.499351174
v 0.245244548 0.359884143 0.330220222
v 0.168927118 0.400676459 0.330220222
v 0.138727233 0.327767193 0.499351174
v 0.20140104 0.294267535 0.499351174
v 0.432947248 0.0789677128 0.330220222
v 0.407827407 0.161776826 0.330220222
v 0.334918261 0.131576791 0.499351174
v 0.355547249 0.063571848 0.499351174
v 0.367035329 -0.252396107 0.330220222
v 0.407827735 -0.176078722 0.330220222
v 0.334918499 -0.145878777 0.499351174
v 0.301418722 -0.208552539 0.499351174
v 0.0861187875 -0.440098763 0.330220222
v 0.168927893 -0.414978892 0.330220222
v 0.138727859 -0.342069685 0.499351174
v 0.0707229376 -0.362698734 0.499351174
v -0.367035091 0.238093704 0.330220222
v -0.407827556 0.161776379 0.330220222
v -0.33491835 0.131576419 0.499351174
v -0.301418543 0.194250152 0.499351174
v -0.0861185864 0.425796002 0.330220222
v -0.168927714 0.400676221 0.330220222
v -0.138727754 0.327767015 0.499351174
v -0.0707227737 0.348396063 0.499351174
v -0.245244965 -0.374186456 0.330220222
v -0.16892764 -0.414978951 0.330220222
v -0.13872768 -0.342069715 0.499351174
v -0.201401427 -0.308569908 0.499351174
v -0.432947397 -0.0932698697 0.330220222
v -0.407827556 -0.17607893 0.330220222
v -0.33491835 -0.145878956 0.499351174
v -0.355547398 -0.0778740421 0.499351174
v 0.168927118 0.400676459 0.330220222
v 0.0861179531 0.425796121 0.330220222
v 0.0707222447 0.348396122 0.499351174
v 0.138727233 0.327767193 0.499351174
v 0.407827407 0.161776826 0.330220222
v 0.367034793 0.238094181 0.330220222
v 0.301418275 0.194250524 0.499351174
v 0.334918261 0.131576791 0.499351174
v 0.407827735 -0.176078722 0.330220222
v 0.432947516 -0.0932695568 0.330220222
v 0.355547488 -0.0778737888 0.499351174
v 0.334918499 -0.145878777 0.499351174
v 0.168927893 -0.414978892 0.330220222
v 0.245245263 -0.374186337 0.330220222
v 0.201401621 -0.308569789 0.499351174
v 0.138727859 -0.342069685 0.499351174
v -0.407827556 -0.17607893 0.330220222
v -0.367035091 -0.252396256 0.330220222
v -0.301418543 -0.208552659 0.499351174
v -0.33491835 -0.145878956 0.499351174
v -0.407827556 0.161776379 0.330220222
v -0.432947308 0.0789672732 0.330220222
v -0.355547309 0.063571468 0.499351174
v -0.33491835 0.131576419 0.499351174
v -0.168927714 0.400676221 0.330220222
v -0.24524501 0.359883785 0.330220222
v -0.201401442 0.294267237 0.499351174
v -0.138727754 0.327767015 0.499351174
v -0.16892764 -0.414978951 0.330220222
v -0.0861184821 -0.440098763 0.330220222
v -0.0707226843 -0.362698734 0.499351174
v -0.13872768 -0.342069715 0.499351174
v 0.0861179531 0.425796121 0.330220222
v 6.52550014e-09 0.434278041 0.330220222
v -4.51634108e-09 0.35536173 0.499351174
v 0.0707222447 0.348396122 0.499351174
v 0.367034793 0.238094181 0.330220222
v 0.312137306 0.304986775 0.330220222
v 0.25633508 0.249184445 0.499351174
v 0.301418275 0.194250524 0.499351174
v 0.432947516 -0.0932695568 0.330220222
v 0.441429406 -0.00715091638 0.330220222
v 0.362513036 -0.007150969 0.499351174
v 0.355547488 -0.0778737888 0.499351174
v 0.245245263 -0.374186337 0.330220222
v 0.312137902 -0.31928885 0.330220222
v 0.256335586 -0.263486564 0.499351174
v 0.201401621 -0.308569789 0.499351174
v -0.0861184821 -0.440098763 0.330220222
v 1.50361444e-07 -0.448580712 0.330220222
v 1.13605395e-07 -0.369664311 0.499351174
v -0.0707226843 -0.362698734 0.499351174
v -0.367035091 -0.252396256 0.330220222
v -0.312137693 -0.319289029 0.330220222
v -0.256335407 -0.263486713 0.499351174
v -0.301418543 -0.208552659 0.499351174
v -0.432947308 0.0789672732 0.330220222
v -0.441429317 -0.0071513094 0.330220222
v -0.362512976 -0.00715129171 0.499351174
v -0.355547309 0.063571468 0.499351174
v -0.24524501 0.359883785 0.330220222
v -0.312137693 0.304986328 0.330220222
v -0.256335407 0.249184087 0.499351174
v -0.201401442 0.294267237 0.499351174
v 0.25633508 0.249184445 0.499351174
v 0.20140104 0.294267535 0.499351174
v 0.175902158 0.256105691 0.643112302
v 0.223881125 0.216730461 0.643112302
v 0.362513036 -0.007150969 0.499351174
v 0.355547249 0.063571848 0.499351174
v 0.310532331 0.0546177812 0.643112302
v 0.316616178 -0.00715099787 0.643112302
v 0.256335586 -0.263486564 0.499351174
v 0.301418722 -0.208552539 0.499351174
v 0.263256878 -0.183053628 0.643112302
v 0.223881587 -0.231032595 0.643112302
v 1.13605395e-07 -0.369664311 0.499351174
v 0.0707229376 -0.362698734 0.499351174
v 0.061768882 -0.317683786 0.643112302
v 9.43578442e-08 -0.323767453 0.643112302
v -0.256335407 -0.263486713 0.499351174
v -0.201401427 -0.308569908 0.499351174
v -0.175902501 -0.270408064 0.643112302
v -0.223881453 -0.231032729 0.643112302
v -0.362512976 -0.00715129171 0.499351174
v -0.355547398 -0.0778740421 0.499351174
v -0.31053248 -0.0689200088 0.643112302
v -0.316616148 -0.00715128006 0.643112302
v -0.256335407 0.249184087 0.499351174
v -0.301418543 0.194250152 0.499351174
v -0.263256729 0.168751255 0.643112302
v -0.223881453 0.216730133 0.643112302
v -4.51634108e-09 0.35536173 0.499351174
v -0.0707227737 0.348396063 0.499351174
v -0.0617687553 0.303381145 0.643112302
v -8.80880968e-09 0.309464872 0.643112302
v 0.20140104 0.294267535 0.499351174
v 0.138727233 0.327767193 0.499351174
v 0.121163338 0.285364091 0.643112302
v 0.175902158 0.256105691 0.643112302
v 0.355547249 0.063571848 0.499351174
v 0.334918261 0.131576791 0.499351174
v 0.292515099 0.1140128 0.643112302
v 0.310532331 0.0546177812 0.643112302
v 0.301418722 -0.208552539 0.499351174
v 0.334918499 -0.145878777 0.499351174
v 0.292515308 -0.128314853 0.643112302
v 0.263256878 -0.183053628 0.643112302
v 0.0707229376 -0.362698734 0.499351174
v 0.138727859 -0.342069685 0.499351174
v 0.121163882 -0.299666524 0.643112302
v 0.061768882 -0.317683786 0.643112302
v -0.0707227737 0.348396063 0.499351174
v -0.138727754 0.327767015 0.499351174
v -0.121163785 0.285363913 0.643112302
v -0.0617687553 0.303381145 0.643112302
v -0.201401427 -0.308569908 0.499351174
v -0.13872768 -0.342069715 0.499351174
v -0.121163726 -0.299666524 0.643112302
v -0.175902501 -0.270408064 0.643112302
v -0.355547398 -0.0778740421 0.499351174
v -0.33491835 -0.145878956 0.499351174
v -0.292515218 -0.128315002 0.643112302
v -0.31053248 -0.0689200088 0.643112302
v -0.301418543 0.194250152 0.499351174
v -0.33491835 0.131576419 0.499351174
v -0.292515218 0.114012472 0.643112302
v -0.263256729 0.168751255 0.643112302
v 0.138727233 0.327767193 0.499351174
v 0.0707222447 0.348396122 0.499351174
v 0.0617682748 0.303381205 0.643112302
v 0.121163338 0.285364091 0.643112302
v 0.334918261 0.131576791 0.499351174
v 0.301418275 0.194250524 0.499351174
v 0.26325649 0.168751583 0.643112302
v 0.292515099 0.1140128 0.643112302
v 0.334918499 -0.145878777 0.499351174
v 0.355547488 -0.0778737888 0.499351174
v 0.31053254 -0.0689197853 0.643112302
v 0.292515308 -0.128314853 0.643112302
v 0.138727859 -0.342069685 0.499351174
v 0.201401621 -0.308569789 0.499351174
v 0.17590268 -0.270407975 0.643112302
v 0.121163882 -0.299666524 0.643112302
v -0.33491835 0.131576419 0.499351174
v -0.355547309 0.063571468 0.499351174
v -0.310532391 0.0546174534 0.643112302
v -0.292515218 0.114012472 0.643112302
v -0.138727754 0.327767015 0.499351174
v -0.201401442 0.294267237 0.499351174
v -0.175902531 0.256105423 0.643112302
v -0.121163785 0.285363913 0.643112302
v -0.13872768 -0.342069715 0.499351174
v -0.0707226843 -0.362698734 0.499351174
v -0.0617686771 -0.317683786 0.643112302
v -0.121163726 -0.299666524 0.643112302
v -0.33491835 -0.145878956 0.499351174
v -0.301418543 -0.208552659 0.499351174
v -0.263256729 -0.183053747 0.643112302
v -0.292515218 -0.128315002 0.643112302
v 0.0707222447 0.348396122 0.499351174
v -4.51634108e-09 0.35536173 0.499351174
v -8.80880968e-09 0.309464872 0.643112302
v 0.0617682748 0.303381205 0.643112302
v 0.301418275 0.194250524 0.499351174
v 0.25633508 0.249184445 0.499351174
v 0.223881125 0.216730461 0.643112302
v 0.26325649 0.168751583 0.643112302
v 0.355547488 -0.0778737888 0.499351174
v 0.362513036 -0.007150969 0.499351174
v 0.316616178 -0.00715099787 0.643112302
v 0.31053254 -0.0689197853 0.643112302
v 0.201401621 -0.308569789 0.499351174
v 0.256335586 -0.263486564 0.499351174
v 0.223881587 -0.231032595 0.643112302
v 0.17590268 -0.270407975 0.643112302
v -0.301418543 -0.208552659 0.499351174
v -0.256335407 -0.263486713 0.499351174
v -0.223881453 -0.231032729 0.643112302
v -0.263256729 -0.183053747 0.643112302
v -0.355547309 0.063571468 0.499351174
v -0.362512976 -0.00715129171 0.499351174
v -0.316616148 -0.00715128006 0.643112302
v -0.310532391 0.0546174534 0.643112302
v -0.201401442 0.294267237 0.499351174
v -0.256335407 0.249184087 0.499351174
v -0.223881453 0.216730133 0.643112302
v -0.175902531 0.256105423 0.643112302
v -0.0707226843 -0.362698734 0.499351174
v 1.13605395e-07 -0.369664311 0.499351174
v 9.43578442e-08 -0.323767453 0.643112302
v -0.0617686771 -0.317683786 0.643112302
v 0.223881125 0.216730461 0.643112302
v 0.175902158 0.256105691 0.643112302
v 0.161820546 0.235031024 0.769960344
v 0.205958605 0.19880791 0.769960344
v 0.316616178 -0.00715099787 0.643112302
v 0.310532331 0.0546177812 0.643112302
v 0.285673052 0.0496729426 0.769960344
v 0.291269898 -0.00715101324 0.769960344
v 0.223881587 -0.231032595 0.643112302
v 0.263256878 -0.183053628 0.643112302
v 0.24218215 -0.168972 0.769960344
v 0.205959022 -0.213110045 0.769960344
v 9.43578442e-08 -0.323767453 0.643112302
v 0.061768882 -0.317683786 0.643112302
v 0.0568240508 -0.292824477 0.769960344
v 8.24314839e-08 -0.298421144 0.769960344
v -0.223881453 -0.231032729 0.643112302
v -0.175902501 -0.270408064 0.643112302
v -0.161820874 -0.249333367 0.769960344
v -0.205958918 -0.213110194 0.769960344
v -0.316616148 -0.00715128006 0.643112302
v -0.31053248 -0.0689200088 0.643112302
v -0.285673201 -0.0639751852 0.769960344
v -0.291269869 -0.00715127308 0.769960344
v -0.223881453 0.216730133 0.643112302
v -0.263256729 0.168751255 0.643112302
v -0.242182061 0.154669613 0.769960344
v -0.205958918 0.198807612 0.769960344
v -8.80880968e-09 0.309464872 0.643112302
v -0.0617687553 0.303381145 0.643112302
v -0.0568239428 0.278521866 0.769960344
v -1.24762725e-08 0.284118593 0.769960344
v 0.175902158 0.256105691 0.643112302
v 0.121163338 0.285364091 0.643112302
v 0.111463763 0.261947155 0.769960344
v 0.161820546 0.235031024 0.769960344
v 0.310532331 0.0546177812 0.643112302
v 0.292515099 0.1140128 0.643112302
v 0.269098192 0.104313172 0.769960344
v 0.285673052 0.0496729426 0.769960344
v 0.263256878 -0.183053628 0.643112302
v 0.292515308 -0.128314853 0.643112302
v 0.269098371 -0.118615247 0.769960344
v 0.24218215 -0.168972 0.769960344
v 0.061768882 -0.317683786 0.643112302
v 0.121163882 -0.299666524 0.643112302
v 0.111464262 -0.276249588 0.769960344
v 0.0568240508 -0.292824477 0.769960344
v -0.175902501 -0.270408064 0.643112302
v -0.121163726 -0.299666524 0.643112302
v -0.111464135 -0.276249588 0.769960344
v -0.161820874 -0.249333367 0.769960344
v -0.31053248 -0.0689200088 0.643112302
v -0.292515218 -0.128315002 0.643112302
v -0.269098282 -0.118615381 0.769960344
v -0.285673201 -0.0639751852 0.769960344
v -0.263256729 0.168751255 0.643112302
v -0.292515218 0.114012472 0.643112302
v -0.269098282 0.104312874 0.769960344
v -0.242182061 0.154669613 0.769960344
v -0.0617687553 0.303381145 0.643112302
v -0.121163785 0.285363913 0.643112302
v -0.11146418 0.261946976 0.769960344
v -0.0568239428 0.278521866 0.769960344
v 0.121163338 0.285364091 0.643112302
v 0.0617682748 0.303381205 0.643112302
v 0.0568234958 0.278521925 0.769960344
v 0.111463763 0.261947155 0.769960344
v 0.292515099 0.1140128 0.643112302
v 0.26325649 0.168751583 0.643112302
v 0.242181823 0.154669911 0.769960344
v 0.269098192 0.104313172 0.769960344
v 0.292515308 -0.128314853 0.643112302
v 0.31053254 -0.0689197853 0.643112302
v 0.285673261 -0.063974984 0.769960344
v 0.269098371 -0.118615247 0.769960344
v 0.121163882 -0.299666524 0.643112302
v 0.17590268 -0.270407975 0.643112302
v 0.161821008 -0.249333277 0.769960344
v 0.111464262 -0.276249588 0.769960344
v -0.121163785 0.285363913 0.643112302
v -0.175902531 0.256105423 0.643112302
v -0.161820889 0.235030785 0.769960344
v -0.11146418 0.261946976 0.769960344
v -0.121163726 -0.299666524 0.643112302
v -0.0617686771 -0.317683786 0.643112302
v -0.0568238683 -0.292824477 0.769960344
v -0.111464135 -0.276249588 0.769960344
v -0.292515218 -0.128315002 0.643112302
v -0.263256729 -0.183053747 0.643112302
v -0.242182061 -0.16897209 0.769960344
v -0.269098282 -0.118615381 0.769960344
v -0.292515218 0.114012472 0.643112302
v -0.310532391 0.0546174534 0.643112302
v -0.285673112 0.0496726483 0.769960344
v -0.269098282 0.104312874 0.769960344
v 0.0617682748 0.303381205 0.643112302
v -8.80880968e-09 0.309464872 0.643112302
v -1.24762725e-08 0.284118593 0.769960344
v 0.0568234958 0.278521925 0.769960344
v 0.26325649 0.168751583 0.643112302
v 0.223881125 0.216730461 0.643112302
v 0.205958605 0.19880791 0.769960344
v 0.242181823 0.154669911 0.769960344
v 0.31053254 -0.0689197853 0.643112302
v 0.316616178 -0.00715099787 0.643112302
v 0.291269898 -0.00715101324 0.769960344
v 0.285673261 -0.063974984 0.769960344
v 0.17590268 -0.270407975 0.643112302
v 0.223881587 -0.231032595 0.643112302
v 0.205959022 -0.213110045 0.769960344
v 0.161821008 -0.249333277 0.769960344
v -0.310532391 0.0546174534 0.643112302
v -0.316616148 -0.00715128006 0.643112302
v -0.291269869 -0.00715127308 0.769960344
v -0.285673112 0.0496726483 0.769960344
v -0.175902531 0.256105423 0.643112302
v -0.223881453 0.216730133 0.643112302
v -0.205958918 0.198807612 0.769960344
v -0.161820889 0.235030785 0.769960344
v -0.0617686771 -0.317683786 0.643112302
v 9.43578442e-08 -0.323767453 0.643112302
v 8.24314839e-08 -0.298421144 0.769960344
v -0.0568238683 -0.292824477 0.769960344
v -0.263256729 -0.183053747 0.643112302
v -0.223881453 -0.231032729 0.643112302
v -0.205958918 -0.213110194 0.769960344
v -0.242182061 -0.16897209 0.769960344
v 0.198650554 0.191499829 0.916768968
v 0.156078652 0.226437658 0.916768968
v 0.161049709 0.233877376 1.14109242
v 0.204977497 0.197826803 1.14109242
v 0.280934751 -0.00715102023 0.916768968
v 0.275536507 0.0476566479 0.916768968
v 0.284312248 0.0494022556 1.14109242
v 0.289882392 -0.00715101371 1.14109242
v 0.198650971 -0.205801994 0.916768968
v 0.233588785 -0.163230091 0.916768968
v 0.241028517 -0.168201149 1.14109242
v 0.20497793 -0.212128967 1.14109242
v 7.78531373e-08 -0.288085997 0.916768968
v 0.0548077598 -0.282687932 0.916768968
v 0.0565533675 -0.291463673 1.14109242
v 8.16251884e-08 -0.297033668 1.14109242
v -0.198650867 0.191499561 0.916768968
v -0.233588696 0.148927718 0.916768968
v -0.241028398 0.153898761 1.14109242
v -0.204977825 0.197826505 1.14109242
v -1.36870106e-08 0.273783445 0.916768968
v -0.0548076555 0.268385321 0.916768968
v -0.0565532595 0.277161062 1.14109242
v -1.28304691e-08 0.282731116 1.14109242
v -0.198650867 -0.205802143 0.916768968
v -0.156078964 -0.240740001 0.916768968
v -0.161050037 -0.248179719 1.14109242
v -0.204977825 -0.212129101 1.14109242
v -0.280934721 -0.00715127075 0.916768968
v -0.275536656 -0.0619589016 0.916768968
v -0.284312397 -0.0637045056 1.14109242
v -0.289882392 -0.00715127261 1.14109242
v 0.156078652 0.226437658 0.916768968
v 0.107508689 0.252398729 0.916768968
v 0.110932797 0.260665298 1.14109242
v 0.161049709 0.233877376 1.14109242
v 0.275536507 0.0476566479 0.916768968
v 0.259549767 0.100358076 0.916768968
v 0.267816335 0.103782207 1.14109242
v 0.284312248 0.0494022556 1.14109242
v 0.233588785 -0.163230091 0.916768968
v 0.259549916 -0.114660159 0.916768968
v 0.267816484 -0.118084274 1.14109242
v 0.241028517 -0.168201149 1.14109242
v 0.0548077598 -0.282687932 0.916768968
v 0.107509173 -0.266701132 0.916768968
v 0.110933296 -0.2749677 1.14109242
v 0.0565533675 -0.291463673 1.14109242
v -0.275536656 -0.0619589016 0.916768968
v -0.259549856 -0.114660293 0.916768968
v -0.267816424 -0.118084416 1.14109242
v -0.284312397 -0.0637045056 1.14109242
v -0.233588696 0.148927718 0.916768968
v -0.259549856 0.100357786 0.916768968
v -0.267816424 0.103781909 1.14109242
v -0.241028398 0.153898761 1.14109242
v -0.0548076555 0.268385321 0.916768968
v -0.107509099 0.25239858 0.916768968
v -0.110933222 0.260665119 1.14109242
v -0.0565532595 0.277161062 1.14109242
v -0.156078964 -0.240740001 0.916768968
v -0.107509047 -0.266701162 0.916768968
v -0.11093317 -0.27496773 1.14109242
v -0.161050037 -0.248179719 1.14109242
v 0.107508689 0.252398729 0.916768968
v 0.0548072234 0.268385381 0.916768968
v 0.0565528125 0.277161121 1.14109242
v 0.110932797 0.260665298 1.14109242
v 0.259549767 0.100358076 0.916768968
v 0.233588472 0.148928002 0.916768968
v 0.241028175 0.153899059 1.14109242
v 0.267816335 0.103782207 1.14109242
v 0.259549916 -0.114660159 0.916768968
v 0.275536716 -0.0619587004 0.916768968
v 0.284312427 -0.0637042969 1.14109242
v 0.267816484 -0.118084274 1.14109242
v 0.107509173 -0.266701132 0.916768968
v 0.156079113 -0.240739912 0.916768968
v 0.161050171 -0.248179615 1.14109242
v 0.110933296 -0.2749677 1.14109242
v -0.107509047 -0.266701162 0.916768968
v -0.0548075885 -0.282687932 0.916768968
v -0.0565531887 -0.291463673 1.14109242
v -0.11093317 -0.27496773 1.14109242
v -0.259549856 -0.114660293 0.916768968
v -0.233588696 -0.163230181 0.916768968
v -0.241028398 -0.168201253 1.14109242
v -0.267816424 -0.118084416 1.14109242
v -0.259549856 0.100357786 0.916768968
v -0.275536567 0.0476563647 0.916768968
v -0.284312308 0.0494019687 1.14109242
v -0.267816424 0.103781909 1.14109242
v -0.107509099 0.25239858 0.916768968
v -0.156078994 0.22643742 0.916768968
v -0.161050051 0.233877122 1.14109242
v -0.110933222 0.260665119 1.14109242
v 0.0548072234 0.268385381 0.916768968
v -1.36870106e-08 0.273783445 0.916768968
v -1.28304691e-08 0.282731116 1.14109242
v 0.0565528125 0.277161121 1.14109242
v 0.233588472 0.148928002 0.916768968
v 0.198650554 0.191499829 0.916768968
v 0.204977497 0.197826803 1.14109242
v 0.241028175 0.153899059 1.14109242
v 0.275536716 -0.0619587004 0.916768968
v 0.280934751 -0.00715102023 0.916768968
v 0.289882392 -0.00715101371 1.14109242
v 0.284312427 -0.0637042969 1.14109242
v 0.156079113 -0.240739912 0.916768968
v 0.198650971 -0.205801994 0.916768968
v 0.20497793 -0.212128967 1.14109242
v 0.161050171 -0.248179615 1.14109242
v -0.0548075885 -0.282687932 0.916768968
v 7.78531373e-08 -0.288085997 0.916768968
v 8.16251884e-08 -0.297033668 1.14109242
v -0.0565531887 -0.291463673 1.14109242
v -0.233588696 -0.163230181 0.916768968
v -0.198650867 -0.205802143 0.916768968
v -0.204977825 -0.212129101 1.14109242
v -0.241028398 -0.168201253 1.14109242
v -0.275536567 0.0476563647 0.916768968
v -0.280934721 -0.00715127075 0.916768968
v -0.289882392 -0.00715127261 1.14109242
v -0.284312308 0.0494019687 1.14109242
v -0.156078994 0.22643742 0.916768968
v -0.198650867 0.191499561 0.916768968
v -0.204977825 0.197826505 1.14109242
v -0.161050051 0.233877122 1.14109242
v 0.217456207 0.210305527 1.39007986
v 0.170854181 0.248550817 1.39007986
v 0.200075433 0.292283595 1.70953488
v 0.254647851 0.247497246 1.70953488
v 0.307529986 -0.00715100253 1.39007986
v 0.301620722 0.0528451353 1.39007986
v 0.353206992 0.0631063432 1.70953488
v 0.360126942 -0.00715096761 1.70953488
v 0.217456654 -0.224607691 1.39007986
v 0.255701959 -0.178005606 1.39007986
v 0.299434781 -0.207226887 1.70953488
v 0.254648358 -0.261799365 1.70953488
v 8.9403045e-08 -0.314681262 1.39007986
v 0.0599962473 -0.308772147 1.39007986
v 0.0702574328 -0.360358506 1.70953488
v 1.08889608e-07 -0.367278218 1.70953488
v -0.217456549 -0.224607825 1.39007986
v -0.170854479 -0.262853175 1.39007986
v -0.20007579 -0.306585968 1.70953488
v -0.254648209 -0.261799544 1.70953488
v -0.307529956 -0.00715127727 1.39007986
v -0.301620871 -0.0671473816 1.39007986
v -0.353207201 -0.0774085522 1.70953488
v -0.360126942 -0.00715128891 1.70953488
v -0.217456549 0.210305229 1.39007986
v -0.25570181 0.163703233 1.39007986
v -0.299434572 0.192924544 1.70953488
v -0.254648209 0.247496888 1.70953488
v -1.08029443e-08 0.30037871 1.39007986
v -0.0599961318 0.294469535 1.39007986
v -0.0702572837 0.346055865 1.70953488
v -8.45463255e-09 0.352975667 1.70953488
v 0.170854181 0.248550817 1.39007986
v 0.11768622 0.276969522 1.39007986
v 0.137814134 0.325562775 1.70953488
v 0.200075433 0.292283595 1.70953488
v 0.301620722 0.0528451353 1.39007986
v 0.28412056 0.110535651 1.39007986
v 0.332713813 0.130663693 1.70953488
v 0.353206992 0.0631063432 1.70953488
v 0.255701959 -0.178005606 1.39007986
v 0.284120739 -0.124837704 1.39007986
v 0.332713991 -0.144965664 1.70953488
v 0.299434781 -0.207226887 1.70953488
v 0.0599962473 -0.308772147 1.39007986
v 0.117686741 -0.291271925 1.39007986
v 0.137814745 -0.339865208 1.70953488
v 0.0702574328 -0.360358506 1.70953488
v -0.0599961318 0.294469535 1.39007986
v -0.117686659 0.276969373 1.39007986
v -0.137814656 0.325562626 1.70953488
v -0.0702572837 0.346055865 1.70953488
v -0.170854479 -0.262853175 1.39007986
v -0.117686599 -0.291271955 1.39007986
v -0.137814581 -0.339865208 1.70953488
v -0.20007579 -0.306585968 1.70953488
v -0.301620871 -0.0671473816 1.39007986
v -0.284120649 -0.124837853 1.39007986
v -0.332713932 -0.144965842 1.70953488
v -0.353207201 -0.0774085522 1.70953488
v -0.25570181 0.163703233 1.39007986
v -0.284120649 0.110535339 1.39007986
v -0.332713932 0.130663306 1.70953488
v -0.299434572 0.192924544 1.70953488
v 0.11768622 0.276969522 1.39007986
v 0.0599956587 0.294469595 1.39007986
v 0.0702567473 0.346055955 1.70953488
v 0.137814134 0.325562775 1.70953488
v 0.28412056 0.110535651 1.39007986
v 0.255701602 0.163703546 1.39007986
v 0.299434364 0.192924902 1.70953488
v 0.332713813 0.130663693 1.70953488
v 0.284120739 -0.124837704 1.39007986
v 0.30162093 -0.0671471581 1.39007986
v 0.35320726 -0.0774082914 1.70953488
v 0.332713991 -0.144965664 1.70953488
v 0.117686741 -0.291271925 1.39007986
v 0.170854643 -0.262853056 1.39007986
v 0.200075999 -0.306585848 1.70953488
v 0.137814745 -0.339865208 1.70953488
v -0.284120649 0.110535339 1.39007986
v -0.301620781 0.0528448336 1.39007986
v -0.353207141 0.0631059855 1.70953488
v -0.332713932 0.130663306 1.70953488
v -0.117686659 0.276969373 1.39007986
v -0.170854494 0.248550519 1.39007986
v -0.20007582 0.292283297 1.70953488
v -0.137814656 0.325562626 1.70953488
v -0.117686599 -0.291271955 1.39007986
v -0.0599960573 -0.308772147 1.39007986
v -0.0702572018 -0.360358506 1.70953488
v -0.137814581 -0.339865208 1.70953488
v -0.284120649 -0.124837853 1.39007986
v -0.25570181 -0.178005695 1.39007986
v -0.299434572 -0.207227007 1.70953488
v -0.332713932 -0.144965842 1.70953488
v 0.0599956587 0.294469595 1.39007986
v -1.08029443e-08 0.30037871 1.39007986
v -8.45463255e-09 0.352975667 1.70953488
v 0.0702567473 0.346055955 1.70953488
v 0.255701602 0.163703546 1.39007986
v 0.217456207 0.210305527 1.39007986
v 0.254647851 0.247497246 1.70953488
v 0.299434364 0.192924902 1.70953488
v 0.30162093 -0.0671471581 1.39007986
v 0.307529986 -0.00715100253 1.39007986
v 0.360126942 -0.00715096761 1.70953488
v 0.35320726 -0.0774082914 1.70953488
v 0.170854643 -0.262853056 1.39007986
v 0.217456654 -0.224607691 1.39007986
v 0.254648358 -0.261799365 1.70953488
v 0.200075999 -0.306585848 1.70953488
v -0.25570181 -0.178005695 1.39007986
v -0.217456549 -0.224607825 1.39007986
v -0.254648209 -0.261799544 1.70953488
v -0.299434572 -0.207227007 1.70953488
v -0.301620781 0.0528448336 1.39007986
v -0.307529956 -0.00715127727 1.39007986
v -0.360126942 -0.00715128891 1.70953488
v -0.353207141 0.0631059855 1.70953488
v -0.170854494 0.248550519 1.39007986
v -0.217456549 0.210305229 1.39007986
v -0.254648209 0.247496888 1.70953488
v -0.20007582 0.292283297 1.70953488
v -0.0599960573 -0.308772147 1.39007986
v 8.9403045e-08 -0.314681262 1.39007986
v 1.08889608e-07 -0.367278218 1.70953488
v -0.0702572018 -0.360358506 1.70953488
v 0.254647851 0.247497246 1.70953488
v 0.200075433 0.292283595 1.70953488
v 0.220642552 0.323064536 1.95499885
v 0.28082484 0.27367425 1.95499885
v 0.360126942 -0.00715096761 1.70953488
v 0.353206992 0.0631063432 1.70953488
v 0.389515519 0.0703285858 1.95499885
v 0.397146851 -0.00715094432 1.95499885
v 0.254648358 -0.261799365 1.70953488
v 0.299434781 -0.207226887 1.70953488
v 0.330215722 -0.227794021 1.95499885
v 0.280825406 -0.287976384 1.95499885
v 1.08889608e-07 -0.367278218 1.70953488
v 0.0702574328 -0.360358506 1.70953488
v 0.0774796754 -0.396667063 1.95499885
v 1.2382641e-07 -0.404298127 1.95499885
v -0.254648209 -0.261799544 1.70953488
v -0.20007579 -0.306585968 1.70953488
v -0.220642924 -0.337366939 1.95499885
v -0.280825227 -0.287976563 1.95499885
v -0.360126942 -0.00715128891 1.70953488
v -0.353207201 -0.0774085522 1.70953488
v -0.389515787 -0.0846307725 1.95499885
v -0.397146821 -0.00715129916 1.95499885
v -0.254648209 0.247496888 1.70953488
v -0.299434572 0.192924544 1.70953488
v -0.330215484 0.213491678 1.95499885
v -0.280825227 0.273673892 1.95499885
v -8.45463255e-09 0.352975667 1.70953488
v -0.0702572837 0.346055865 1.70953488
v -0.077479504 0.382364392 1.95499885
v -5.58047475e-09 0.389995575 1.95499885
v 0.200075433 0.292283595 1.70953488
v 0.137814134 0.325562775 1.70953488
v 0.151980981 0.359764695 1.95499885
v 0.220642552 0.323064536 1.95499885
v 0.353206992 0.0631063432 1.70953488
v 0.332713813 0.130663693 1.70953488
v 0.366915733 0.144830614 1.95499885
v 0.389515519 0.0703285858 1.95499885
v 0.299434781 -0.207226887 1.70953488
v 0.332713991 -0.144965664 1.70953488
v 0.366915941 -0.15913254 1.95499885
v 0.330215722 -0.227794021 1.95499885
v 0.0702574328 -0.360358506 1.70953488
v 0.137814745 -0.339865208 1.70953488
v 0.151981667 -0.374067158 1.95499885
v 0.0774796754 -0.396667063 1.95499885
v -0.20007579 -0.306585968 1.70953488
v -0.137814581 -0.339865208 1.70953488
v -0.151981473 -0.374067158 1.95499885
v -0.220642924 -0.337366939 1.95499885
v -0.353207201 -0.0774085522 1.70953488
v -0.332713932 -0.144965842 1.70953488
v -0.366915822 -0.159132749 1.95499885
v -0.389515787 -0.0846307725 1.95499885
v -0.299434572 0.192924544 1.70953488
v -0.332713932 0.130663306 1.70953488
v -0.366915822 0.144830197 1.95499885
v -0.330215484 0.213491678 1.95499885
v -0.0702572837 0.346055865 1.70953488
v -0.137814656 0.325562626 1.70953488
v -0.151981562 0.359764516 1.95499885
v -0.077479504 0.382364392 1.95499885
v 0.137814134 0.325562775 1.70953488
v 0.0702567473 0.346055955 1.70953488
v 0.0774789155 0.382364511 1.95499885
v 0.151980981 0.359764695 1.95499885
v 0.332713813 0.130663693 1.70953488
v 0.299434364 0.192924902 1.70953488
v 0.330215245 0.213492081 1.95499885
v 0.366915733 0.144830614 1.95499885
v 0.332713991 -0.144965664 1.70953488
v 0.35320726 -0.0774082914 1.70953488
v 0.389515847 -0.0846304968 1.95499885
v 0.366915941 -0.15913254 1.95499885
v 0.137814745 -0.339865208 1.70953488
v 0.200075999 -0.306585848 1.70953488
v 0.220643178 -0.33736679 1.95499885
v 0.151981667 -0.374067158 1.95499885
v -0.137814656 0.325562626 1.70953488
v -0.20007582 0.292283297 1.70953488
v -0.220642969 0.323064178 1.95499885
v -0.151981562 0.359764516 1.95499885
v -0.137814581 -0.339865208 1.70953488
v -0.0702572018 -0.360358506 1.70953488
v -0.0774794146 -0.396667063 1.95499885
v -0.151981473 -0.374067158 1.95499885
v -0.332713932 -0.144965842 1.70953488
v -0.299434572 -0.207227007 1.70953488
v -0.330215484 -0.22779417 1.95499885
v -0.366915822 -0.159132749 1.95499885
v -0.332713932 0.130663306 1.70953488
v -0.353207141 0.0631059855 1.70953488
v -0.389515698 0.0703281984 1.95499885
v -0.366915822 0.144830197 1.95499885
v 0.0702567473 0.346055955 1.70953488
v -8.45463255e-09 0.352975667 1.70953488
v -5.58047475e-09 0.389995575 1.95499885
v 0.0774789155 0.382364511 1.95499885
v 0.299434364 0.192924902 1.70953488
v 0.254647851 0.247497246 1.70953488
v 0.28082484 0.27367425 1.95499885
v 0.330215245 0.213492081 1.95499885
v 0.35320726 -0.0774082914 1.70953488
v 0.360126942 -0.00715096761 1.70953488
v 0.397146851 -0.00715094432 1.95499885
v 0.389515847 -0.0846304968 1.95499885
v 0.200075999 -0.306585848 1.70953488
v 0.254648358 -0.261799365 1.70953488
v 0.280825406 -0.287976384 1.95499885
v 0.220643178 -0.33736679 1.95499885
v -0.353207141 0.0631059855 1.70953488
v -0.360126942 -0.00715128891 1.70953488
v -0.397146821 -0.00715129916 1.95499885
v -0.389515698 0.0703281984 1.95499885
v -0.20007582 0.292283297 1.70953488
v -0.254648209 0.247496888 1.70953488
v -0.280825227 0.273673892 1.95499885
v -0.220642969 0.323064178 1.95499885
v -0.0702572018 -0.360358506 1.70953488
v 1.08889608e-07 -0.367278218 1.70953488
v 1.2382641e-07 -0.404298127 1.95499885
v -0.0774794146 -0.396667063 1.95499885
v -0.299434572 -0.207227007 1.70953488
v -0.254648209 -0.261799544 1.70953488
v -0.280825227 -0.287976563 1.95499885
v -0.330215484 -0.22779417 1.95499885
v 0.151980981 0.359764695 1.95499885
v 0.0774789155 0.382364511 1.95499885
v 0.0798676163 0.394373417 2.11002898
v 0.156666592 0.371076792 2.11002898
v 0.366915733 0.144830614 1.95499885
v 0.330215245 0.213492081 1.95499885
v 0.340395898 0.220294565 2.11002898
v 0.37822783 0.149516255 2.11002898
v 0.366915941 -0.15913254 1.95499885
v 0.389515847 -0.0846304968 1.95499885
v 0.401524723 -0.0870192051 2.11002898
v 0.378228039 -0.163818166 2.11002898
v 0.151981667 -0.374067158 1.95499885
v 0.220643178 -0.33736679 1.95499885
v 0.227445662 -0.347547412 2.11002898
v 0.156667307 -0.385379255 2.11002898
v -0.366915822 -0.159132749 1.95499885
v -0.330215484 -0.22779417 1.95499885
v -0.340396106 -0.234596655 2.11002898
v -0.378227949 -0.163818374 2.11002898
v -0.366915822 0.144830197 1.95499885
v -0.389515698 0.0703281984 1.95499885
v -0.401524603 0.0727169067 2.11002898
v -0.378227949 0.149515837 2.11002898
v -0.151981562 0.359764516 1.95499885
v -0.220642969 0.323064178 1.95499885
v -0.227445453 0.333244801 2.11002898
v -0.156667188 0.371076643 2.11002898
v -0.151981473 -0.374067158 1.95499885
v -0.0774794146 -0.396667063 1.95499885
v -0.0798681229 -0.408675969 2.11002898
v -0.156667113 -0.385379255 2.11002898
v 0.0774789155 0.382364511 1.95499885
v -5.58047475e-09 0.389995575 1.95499885
v -4.19696633e-09 0.40223971 2.11002898
v 0.0798676163 0.394373417 2.11002898
v 0.330215245 0.213492081 1.95499885
v 0.28082484 0.27367425 1.95499885
v 0.289482743 0.282332182 2.11002898
v 0.340395898 0.220294565 2.11002898
v 0.389515847 -0.0846304968 1.95499885
v 0.397146851 -0.00715094432 1.95499885
v 0.409390986 -0.00715093594 2.11002898
v 0.401524723 -0.0870192051 2.11002898
v 0.220643178 -0.33736679 1.95499885
v 0.280825406 -0.287976384 1.95499885
v 0.289483339 -0.296634287 2.11002898
v 0.227445662 -0.347547412 2.11002898
v -0.0774794146 -0.396667063 1.95499885
v 1.2382641e-07 -0.404298127 1.95499885
v 1.29199549e-07 -0.416542262 2.11002898
v -0.0798681229 -0.408675969 2.11002898
v -0.330215484 -0.22779417 1.95499885
v -0.280825227 -0.287976563 1.95499885
v -0.28948313 -0.296634495 2.11002898
v -0.340396106 -0.234596655 2.11002898
v -0.389515698 0.0703281984 1.95499885
v -0.397146821 -0.00715129916 1.95499885
v -0.409390986 -0.00715130195 2.11002898
v -0.401524603 0.0727169067 2.11002898
v -0.220642969 0.323064178 1.95499885
v -0.280825227 0.273673892 1.95499885
v -0.28948313 0.282331795 2.11002898
v -0.227445453 0.333244801 2.11002898
v 0.28082484 0.27367425 1.95499885
v 0.220642552 0.323064536 1.95499885
v 0.227445006 0.333245158 2.11002898
v 0.289482743 0.282332182 2.11002898
v 0.397146851 -0.00715094432 1.95499885
v 0.389515519 0.0703285858 1.95499885
v 0.401524425 0.0727173164 2.11002898
v 0.409390986 -0.00715093594 2.11002898
v 0.280825406 -0.287976384 1.95499885
v 0.330215722 -0.227794021 1.95499885
v 0.340396374 -0.234596506 2.11002898
v 0.289483339 -0.296634287 2.11002898
v 1.2382641e-07 -0.404298127 1.95499885
v 0.0774796754 -0.396667063 1.95499885
v 0.0798683986 -0.408675969 2.11002898
v 1.29199549e-07 -0.416542262 2.11002898
v -5.58047475e-09 0.389995575 1.95499885
v -0.077479504 0.382364392 1.95499885
v -0.0798682198 0.394373298 2.11002898
v -4.19696633e-09 0.40223971 2.11002898
v -0.280825227 -0.287976563 1.95499885
v -0.220642924 -0.337366939 1.95499885
v -0.227445409 -0.347547561 2.11002898
v -0.28948313 -0.296634495 2.11002898
v -0.397146821 -0.00715129916 1.95499885
v -0.389515787 -0.0846307725 1.95499885
v -0.401524663 -0.0870194882 2.11002898
v -0.409390986 -0.00715130195 2.11002898
v -0.280825227 0.273673892 1.95499885
v -0.330215484 0.213491678 1.95499885
v -0.340396106 0.220294178 2.11002898
v -0.28948313 0.282331795 2.11002898
v 0.220642552 0.323064536 1.95499885
v 0.151980981 0.359764695 1.95499885
v 0.156666592 0.371076792 2.11002898
v 0.227445006 0.333245158 2.11002898
v 0.389515519 0.0703285858 1.95499885
v 0.366915733 0.144830614 1.95499885
v 0.37822783 0.149516255 2.11002898
v 0.401524425 0.0727173164 2.11002898
v 0.330215722 -0.227794021 1.95499885
v 0.366915941 -0.15913254 1.95499885
v 0.378228039 -0.163818166 2.11002898
v 0.340396374 -0.234596506 2.11002898
v 0.0774796754 -0.396667063 1.95499885
v 0.151981667 -0.374067158 1.95499885
v 0.156667307 -0.385379255 2.11002898
v 0.0798683986 -0.408675969 2.11002898
v -0.330215484 0.213491678 1.95499885
v -0.366915822 0.144830197 1.95499885
v -0.378227949 0.149515837 2.11002898
v -0.340396106 0.220294178 2.11002898
v -0.077479504 0.382364392 1.95499885
v -0.151981562 0.359764516 1.95499885
v -0.156667188 0.371076643 2.11002898
v -0.0798682198 0.394373298 2.11002898
v -0.220642924 -0.337366939 1.95499885
v -0.151981473 -0.374067158 1.95499885
v -0.156667113 -0.385379255 2.11002898
v -0.227445409 -0.347547561 2.11002898
v -0.389515787 -0.0846307725 1.95499885
v -0.366915822 -0.159132749 1.95499885
v -0.378227949 -0.163818374 2.11002898
v -0.401524663 -0.0870194882 2.11002898
v 0.156666592 0.371076792 2.11002898
v 0.0798676163 0.394373417 2.11002898
v 0.0768378228 0.37914151 2.34022474
v 0.150723428 0.356728673 2.34022474
v 0.37822783 0.149516255 2.11002898
v 0.340395898 0.220294565 2.11002898
v 0.327482909 0.211666375 2.34022474
v 0.36387971 0.143573061 2.34022474
v 0.378228039 -0.163818166 2.11002898
v 0.401524723 -0.0870192051 2.11002898
v 0.386292815 -0.0839893967 2.34022474
v 0.363879919 -0.157874987 2.34022474
v 0.156667307 -0.385379255 2.11002898
v 0.227445662 -0.347547412 2.11002898
v 0.218817472 -0.334634423 2.34022474
v 0.150724113 -0.371031135 2.34022474
v -0.378227949 0.149515837 2.11002898
v -0.401524603 0.0727169067 2.11002898
v -0.386292696 0.0696870983 2.34022474
v -0.3638798 0.143572643 2.34022474
v -0.156667188 0.371076643 2.11002898
v -0.227445453 0.333244801 2.11002898
v -0.218817294 0.320331812 2.34022474
v -0.150723994 0.356728494 2.34022474
v -0.156667113 -0.385379255 2.11002898
v -0.0798681229 -0.408675969 2.11002898
v -0.0768383145 -0.393444061 2.34022474
v -0.150723919 -0.371031135 2.34022474
v -0.378227949 -0.163818374 2.11002898
v -0.340396106 -0.234596655 2.11002898
v -0.327483177 -0.22596848 2.34022474
v -0.3638798 -0.15787518 2.34022474
v 0.0798676163 0.394373417 2.11002898
v -4.19696633e-09 0.40223971 2.11002898
v -6.04543615e-09 0.386709422 2.34022474
v 0.0768378228 0.37914151 2.34022474
v 0.340395898 0.220294565 2.11002898
v 0.289482743 0.282332182 2.11002898
v 0.278501183 0.271350592 2.34022474
v 0.327482909 0.211666375 2.34022474
v 0.401524723 -0.0870192051 2.11002898
v 0.409390986 -0.00715093594 2.11002898
v 0.393860698 -0.00715094665 2.34022474
v 0.386292815 -0.0839893967 2.34022474
v 0.227445662 -0.347547412 2.11002898
v 0.289483339 -0.296634287 2.11002898
v 0.278501749 -0.285652697 2.34022474
v 0.218817472 -0.334634423 2.34022474
v -0.340396106 -0.234596655 2.11002898
v -0.28948313 -0.296634495 2.11002898
v -0.27850154 -0.285652906 2.34022474
v -0.327483177 -0.22596848 2.34022474
v -0.401524603 0.0727169067 2.11002898
v -0.409390986 -0.00715130195 2.11002898
v -0.393860698 -0.00715129822 2.34022474
v -0.386292696 0.0696870983 2.34022474
v -0.227445453 0.333244801 2.11002898
v -0.28948313 0.282331795 2.11002898
v -0.27850154 0.271350205 2.34022474
v -0.218817294 0.320331812 2.34022474
v -0.0798681229 -0.408675969 2.11002898
v 1.29199549e-07 -0.416542262 2.11002898
v 1.22290658e-07 -0.401011974 2.34022474
v -0.0768383145 -0.393444061 2.34022474
v 0.289482743 0.282332182 2.11002898
v 0.227445006 0.333245158 2.11002898
v 0.218816847 0.32033217 2.34022474
v 0.278501183 0.271350592 2.34022474
v 0.409390986 -0.00715093594 2.11002898
v 0.401524425 0.0727173164 2.11002898
v 0.386292547 0.0696874931 2.34022474
v 0.393860698 -0.00715094665 2.34022474
v 0.289483339 -0.296634287 2.11002898
v 0.340396374 -0.234596506 2.11002898
v 0.327483356 -0.225968346 2.34022474
v 0.278501749 -0.285652697 2.34022474
v 1.29199549e-07 -0.416542262 2.11002898
v 0.0798683986 -0.408675969 2.11002898
v 0.0768385753 -0.393444061 2.34022474
v 1.22290658e-07 -0.401011974 2.34022474
v -0.28948313 -0.296634495 2.11002898
v -0.227445409 -0.347547561 2.11002898
v -0.218817249 -0.334634602 2.34022474
v -0.27850154 -0.285652906 2.34022474
v -0.409390986 -0.00715130195 2.11002898
v -0.401524663 -0.0870194882 2.11002898
v -0.386292756 -0.0839896798 2.34022474
v -0.393860698 -0.00715129822 2.34022474
v -0.28948313 0.282331795 2.11002898
v -0.340396106 0.220294178 2.11002898
v -0.327483177 0.211666003 2.34022474
v -0.27850154 0.271350205 2.34022474
v -4.19696633e-09 0.40223971 2.11002898
v -0.0798682198 0.394373298 2.11002898
v -0.0768384114 0.37914139 2.34022474
v -6.04543615e-09 0.386709422 2.34022474
v 0.227445006 0.333245158 2.11002898
v 0.156666592 0.371076792 2.11002898
v 0.150723428 0.356728673 2.34022474
v 0.218816847 0.32033217 2.34022474
v 0.401524425 0.0727173164 2.11002898
v 0.37822783 0.149516255 2.11002898
v 0.36387971 0.143573061 2.34022474
v 0.386292547 0.0696874931 2.34022474
v 0.340396374 -0.234596506 2.11002898
v 0.378228039 -0.163818166 2.11002898
v 0.363879919 -0.157874987 2.34022474
v 0.327483356 -0.225968346 2.34022474
v 0.0798683986 -0.408675969 2.11002898
v 0.156667307 -0.385379255 2.11002898
v 0.150724113 -0.371031135 2.34022474
v 0.0768385753 -0.393444061 2.34022474
v -0.0798682198 0.394373298 2.11002898
v -0.156667188 0.371076643 2.11002898
v -0.150723994 0.356728494 2.34022474
v -0.0768384114 0.37914139 2.34022474
v -0.227445409 -0.347547561 2.11002898
v -0.156667113 -0.385379255 2.11002898
v -0.150723919 -0.371031135 2.34022474
v -0.218817249 -0.334634602 2.34022474
v -0.401524663 -0.0870194882 2.11002898
v -0.378227949 -0.163818374 2.11002898
v -0.3638798 -0.15787518 2.34022474
v -0.386292756 -0.0839896798 2.34022474
v -0.340396106 0.220294178 2.11002898
v -0.378227949 0.149515837 2.11002898
v -0.3638798 0.143572643 2.34022474
v -0.327483177 0.211666003 2.34022474
v 0.150723428 0.356728673 2.34022474
v 0.0768378228 0.37914151 2.34022474
v 0.0680977926 0.335202128 2.46941614
v 0.13357918 0.315338671 2.46941614
v 0.36387971 0.143573061 2.34022474
v 0.327482909 0.211666375 2.34022474
v 0.290232927 0.186776683 2.46941614
v 0.322489709 0.126428723 2.46941614
v 0.363879919 -0.157874987 2.34022474
v 0.386292815 -0.0839893967 2.34022474
v 0.342353404 -0.0752493367 2.46941614
v 0.322489887 -0.140730709 2.46941614
v 0.150724113 -0.371031135 2.34022474
v 0.218817472 -0.334634423 2.34022474
v 0.19392778 -0.297384411 2.46941614
v 0.133579791 -0.329641104 2.46941614
v -0.150723994 0.356728494 2.34022474
v -0.218817294 0.320331812 2.34022474
v -0.193927631 0.28308183 2.46941614
v -0.133579701 0.315338522 2.46941614
v -0.150723919 -0.371031135 2.34022474
v -0.0768383145 -0.393444061 2.34022474
v -0.0680982396 -0.34950462 2.46941614
v -0.133579627 -0.329641104 2.46941614
v -0.3638798 -0.15787518 2.34022474
v -0.327483177 -0.22596848 2.34022474
v -0.290233165 -0.201078817 2.46941614
v -0.322489798 -0.140730873 2.46941614
v -0.3638798 0.143572643 2.34022474
v -0.386292696 0.0696870983 2.34022474
v -0.342353314 0.0609470271 2.46941614
v -0.322489798 0.126428366 2.46941614
v 0.0768378228 0.37914151 2.34022474
v -6.04543615e-09 0.386709422 2.34022474
v -8.85039597e-09 0.34190923 2.46941614
v 0.0680977926 0.335202128 2.46941614
v 0.327482909 0.211666375 2.34022474
v 0.278501183 0.271350592 2.34022474
v 0.246822655 0.23967205 2.46941614
v 0.290232927 0.186776683 2.46941614
v 0.386292815 -0.0839893967 2.34022474
v 0.393860698 -0.00715094665 2.34022474
v 0.349060506 -0.00715097552 2.46941614
v 0.342353404 -0.0752493367 2.46941614
v 0.218817472 -0.334634423 2.34022474
v 0.278501749 -0.285652697 2.34022474
v 0.246823177 -0.253974169 2.46941614
v 0.19392778 -0.297384411 2.46941614
v -0.386292696 0.0696870983 2.34022474
v -0.393860698 -0.00715129822 2.34022474
v -0.349060476 -0.00715128705 2.46941614
v -0.342353314 0.0609470271 2.46941614
v -0.218817294 0.320331812 2.34022474
v -0.27850154 0.271350205 2.34022474
v -0.246823043 0.239671692 2.46941614
v -0.193927631 0.28308183 2.46941614
v -0.0768383145 -0.393444061 2.34022474
v 1.22290658e-07 -0.401011974 2.34022474
v 1.04887931e-07 -0.356211752 2.46941614
v -0.0680982396 -0.34950462 2.46941614
v -0.327483177 -0.22596848 2.34022474
v -0.27850154 -0.285652906 2.34022474
v -0.246823043 -0.253974348 2.46941614
v -0.290233165 -0.201078817 2.46941614
v 0.278501183 0.271350592 2.34022474
v 0.218816847 0.32033217 2.34022474
v 0.193927228 0.283082128 2.46941614
v 0.246822655 0.23967205 2.46941614
v 0.393860698 -0.00715094665 2.34022474
v 0.386292547 0.0696874931 2.34022474
v 0.342353165 0.0609473698 2.46941614
v 0.349060506 -0.00715097552 2.46941614
v 0.278501749 -0.285652697 2.34022474
v 0.327483356 -0.225968346 2.34022474
v 0.290233314 -0.201078683 2.46941614
v 0.246823177 -0.253974169 2.46941614
v 1.22290658e-07 -0.401011974 2.34022474
v 0.0768385753 -0.393444061 2.34022474
v 0.0680984706 -0.34950462 2.46941614
v 1.04887931e-07 -0.356211752 2.46941614
v -0.27850154 -0.285652906 2.34022474
v -0.218817249 -0.334634602 2.34022474
v -0.193927586 -0.29738456 2.46941614
v -0.246823043 -0.253974348 2.46941614
v -0.393860698 -0.00715129822 2.34022474
v -0.386292756 -0.0839896798 2.34022474
v -0.342353404 -0.0752495825 2.46941614
v -0.349060476 -0.00715128705 2.46941614
v -0.27850154 0.271350205 2.34022474
v -0.327483177 0.211666003 2.34022474
v -0.290233165 0.18677634 2.46941614
v -0.246823043 0.239671692 2.46941614
v -6.04543615e-09 0.386709422 2.34022474
v -0.0768384114 0.37914139 2.34022474
v -0.0680983216 0.335202008 2.46941614
v -8.85039597e-09 0.34190923 2.46941614
v 0.218816847 0.32033217 2.34022474
v 0.150723428 0.356728673 2.34022474
v 0.13357918 0.315338671 2.46941614
v 0.193927228 0.283082128 2.46941614
v 0.386292547 0.0696874931 2.34022474
v 0.36387971 0.143573061 2.34022474
v 0.322489709 0.126428723 2.46941614
v 0.342353165 0.0609473698 2.46941614
v 0.327483356 -0.225968346 2.34022474
v 0.363879919 -0.157874987 2.34022474
v 0.322489887 -0.140730709 2.46941614
v 0.290233314 -0.201078683 2.46941614
v 0.0768385753 -0.393444061 2.34022474
v 0.150724113 -0.371031135 2.34022474
v 0.133579791 -0.329641104 2.46941614
v 0.0680984706 -0.34950462 2.46941614
v -0.218817249 -0.334634602 2.34022474
v -0.150723919 -0.371031135 2.34022474
v -0.133579627 -0.329641104 2.46941614
v -0.193927586 -0.29738456 2.46941614
v -0.386292756 -0.0839896798 2.34022474
v -0.3638798 -0.15787518 2.34022474
v -0.322489798 -0.140730873 2.46941614
v -0.342353404 -0.0752495825 2.46941614
v -0.327483177 0.211666003 2.34022474
v -0.3638798 0.143572643 2.34022474
v -0.322489798 0.126428366 2.46941614
v -0.290233165 0.18677634 2.46941614
v -0.0768384114 0.37914139 2.34022474
v -0.150723994 0.356728494 2.34022474
v -0.133579701 0.315338522 2.46941614
v -0.0680983216 0.335202008 2.46941614
v -0.133579627 -0.329641104 2.46941614
v -0.0680982396 -0.34950462 2.46941614
v -0.0576140173 -0.296796769 2.54105902
v -0.11301405 -0.279991359 2.54105902
v -0.322489798 -0.140730873 2.46941614
v -0.290233165 -0.201078817 2.46941614
v -0.245549619 -0.171222225 2.54105902
v -0.272840112 -0.120165281 2.54105902
v -0.322489798 0.126428366 2.46941614
v -0.342353314 0.0609470271 2.46941614
v -0.289645493 0.0504627936 2.54105902
v -0.272840112 0.105862781 2.54105902
v -0.133579701 0.315338522 2.46941614
v -0.193927631 0.28308183 2.46941614
v -0.164071009 0.238398299 2.54105902
v -0.113014109 0.265688807 2.54105902
v 0.13357918 0.315338671 2.46941614
v 0.0680977926 0.335202128 2.46941614
v 0.0576136224 0.282494277 2.54105902
v 0.113013662 0.265688926 2.54105902
v 0.322489709 0.126428723 2.46941614
v 0.290232927 0.186776683 2.46941614
v 0.245549366 0.156920031 2.54105902
v 0.272839993 0.105863094 2.54105902
v 0.322489887 -0.140730709 2.46941614
v 0.342353404 -0.0752493367 2.46941614
v 0.289645523 -0.0647651181 2.54105902
v 0.272840142 -0.120165147 2.54105902
v 0.133579791 -0.329641104 2.46941614
v 0.19392778 -0.297384411 2.46941614
v 0.164071143 -0.252700806 2.54105902
v 0.113014184 -0.279991359 2.54105902
v -0.193927631 0.28308183 2.46941614
v -0.246823043 0.239671692 2.46941614
v -0.208822802 0.201671466 2.54105902
v -0.164071009 0.238398299 2.54105902
v -0.0680982396 -0.34950462 2.46941614
v 1.04887931e-07 -0.356211752 2.46941614
v 8.09954201e-08 -0.30247128 2.54105902
v -0.0576140173 -0.296796769 2.54105902
v -0.290233165 -0.201078817 2.46941614
v -0.246823043 -0.253974348 2.46941614
v -0.208822802 -0.215974063 2.54105902
v -0.245549619 -0.171222225 2.54105902
v -0.342353314 0.0609470271 2.46941614
v -0.349060476 -0.00715128705 2.46941614
v -0.295320034 -0.00715127308 2.54105902
v -0.289645493 0.0504627936 2.54105902
v 0.0680977926 0.335202128 2.46941614
v -8.85039597e-09 0.34190923 2.46941614
v -1.52320307e-08 0.288168758 2.54105902
v 0.0576136224 0.282494277 2.54105902
v 0.290232927 0.186776683 2.46941614
v 0.246822655 0.23967205 2.46941614
v 0.208822444 0.201671764 2.54105902
v 0.245549366 0.156920031 2.54105902
v 0.342353404 -0.0752493367 2.46941614
v 0.349060506 -0.00715097552 2.46941614
v 0.295320004 -0.00715100905 2.54105902
v 0.289645523 -0.0647651181 2.54105902
v 0.19392778 -0.297384411 2.46941614
v 0.246823177 -0.253974169 2.46941614
v 0.208822876 -0.215973914 2.54105902
v 0.164071143 -0.252700806 2.54105902
v 1.04887931e-07 -0.356211752 2.46941614
v 0.0680984706 -0.34950462 2.46941614
v 0.0576141924 -0.296796769 2.54105902
v 8.09954201e-08 -0.30247128 2.54105902
v -0.349060476 -0.00715128705 2.46941614
v -0.342353404 -0.0752495825 2.46941614
v -0.289645553 -0.0647653267 2.54105902
v -0.295320034 -0.00715127308 2.54105902
v -0.246823043 0.239671692 2.46941614
v -0.290233165 0.18677634 2.46941614
v -0.245549619 0.156919733 2.54105902
v -0.208822802 0.201671466 2.54105902
v -8.85039597e-09 0.34190923 2.46941614
v -0.0680983216 0.335202008 2.46941614
v -0.0576140843 0.282494187 2.54105902
v -1.52320307e-08 0.288168758 2.54105902
v -0.246823043 -0.253974348 2.46941614
v -0.193927586 -0.29738456 2.46941614
v -0.164070979 -0.252700925 2.54105902
v -0.208822802 -0.215974063 2.54105902
v 0.246822655 0.23967205 2.46941614
v 0.193927228 0.283082128 2.46941614
v 0.164070681 0.238398552 2.54105902
v 0.208822444 0.201671764 2.54105902
v 0.349060506 -0.00715097552 2.46941614
v 0.342353165 0.0609473698 2.46941614
v 0.289645314 0.0504630841 2.54105902
v 0.295320004 -0.00715100905 2.54105902
v 0.246823177 -0.253974169 2.46941614
v 0.290233314 -0.201078683 2.46941614
v 0.245549709 -0.171222106 2.54105902
v 0.208822876 -0.215973914 2.54105902
v 0.193927228 0.283082128 2.46941614
v 0.13357918 0.315338671 2.46941614
v 0.113013662 0.265688926 2.54105902
v 0.164070681 0.238398552 2.54105902
v 0.342353165 0.0609473698 2.46941614
v 0.322489709 0.126428723 2.46941614
v 0.272839993 0.105863094 2.54105902
v 0.289645314 0.0504630841 2.54105902
v 0.290233314 -0.201078683 2.46941614
v 0.322489887 -0.140730709 2.46941614
v 0.272840142 -0.120165147 2.54105902
v 0.245549709 -0.171222106 2.54105902
v 0.0680984706 -0.34950462 2.46941614
v 0.133579791 -0.329641104 2.46941614
v 0.113014184 -0.279991359 2.54105902
v 0.0576141924 -0.296796769 2.54105902
v -0.193927586 -0.29738456 2.46941614
v -0.133579627 -0.329641104 2.46941614
v -0.11301405 -0.279991359 2.54105902
v -0.164070979 -0.252700925 2.54105902
v -0.342353404 -0.0752495825 2.46941614
v -0.322489798 -0.140730873 2.46941614
v -0.272840112 -0.120165281 2.54105902
v -0.289645553 -0.0647653267 2.54105902
v -0.290233165 0.18677634 2.46941614
v -0.322489798 0.126428366 2.46941614
v -0.272840112 0.105862781 2.54105902
v -0.245549619 0.156919733 2.54105902
v -0.0680983216 0.335202008 2.46941614
v -0.133579701 0.315338522 2.46941614
v -0.113014109 0.265688807 2.54105902
v -0.0576140843 0.282494187 2.54105902
v 0.113013662 0.265688926 2.54105902
v 0.0576136224 0.282494277 2.54105902
v 0.0464973971 0.226608872 2.59978223
v 0.0912083238 0.213046029 2.59978223
v 0.272839993 0.105863094 2.54105902
v 0.245549366 0.156920031 2.54105902
v 0.198172033 0.125263423 2.59978223
v 0.220197082 0.084057644 2.59978223
v 0.272840142 -0.120165147 2.54105902
v 0.289645523 -0.0647651181 2.54105902
v 0.233760059 -0.0536488481 2.59978223
v 0.220197201 -0.0983597562 2.59978223
v 0.113014184 -0.279991359 2.54105902
v 0.164071143 -0.252700806 2.54105902
v 0.13241455 -0.205323443 2.59978223
v 0.0912087485 -0.227348432 2.59978223
v -0.272840112 -0.120165281 2.54105902
v -0.245549619 -0.171222225 2.54105902
v -0.198172241 -0.139565662 2.59978223
v -0.220197216 -0.0983598679 2.59978223
v -0.272840112 0.105862781 2.54105902
v -0.289645493 0.0504627936 2.54105902
v -0.233760074 0.0393465124 2.59978223
v -0.220197216 0.0840573832 2.59978223
v -0.113014109 0.265688807 2.54105902
v -0.164071009 0.238398299 2.54105902
v -0.13241446 0.191020936 2.59978223
v -0.0912087038 0.213045925 2.59978223
v -0.11301405 -0.279991359 2.54105902
v -0.0576140173 -0.296796769 2.54105902
v -0.0464977287 -0.240911305 2.59978223
v -0.0912086517 -0.227348432 2.59978223
v 0.0576136224 0.282494277 2.54105902
v -1.52320307e-08 0.288168758 2.54105902
v -1.9884661e-08 0.231188476 2.59978223
v 0.0464973971 0.226608872 2.59978223
v 0.245549366 0.156920031 2.54105902
v 0.208822444 0.201671764 2.54105902
v 0.168531343 0.161380559 2.59978223
v 0.198172033 0.125263423 2.59978223
v 0.289645523 -0.0647651181 2.54105902
v 0.295320004 -0.00715100905 2.54105902
v 0.238339692 -0.00715104584 2.59978223
v 0.233760059 -0.0536488481 2.59978223
v 0.164071143 -0.252700806 2.54105902
v 0.208822876 -0.215973914 2.54105902
v 0.168531701 -0.175682768 2.59978223
v 0.13241455 -0.205323443 2.59978223
v -0.0576140173 -0.296796769 2.54105902
v 8.09954201e-08 -0.30247128 2.54105902
v 5.77762691e-08 -0.245490968 2.59978223
v -0.0464977287 -0.240911305 2.59978223
v -0.245549619 -0.171222225 2.54105902
v -0.208822802 -0.215974063 2.54105902
v -0.168531656 -0.175682902 2.59978223
v -0.198172241 -0.139565662 2.59978223
v -0.289645493 0.0504627936 2.54105902
v -0.295320034 -0.00715127308 2.54105902
v -0.238339767 -0.00715125958 2.59978223
v -0.233760074 0.0393465124 2.59978223
v -0.164071009 0.238398299 2.54105902
v -0.208822802 0.201671466 2.54105902
v -0.168531656 0.161380336 2.59978223
v -0.13241446 0.191020936 2.59978223
v 0.208822444 0.201671764 2.54105902
v 0.164070681 0.238398552 2.54105902
v 0.132414177 0.191021159 2.59978223
v 0.168531343 0.161380559 2.59978223
v 0.295320004 -0.00715100905 2.54105902
v 0.289645314 0.0504630841 2.54105902
v 0.23375991 0.0393467434 2.59978223
v 0.238339692 -0.00715104584 2.59978223
v 0.208822876 -0.215973914 2.54105902
v 0.245549709 -0.171222106 2.54105902
v 0.198172286 -0.139565557 2.59978223
v 0.168531701 -0.175682768 2.59978223
v 8.09954201e-08 -0.30247128 2.54105902
v 0.0576141924 -0.296796769 2.54105902
v 0.0464978628 -0.240911305 2.59978223
v 5.77762691e-08 -0.245490968 2.59978223
v -1.52320307e-08 0.288168758 2.54105902
v -0.0576140843 0.282494187 2.54105902
v -0.0464977883 0.226608783 2.59978223
v -1.9884661e-08 0.231188476 2.59978223
v -0.208822802 -0.215974063 2.54105902
v -0.164070979 -0.252700925 2.54105902
v -0.132414445 -0.205323517 2.59978223
v -0.168531656 -0.175682902 2.59978223
v -0.295320034 -0.00715127308 2.54105902
v -0.289645553 -0.0647653267 2.54105902
v -0.233760133 -0.0536490157 2.59978223
v -0.238339767 -0.00715125958 2.59978223
v -0.208822802 0.201671466 2.54105902
v -0.245549619 0.156919733 2.54105902
v -0.198172241 0.125263199 2.59978223
v -0.168531656 0.161380336 2.59978223
v 0.164070681 0.238398552 2.54105902
v 0.113013662 0.265688926 2.54105902
v 0.0912083238 0.213046029 2.59978223
v 0.132414177 0.191021159 2.59978223
v 0.289645314 0.0504630841 2.54105902
v 0.272839993 0.105863094 2.54105902
v 0.220197082 0.084057644 2.59978223
v 0.23375991 0.0393467434 2.59978223
v 0.245549709 -0.171222106 2.54105902
v 0.272840142 -0.120165147 2.54105902
v 0.220197201 -0.0983597562 2.59978223
v 0.198172286 -0.139565557 2.59978223
v 0.0576141924 -0.296796769 2.54105902
v 0.113014184 -0.279991359 2.54105902
v 0.0912087485 -0.227348432 2.59978223
v 0.0464978628 -0.240911305 2.59978223
v -0.245549619 0.156919733 2.54105902
v -0.272840112 0.105862781 2.54105902
v -0.220197216 0.0840573832 2.59978223
v -0.198172241 0.125263199 2.59978223
v -0.0576140843 0.282494187 2.54105902
v -0.113014109 0.265688807 2.54105902
v -0.0912087038 0.213045925 2.59978223
v -0.0464977883 0.226608783 2.59978223
v -0.164070979 -0.252700925 2.54105902
v -0.11301405 -0.279991359 2.54105902
v -0.0912086517 -0.227348432 2.59978223
v -0.132414445 -0.205323517 2.59978223
v -0.289645553 -0.0647653267 2.54105902
v -0.272840112 -0.120165281 2.54105902
v -0.220197216 -0.0983598679 2.59978223
v -0.233760133 -0.0536490157 2.59978223
v 0.0912083238 0.213046029 2.59978223
v 0.0464973971 0.226608872 2.59978223
v 0.0346085839 0.166839331 2.63736558
v 0.067887485 0.156744331 2.63736558
v 0.220197082 0.084057644 2.59978223
v 0.198172033 0.125263423 2.59978223
v 0.147501901 0.0914066583 2.63736558
v 0.163895413 0.0607366748 2.63736558
v 0.220197201 -0.0983597562 2.59978223
v 0.233760059 -0.0536488481 2.59978223
v 0.173990503 -0.041759979 2.63736558
v 0.163895503 -0.0750388652 2.63736558
v 0.0912087485 -0.227348432 2.59978223
v 0.13241455 -0.205323443 2.59978223
v 0.0985578075 -0.154653281 2.63736558
v 0.067887798 -0.171046749 2.63736558
v -0.220197216 0.0840573832 2.59978223
v -0.233760074 0.0393465124 2.59978223
v -0.173990533 0.0274576284 2.63736558
v -0.163895532 0.0607364811 2.63736558
v -0.0912087038 0.213045925 2.59978223
v -0.13241446 0.191020936 2.59978223
v -0.0985577404 0.140350789 2.63736558
v -0.0678877831 0.156744257 2.63736558
v -0.0912086517 -0.227348432 2.59978223
v -0.0464977287 -0.240911305 2.59978223
v -0.0346088484 -0.181141749 2.63736558
v -0.0678877458 -0.171046749 2.63736558
v -0.220197216 -0.0983598679 2.59978223
v -0.198172241 -0.139565662 2.59978223
v -0.14750208 -0.105708934 2.63736558
v -0.163895532 -0.0750389397 2.63736558
v 0.0464973971 0.226608872 2.59978223
v -1.9884661e-08 0.231188476 2.59978223
v -2.438723e-08 0.170248002 2.63736558
v 0.0346085839 0.166839331 2.63736558
v 0.198172033 0.125263423 2.59978223
v 0.168531343 0.161380559 2.59978223
v 0.125439972 0.118289091 2.63736558
v 0.147501901 0.0914066583 2.63736558
v 0.233760059 -0.0536488481 2.59978223
v 0.238339692 -0.00715104584 2.59978223
v 0.177399203 -0.00715108309 2.63736558
v 0.173990503 -0.041759979 2.63736558
v 0.13241455 -0.205323443 2.59978223
v 0.168531701 -0.175682768 2.59978223
v 0.12544024 -0.132591352 2.63736558
v 0.0985578075 -0.154653281 2.63736558
v -0.198172241 -0.139565662 2.59978223
v -0.168531656 -0.175682902 2.59978223
v -0.125440225 -0.132591456 2.63736558
v -0.14750208 -0.105708934 2.63736558
v -0.233760074 0.0393465124 2.59978223
v -0.238339767 -0.00715125958 2.59978223
v -0.177399263 -0.00715124235 2.63736558
v -0.173990533 0.0274576284 2.63736558
v -0.13241446 0.191020936 2.59978223
v -0.168531656 0.161380336 2.59978223
v -0.125440225 0.118288912 2.63736558
v -0.0985577404 0.140350789 2.63736558
v -0.0464977287 -0.240911305 2.59978223
v 5.77762691e-08 -0.245490968 2.59978223
v 3.34167609e-08 -0.184550449 2.63736558
v -0.0346088484 -0.181141749 2.63736558
v 0.168531343 0.161380559 2.59978223
v 0.132414177 0.191021159 2.59978223
v 0.0985575169 0.140350953 2.63736558
v 0.125439972 0.118289091 2.63736558
v 0.238339692 -0.00715104584 2.59978223
v 0.23375991 0.0393467434 2.59978223
v 0.173990399 0.0274577998 2.63736558
v 0.177399203 -0.00715108309 2.63736558
v 0.168531701 -0.175682768 2.59978223
v 0.198172286 -0.139565557 2.59978223
v 0.147502095 -0.105708852 2.63736558
v 0.12544024 -0.132591352 2.63736558
v 5.77762691e-08 -0.245490968 2.59978223
v 0.0464978628 -0.240911305 2.59978223
v 0.0346089303 -0.181141749 2.63736558
v 3.34167609e-08 -0.184550449 2.63736558
v -0.168531656 -0.175682902 2.59978223
v -0.132414445 -0.205323517 2.59978223
v -0.098557733 -0.154653341 2.63736558
v -0.125440225 -0.132591456 2.63736558
v -0.238339767 -0.00715125958 2.59978223
v -0.233760133 -0.0536490157 2.59978223
v -0.173990592 -0.0417601019 2.63736558
v -0.177399263 -0.00715124235 2.63736558
v -0.168531656 0.161380336 2.59978223
v -0.198172241 0.125263199 2.59978223
v -0.14750208 0.0914064944 2.63736558
v -0.125440225 0.118288912 2.63736558
v -1.9884661e-08 0.231188476 2.59978223
v -0.0464977883 0.226608783 2.59978223
v -0.0346088931 0.166839272 2.63736558
v -2.438723e-08 0.170248002 2.63736558
v 0.132414177 0.191021159 2.59978223
v 0.0912083238 0.213046029 2.59978223
v 0.067887485 0.156744331 2.63736558
v 0.0985575169 0.140350953 2.63736558
v 0.23375991 0.0393467434 2.59978223
v 0.220197082 0.084057644 2.59978223
v 0.163895413 0.0607366748 2.63736558
v 0.173990399 0.0274577998 2.63736558
v 0.198172286 -0.139565557 2.59978223
v 0.220197201 -0.0983597562 2.59978223
v 0.163895503 -0.0750388652 2.63736558
v 0.147502095 -0.105708852 2.63736558
v 0.0464978628 -0.240911305 2.59978223
v 0.0912087485 -0.227348432 2.59978223
v 0.067887798 -0.171046749 2.63736558
v 0.0346089303 -0.181141749 2.63736558
v -0.0464977883 0.226608783 2.59978223
v -0.0912087038 0.213045925 2.59978223
v -0.0678877831 0.156744257 2.63736558
v -0.0346088931 0.166839272 2.63736558
v -0.132414445 -0.205323517 2.59978223
v -0.0912086517 -0.227348432 2.59978223
v -0.0678877458 -0.171046749 2.63736558
v -0.098557733 -0.154653341 2.63736558
v -0.233760133 -0.0536490157 2.59978223
v -0.220197216 -0.0983598679 2.59978223
v -0.163895532 -0.0750389397 2.63736558
v -0.173990592 -0.0417601019 2.63736558
v -0.198172241 0.125263199 2.59978223
v -0.220197216 0.0840573832 2.59978223
v -0.163895532 0.0607364811 2.63736558
v -0.14750208 0.0914064944 2.63736558
v 0.067887485 0.156744331 2.63736558
v 0.0346085839 0.166839331 2.63736558
v 0.0235622004 0.111305006 2.66790223
v 0.0462191366 0.104432136 2.66790223
v 0.163895413 0.0607366748 2.63736558
v 0.147501901 0.0914066583 2.63736558
v 0.100422211 0.0599489398 2.66790223
v 0.111583248 0.0390682146 2.66790223
v 0.163895503 -0.0750388652 2.63736558
v 0.173990503 -0.041759979 2.63736558
v 0.118456192 -0.0307135396 2.66790223
v 0.111583307 -0.0533704758 2.66790223
v 0.067887798 -0.171046749 2.63736558
v 0.0985578075 -0.154653281 2.63736558
v 0.0671001077 -0.107573539 2.66790223
v 0.0462193526 -0.118734539 2.66790223
v -0.0678877831 0.156744257 2.63736558
v -0.0985577404 0.140350789 2.63736558
v -0.0671000779 0.0932710767 2.66790223
v -0.0462193638 0.104432084 2.66790223
v -0.0678877458 -0.171046749 2.63736558
v -0.0346088484 -0.181141749 2.63736558
v -0.0235624034 -0.125607431 2.66790223
v -0.0462193377 -0.118734539 2.66790223
v -0.163895532 -0.0750389397 2.63736558
v -0.14750208 -0.105708934 2.63736558
v -0.100422345 -0.0742512569 2.66790223
v -0.111583345 -0.0533705242 2.66790223
v -0.163895532 0.0607364811 2.63736558
v -0.173990533 0.0274576284 2.63736558
v -0.11845623 0.0164111778 2.66790223
v -0.111583345 0.0390680842 2.66790223
v 0.0346085839 0.166839331 2.63736558
v -2.438723e-08 0.170248002 2.63736558
v -2.77827752e-08 0.113625698 2.66790223
v 0.0235622004 0.111305006 2.66790223
v 0.147501901 0.0914066583 2.63736558
v 0.125439972 0.118289091 2.63736558
v 0.0854020193 0.0782510415 2.66790223
v 0.100422211 0.0599489398 2.66790223
v 0.173990503 -0.041759979 2.63736558
v 0.177399203 -0.00715108309 2.63736558
v 0.120776892 -0.00715111895 2.66790223
v 0.118456192 -0.0307135396 2.66790223
v 0.0985578075 -0.154653281 2.63736558
v 0.12544024 -0.132591352 2.63736558
v 0.0854021981 -0.0925533473 2.66790223
v 0.0671001077 -0.107573539 2.66790223
v -0.173990533 0.0274576284 2.63736558
v -0.177399263 -0.00715124235 2.63736558
v -0.120776951 -0.00715122744 2.66790223
v -0.11845623 0.0164111778 2.66790223
v -0.0985577404 0.140350789 2.63736558
v -0.125440225 0.118288912 2.63736558
v -0.0854022056 0.0782509223 2.66790223
v -0.0671000779 0.0932710767 2.66790223
v -0.0346088484 -0.181141749 2.63736558
v 3.34167609e-08 -0.184550449 2.63736558
v 1.15713341e-08 -0.127928138 2.66790223
v -0.0235624034 -0.125607431 2.66790223
v -0.14750208 -0.105708934 2.63736558
v -0.125440225 -0.132591456 2.63736558
v -0.0854022056 -0.0925534144 2.66790223
v -0.100422345 -0.0742512569 2.66790223
v 0.125439972 0.118289091 2.63736558
v 0.0985575169 0.140350953 2.63736558
v 0.0670999065 0.0932711959 2.66790223
v 0.0854020193 0.0782510415 2.66790223
v 0.177399203 -0.00715108309 2.63736558
v 0.173990399 0.0274577998 2.63736558
v 0.118456103 0.016411297 2.66790223
v 0.120776892 -0.00715111895 2.66790223
v 0.12544024 -0.132591352 2.63736558
v 0.147502095 -0.105708852 2.63736558
v 0.100422353 -0.0742512122 2.66790223
v 0.0854021981 -0.0925533473 2.66790223
v 3.34167609e-08 -0.184550449 2.63736558
v 0.0346089303 -0.181141749 2.63736558
v 0.0235624351 -0.125607431 2.66790223
v 1.15713341e-08 -0.127928138 2.66790223
v -0.125440225 -0.132591456 2.63736558
v -0.098557733 -0.154653341 2.63736558
v -0.067100063 -0.107573584 2.66790223
v -0.0854022056 -0.0925534144 2.66790223
v -0.177399263 -0.00715124235 2.63736558
v -0.173990592 -0.0417601019 2.63736558
v -0.118456267 -0.0307136253 2.66790223
v -0.120776951 -0.00715122744 2.66790223
v -0.125440225 0.118288912 2.63736558
v -0.14750208 0.0914064944 2.63736558
v -0.100422345 0.0599488355 2.66790223
v -0.0854022056 0.0782509223 2.66790223
v -2.438723e-08 0.170248002 2.63736558
v -0.0346088931 0.166839272 2.63736558
v -0.0235624332 0.111304969 2.66790223
v -2.77827752e-08 0.113625698 2.66790223
v 0.0985575169 0.140350953 2.63736558
v 0.067887485 0.156744331 2.63736558
v 0.0462191366 0.104432136 2.66790223
v 0.0670999065 0.0932711959 2.66790223
v 0.173990399 0.0274577998 2.63736558
v 0.163895413 0.0607366748 2.63736558
v 0.111583248 0.0390682146 2.66790223
v 0.118456103 0.016411297 2.66790223
v 0.147502095 -0.105708852 2.63736558
v 0.163895503 -0.0750388652 2.63736558
v 0.111583307 -0.0533704758 2.66790223
v 0.100422353 -0.0742512122 2.66790223
v 0.0346089303 -0.181141749 2.63736558
v 0.067887798 -0.171046749 2.63736558
v 0.0462193526 -0.118734539 2.66790223
v 0.0235624351 -0.125607431 2.66790223
v -0.098557733 -0.154653341 2.63736558
v -0.0678877458 -0.171046749 2.63736558
v -0.0462193377 -0.118734539 2.66790223
v -0.067100063 -0.107573584 2.66790223
v -0.173990592 -0.0417601019 2.63736558
v -0.163895532 -0.0750389397 2.63736558
v -0.111583345 -0.0533705242 2.66790223
v -0.118456267 -0.0307136253 2.66790223
v -0.14750208 0.0914064944 2.63736558
v -0.163895532 0.0607364811 2.63736558
v -0.111583345 0.0390680842 2.66790223
v -0.100422345 0.0599488355 2.66790223
v -0.0346088931 0.166839272 2.63736558
v -0.0678877831 0.156744257 2.63736558
v -0.0462193638 0.104432084 2.66790223
v -0.0235624332 0.111304969 2.66790223
v 0.0462191366 0.104432136 2.66790223
v 0.0235622004 0.111305006 2.66790223
v 0.00836537033 0.034904886 2.6913898
v 0.0164093692 0.0324647687 2.6913898
v 0.111583248 0.0390682146 2.66790223
v 0.100422211 0.0599489398 2.66790223
v 0.035653349 0.0166716911 2.6913898
v 0.0396159068 0.00925830845 2.6913898
v 0.111583307 -0.0533704758 2.66790223
v 0.118456192 -0.0307135396 2.66790223
v 0.0420560464 -0.0155166453 2.6913898
v 0.0396159254 -0.0235606432 2.6913898
v 0.0462193526 -0.118734539 2.66790223
v 0.0671001077 -0.107573539 2.66790223
v 0.0238228403 -0.0428046212 2.6913898
v 0.0164094456 -0.0467671603 2.6913898
v -0.0462193377 -0.118734539 2.66790223
v -0.0235624034 -0.125607431 2.66790223
v -0.00836550351 -0.0492072776 2.6913898
v -0.0164095033 -0.0467671603 2.6913898
v -0.111583345 -0.0533705242 2.66790223
v -0.100422345 -0.0742512569 2.66790223
v -0.0356534608 -0.0309740491 2.6913898
v -0.0396159999 -0.0235606655 2.6913898
v -0.111583345 0.0390680842 2.66790223
v -0.11845623 0.0164111778 2.66790223
v -0.042056106 0.00121427048 2.6913898
v -0.0396159999 0.00925826188 2.6913898
v -0.0462193638 0.104432084 2.66790223
v -0.0671000779 0.0932710767 2.66790223
v -0.0238228906 0.028502211 2.6913898
v -0.0164095126 0.0324647538 2.6913898
v 0.0235622004 0.111305006 2.66790223
v -2.77827752e-08 0.113625698 2.66790223
v -3.99676203e-08 0.0357288085 2.6913898
v 0.00836537033 0.034904886 2.6913898
v 0.100422211 0.0599489398 2.66790223
v 0.0854020193 0.0782510415 2.66790223
v 0.0303206611 0.0231695771 2.6913898
v 0.035653349 0.0166716911 2.6913898
v 0.118456192 -0.0307135396 2.66790223
v 0.120776892 -0.00715111895 2.66790223
v 0.0428799726 -0.00715116458 2.6913898
v 0.0420560464 -0.0155166453 2.6913898
v 0.0671001077 -0.107573539 2.66790223
v 0.0854021981 -0.0925533473 2.66790223
v 0.0303207207 -0.0374719314 2.6913898
v 0.0238228403 -0.0428046212 2.6913898
v -0.0671000779 0.0932710767 2.66790223
v -0.0854022056 0.0782509223 2.66790223
v -0.0303207859 0.0231695324 2.6913898
v -0.0238228906 0.028502211 2.6913898
v -0.0235624034 -0.125607431 2.66790223
v 1.15713341e-08 -0.127928138 2.66790223
v -2.59955435e-08 -0.0500312075 2.6913898
v -0.00836550351 -0.0492072776 2.6913898
v -0.100422345 -0.0742512569 2.66790223
v -0.0854022056 -0.0925534144 2.66790223
v -0.0303207859 -0.0374719501 2.6913898
v -0.0356534608 -0.0309740491 2.6913898
v -0.11845623 0.0164111778 2.66790223
v -0.120776951 -0.00715122744 2.66790223
v -0.0428800471 -0.00715120323 2.6913898
v -0.042056106 0.00121427048 2.6913898
v 0.0854020193 0.0782510415 2.66790223
v 0.0670999065 0.0932711959 2.66790223
v 0.0238227658 0.0285022482 2.6913898
v 0.0303206611 0.0231695771 2.6913898
v 0.120776892 -0.00715111895 2.66790223
v 0.118456103 0.016411297 2.66790223
v 0.0420560129 0.00121431239 2.6913898
v 0.0428799726 -0.00715116458 2.6913898
v 0.0854021981 -0.0925533473 2.66790223
v 0.100422353 -0.0742512122 2.66790223
v 0.0356534012 -0.0309740342 2.6913898
v 0.0303207207 -0.0374719314 2.6913898
v 1.15713341e-08 -0.127928138 2.66790223
v 0.0235624351 -0.125607431 2.66790223
v 0.00836545322 -0.0492072776 2.6913898
v -2.59955435e-08 -0.0500312075 2.6913898
v -0.120776951 -0.00715122744 2.66790223
v -0.118456267 -0.0307136253 2.66790223
v -0.0420561209 -0.0155166741 2.6913898
v -0.0428800471 -0.00715120323 2.6913898
v -0.0854022056 0.0782509223 2.66790223
v -0.100422345 0.0599488355 2.66790223
v -0.0356534608 0.0166716501 2.6913898
v -0.0303207859 0.0231695324 2.6913898
v -2.77827752e-08 0.113625698 2.66790223
v -0.0235624332 0.111304969 2.66790223
v -0.00836551469 0.0349048711 2.6913898
v -3.99676203e-08 0.0357288085 2.6913898
v -0.0854022056 -0.0925534144 2.66790223
v -0.067100063 -0.107573584 2.66790223
v -0.0238228906 -0.0428046323 2.6913898
v -0.0303207859 -0.0374719501 2.6913898
v 0.0670999065 0.0932711959 2.66790223
v 0.0462191366 0.104432136 2.66790223
v 0.0164093692 0.0324647687 2.6913898
v 0.0238227658 0.0285022482 2.6913898
v 0.118456103 0.016411297 2.66790223
v 0.111583248 0.0390682146 2.66790223
v 0.0396159068 0.00925830845 2.6913898
v 0.0420560129 0.00121431239 2.6913898
v 0.100422353 -0.0742512122 2.66790223
v 0.111583307 -0.0533704758 2.66790223
v 0.0396159254 -0.0235606432 2.6913898
v 0.0356534012 -0.0309740342 2.6913898
v 0.0235624351 -0.125607431 2.66790223
v 0.0462193526 -0.118734539 2.66790223
v 0.0164094456 -0.0467671603 2.6913898
v 0.00836545322 -0.0492072776 2.6913898
v -0.067100063 -0.107573584 2.66790223
v -0.0462193377 -0.118734539 2.66790223
v -0.0164095033 -0.0467671603 2.6913898
v -0.0238228906 -0.0428046323 2.6913898
v -0.118456267 -0.0307136253 2.66790223
v -0.111583345 -0.0533705242 2.66790223
v -0.0396159999 -0.0235606655 2.6913898
v -0.0420561209 -0.0155166741 2.6913898
v -0.100422345 0.0599488355 2.66790223
v -0.111583345 0.0390680842 2.66790223
v -0.0396159999 0.00925826188 2.6913898
v -0.0356534608 0.0166716501 2.6913898
v -0.0235624332 0.111304969 2.66790223
v -0.0462193638 0.104432084 2.66790223
v -0.0164095126 0.0324647538 2.6913898
v -0.00836551469 0.0349048711 2.6913898
v -0.00836551469 0.0349048711 2.6913898
v -0.0164095126 0.0324647538 2.6913898
v -0.0238228906 0.028502211 2.6913898
v -0.0303207859 0.0231695324 2.6913898
v -0.0356534608 0.0166716501 2.6913898
v -0.0396159999 0.00925826188 2.6913898
v -0.042056106 0.00121427048 2.6913898
v -0.0428800471 -0.00715120323 2.6913898
v -0.0420561209 -0.0155166741 2.6913898
v -0.0396159999 -0.0235606655 2.6913898
v -0.0356534608 -0.0309740491 2.6913898
v -0.0303207859 -0.0374719501 2.6913898
v -0.0238228906 -0.0428046323 2.6913898
v -0.0164095033 -0.0467671603 2.6913898
v -0.00836550351 -0.0492072776 2.6913898
v -2.59955435e-08 -0.0500312075 2.6913898
v 0.00836545322 -0.0492072776 2.6913898
v 0.0164094456 -0.0467671603 2.6913898
v 0.0238228403 -0.0428046212 2.6913898
v 0.0303207207 -0.0374719314 2.6913898
v 0.0356534012 -0.0309740342 2.6913898
v 0.0396159254 -0.0235606432 2.6913898
v 0.0420560464 -0.0155166453 2.6913898
v 0.0428799726 -0.00715116458 2.6913898
v 0.0420560129 0.00121431239 2.6913898
v 0.0396159068 0.00925830845 2.6913898
v 0.035653349 0.0166716911 2.6913898
v 0.0303206611 0.0231695771 2.6913898
v 0.0238227658 0.0285022482 2.6913898
v 0.0164093692 0.0324647687 2.6913898
v 0.00836537033 0.034904886 2.6913898
v -3.99676203e-08 0.0357288085 2.6913898
v -0.0646434873 0.317833453 -2.70915508
v 0 0.324200302 -2.70915508
v 0.0646429956 0.317833543 -2.70915508
v 0.126802325 0.298977852 -2.70915508
v 0.184088707 0.268357724 -2.70915508
v 0.234300658 0.227149963 -2.70915508
v 0.275508583 0.176938131 -2.70915508
v 0.30612883 0.119651809 -2.70915508
v 0.324984729 0.0574925281 -2.70915508
v 0.331351608 -0.00715098856 -2.70915508
v 0.324984848 -0.0717945099 -2.70915508
v 0.306129098 -0.133953825 -2.70915508
v 0.27550894 -0.191240191 -2.70915508
v 0.23430112 -0.241452128 -2.70915508
v 0.184089243 -0.282660007 -2.70915508
v 0.126802906 -0.313280225 -2.70915508
v 0.0646436289 -0.332136035 -2.70915508
v 1.07968063e-07 -0.338502914 -2.70915508
v -0.0646434128 -0.332136095 -2.70915508
v -0.126802728 -0.313280314 -2.70915508
v -0.184089079 -0.282660127 -2.70915508
v -0.234300971 -0.241452262 -2.70915508
v -0.275508791 -0.19124037 -2.70915508
v -0.306128979 -0.133954033 -2.70915508
v -0.324984789 -0.0717947558 -2.70915508
v -0.331351608 -0.00715128286 -2.70915508
v -0.324984759 0.0574921928 -2.70915508
v -0.306128949 0.119651452 -2.70915508
v -0.275508791 0.176937774 -2.70915508
v -0.234300971 0.227149665 -2.70915508
v -0.184089094 0.268357486 -2.70915508
v -0.126802787 0.298977643 -2.70915508
v 0.205958605 0.19880791 0.769960344
v 0.161820546 0.235031024 0.769960344
v 0.156078652 0.226437658 0.916768968
v 0.198650554 0.191499829 0.916768968
v 0.291269898 -0.00715101324 0.769960344
v 0.285673052 0.0496729426 0.769960344
v 0.275536507 0.0476566479 0.916768968
v 0.280934751 -0.00715102023 0.916768968
v 0.205959022 -0.213110045 0.769960344
v 0.24218215 -0.168972 0.769960344
v 0.233588785 -0.163230091 0.916768968
v 0.198650971 -0.205801994 0.916768968
v 8.24314839e-08 -0.298421144 0.769960344
v 0.0568240508 -0.292824477 0.769960344
v 0.0548077598 -0.282687932 0.916768968
v 7.78531373e-08 -0.288085997 0.916768968
v -0.291269869 -0.00715127308 0.769960344
v -0.285673201 -0.0639751852 0.769960344
v -0.275536656 -0.0619589016 0.916768968
v -0.280934721 -0.00715127075 0.916768968
v -0.205958918 0.198807612 0.769960344
v -0.242182061 0.154669613 0.769960344
v -0.233588696 0.148927718 0.916768968
v -0.198650867 0.191499561 0.916768968
v -1.24762725e-08 0.284118593 0.769960344
v -0.0568239428 0.278521866 0.769960344
v -0.0548076555 0.268385321 0.916768968
v -1.36870106e-08 0.273783445 0.916768968
v -0.205958918 -0.213110194 0.769960344
v -0.161820874 -0.249333367 0.769960344
v -0.156078964 -0.240740001 0.916768968
v -0.198650867 -0.205802143 0.916768968
v 0.161820546 0.235031024 0.769960344
v 0.111463763 0.261947155 0.769960344
v 0.107508689 0.252398729 0.916768968
v 0.156078652 0.226437658 0.916768968
v 0.285673052 0.0496729426 0.769960344
v 0.269098192 0.104313172 0.769960344
v 0.259549767 0.100358076 0.916768968
v 0.275536507 0.0476566479 0.916768968
v 0.24218215 -0.168972 0.769960344
v 0.269098371 -0.118615247 0.769960344
v 0.259549916 -0.114660159 0.916768968
v 0.233588785 -0.163230091 0.916768968
v 0.0568240508 -0.292824477 0.769960344
v 0.111464262 -0.276249588 0.769960344
v 0.107509173 -0.266701132 0.916768968
v 0.0548077598 -0.282687932 0.916768968
v -0.161820874 -0.249333367 0.769960344
v -0.111464135 -0.276249588 0.769960344
v -0.107509047 -0.266701162 0.916768968
v -0.156078964 -0.240740001 0.916768968
v -0.285673201 -0.0639751852 0.769960344
v -0.269098282 -0.118615381 0.769960344
v -0.259549856 -0.114660293 0.916768968
v -0.275536656 -0.0619589016 0.916768968
v -0.242182061 0.154669613 0.769960344
v -0.269098282 0.104312874 0.769960344
v -0.259549856 0.100357786 0.916768968
v -0.233588696 0.148927718 0.916768968
v -0.0568239428 0.278521866 0.769960344
v -0.11146418 0.261946976 0.769960344
v -0.107509099 0.25239858 0.916768968
v -0.0548076555 0.268385321 0.916768968
v 0.111463763 0.261947155 0.769960344
v 0.0568234958 0.278521925 0.769960344
v 0.0548072234 0.268385381 0.916768968
v 0.107508689 0.252398729 0.916768968
v 0.269098192 0.104313172 0.769960344
v 0.242181823 0.154669911 0.769960344
v 0.233588472 0.148928002 0.916768968
v 0.259549767 0.100358076 0.916768968
v 0.269098371 -0.118615247 0.769960344
v 0.285673261 -0.063974984 0.769960344
v 0.275536716 -0.0619587004 0.916768968
v 0.259549916 -0.114660159 0.916768968
v 0.111464262 -0.276249588 0.769960344
v 0.161821008 -0.249333277 0.769960344
v 0.156079113 -0.240739912 0.916768968
v 0.107509173 -0.266701132 0.916768968
v -0.111464135 -0.276249588 0.769960344
v -0.0568238683 -0.292824477 0.769960344
v -0.0548075885 -0.282687932 0.916768968
v -0.107509047 -0.266701162 0.916768968
v -0.269098282 -0.118615381 0.769960344
v -0.242182061 -0.16897209 0.769960344
v -0.233588696 -0.163230181 0.916768968
v -0.259549856 -0.114660293 0.916768968
v -0.269098282 0.104312874 0.769960344
v -0.285673112 0.0496726483 0.769960344
v -0.275536567 0.0476563647 0.916768968
v -0.259549856 0.100357786 0.916768968
v -0.11146418 0.261946976 0.769960344
v -0.161820889 0.235030785 0.769960344
v -0.156078994 0.22643742 0.916768968
v -0.107509099 0.25239858 0.916768968
v 0.0568234958 0.278521925 0.769960344
v -1.24762725e-08 0.284118593 0.769960344
v -1.36870106e-08 0.273783445 0.916768968
v 0.0548072234 0.268385381 0.916768968
v 0.242181823 0.154669911 0.769960344
v 0.205958605 0.19880791 0.769960344
v 0.198650554 0.191499829 0.916768968
v 0.233588472 0.148928002 0.916768968
v 0.285673261 -0.063974984 0.769960344
v 0.291269898 -0.00715101324 0.769960344
v 0.280934751 -0.00715102023 0.916768968
v 0.275536716 -0.0619587004 0.916768968
v 0.161821008 -0.249333277 0.769960344
v 0.205959022 -0.213110045 0.769960344
v 0.198650971 -0.205801994 0.916768968
v 0.156079113 -0.240739912 0.916768968
v -0.161820889 0.235030785 0.769960344
v -0.205958918 0.198807612 0.769960344
v -0.198650867 0.191499561 0.916768968
v -0.156078994 0.22643742 0.916768968
v -0.0568238683 -0.292824477 0.769960344
v 8.24314839e-08 -0.298421144 0.769960344
v 7.78531373e-08 -0.288085997 0.916768968
v -0.0548075885 -0.282687932 0.916768968
v -0.242182061 -0.16897209 0.769960344
v -0.205958918 -0.213110194 0.769960344
v -0.198650867 -0.205802143 0.916768968
v -0.233588696 -0.163230181 0.916768968
v -0.285673112 0.0496726483 0.769960344
v -0.291269869 -0.00715127308 0.769960344
v -0.280934721 -0.00715127075 0.916768968
v -0.275536567 0.0476563647 0.916768968
v 0.204977497 0.197826803 1.14109242
v 0.161049709 0.233877376 1.14109242
v 0.170854181 0.248550817 1.39007986
v 0.217456207 0.210305527 1.39007986
v 0.289882392 -0.00715101371 1.14109242
v 0.284312248 0.0494022556 1.14109242
v 0.301620722 0.0528451353 1.39007986
v 0.307529986 -0.00715100253 1.39007986
v 0.20497793 -0.212128967 1.14109242
v 0.241028517 -0.168201149 1.14109242
v 0.255701959 -0.178005606 1.39007986
v 0.217456654 -0.224607691 1.39007986
v 8.16251884e-08 -0.297033668 1.14109242
v 0.0565533675 -0.291463673 1.14109242
v 0.0599962473 -0.308772147 1.39007986
v 8.9403045e-08 -0.314681262 1.39007986
v -1.28304691e-08 0.282731116 1.14109242
v -0.0565532595 0.277161062 1.14109242
v -0.0599961318 0.294469535 1.39007986
v -1.08029443e-08 0.30037871 1.39007986
v -0.204977825 -0.212129101 1.14109242
v -0.161050037 -0.248179719 1.14109242
v -0.170854479 -0.262853175 1.39007986
v -0.217456549 -0.224607825 1.39007986
v -0.289882392 -0.00715127261 1.14109242
v -0.284312397 -0.0637045056 1.14109242
v -0.301620871 -0.0671473816 1.39007986
v -0.307529956 -0.00715127727 1.39007986
v -0.204977825 0.197826505 1.14109242
v -0.241028398 0.153898761 1.14109242
v -0.25570181 0.163703233 1.39007986
v -0.217456549 0.210305229 1.39007986
v 0.161049709 0.233877376 1.14109242
v 0.110932797 0.260665298 1.14109242
v 0.11768622 0.276969522 1.39007986
v 0.170854181 0.248550817 1.39007986
v 0.284312248 0.0494022556 1.14109242
v 0.267816335 0.103782207 1.14109242
v 0.28412056 0.110535651 1.39007986
v 0.301620722 0.0528451353 1.39007986
v 0.241028517 -0.168201149 1.14109242
v 0.267816484 -0.118084274 1.14109242
v 0.284120739 -0.124837704 1.39007986
v 0.255701959 -0.178005606 1.39007986
v 0.0565533675 -0.291463673 1.14109242
v 0.110933296 -0.2749677 1.14109242
v 0.117686741 -0.291271925 1.39007986
v 0.0599962473 -0.308772147 1.39007986
v -0.241028398 0.153898761 1.14109242
v -0.267816424 0.103781909 1.14109242
v -0.284120649 0.110535339 1.39007986
v -0.25570181 0.163703233 1.39007986
v -0.0565532595 0.277161062 1.14109242
v -0.110933222 0.260665119 1.14109242
v -0.117686659 0.276969373 1.39007986
v -0.0599961318 0.294469535 1.39007986
v -0.161050037 -0.248179719 1.14109242
v -0.11093317 -0.27496773 1.14109242
v -0.117686599 -0.291271955 1.39007986
v -0.170854479 -0.262853175 1.39007986
v -0.284312397 -0.0637045056 1.14109242
v -0.267816424 -0.118084416 1.14109242
v -0.284120649 -0.124837853 1.39007986
v -0.301620871 -0.0671473816 1.39007986
v 0.110932797 0.260665298 1.14109242
v 0.0565528125 0.277161121 1.14109242
v 0.0599956587 0.294469595 1.39007986
v 0.11768622 0.276969522 1.39007986
v 0.267816335 0.103782207 1.14109242
v 0.241028175 0.153899059 1.14109242
v 0.255701602 0.163703546 1.39007986
v 0.28412056 0.110535651 1.39007986
v 0.267816484 -0.118084274 1.14109242
v 0.284312427 -0.0637042969 1.14109242
v 0.30162093 -0.0671471581 1.39007986
v 0.284120739 -0.124837704 1.39007986
v 0.110933296 -0.2749677 1.14109242
v 0.161050171 -0.248179615 1.14109242
v 0.170854643 -0.262853056 1.39007986
v 0.117686741 -0.291271925 1.39007986
v -0.267816424 -0.118084416 1.14109242
v -0.241028398 -0.168201253 1.14109242
v -0.25570181 -0.178005695 1.39007986
v -0.284120649 -0.124837853 1.39007986
v -0.267816424 0.103781909 1.14109242
v -0.284312308 0.0494019687 1.14109242
v -0.301620781 0.0528448336 1.39007986
v -0.284120649 0.110535339 1.39007986
v -0.110933222 0.260665119 1.14109242
v -0.161050051 0.233877122 1.14109242
v -0.170854494 0.248550519 1.39007986
v -0.117686659 0.276969373 1.39007986
v -0.11093317 -0.27496773 1.14109242
v -0.0565531887 -0.291463673 1.14109242
v -0.0599960573 -0.308772147 1.39007986
v -0.117686599 -0.291271955 1.39007986
v 0.0565528125 0.277161121 1.14109242
v -1.28304691e-08 0.282731116 1.14109242
v -1.08029443e-08 0.30037871 1.39007986
v 0.0599956587 0.294469595 1.39007986
v 0.241028175 0.153899059 1.14109242
v 0.204977497 0.197826803 1.14109242
v 0.217456207 0.210305527 1.39007986
v 0.255701602 0.163703546 1.39007986
v 0.284312427 -0.0637042969 1.14109242
v 0.289882392 -0.00715101371 1.14109242
v 0.307529986 -0.00715100253 1.39007986
v 0.30162093 -0.0671471581 1.39007986
v 0.161050171 -0.248179615 1.14109242
v 0.20497793 -0.212128967 1.14109242
v 0.217456654 -0.224607691 1.39007986
v 0.170854643 -0.262853056 1.39007986
v -0.0565531887 -0.291463673 1.14109242
v 8.16251884e-08 -0.297033668 1.14109242
v 8.9403045e-08 -0.314681262 1.39007986
v -0.0599960573 -0.308772147 1.39007986
v -0.241028398 -0.168201253 1.14109242
v -0.204977825 -0.212129101 1.14109242
v -0.217456549 -0.224607825 1.39007986
v -0.25570181 -0.178005695 1.39007986
v -0.284312308 0.0494019687 1.14109242
v -0.289882392 -0.00715127261 1.14109242
v -0.307529956 -0.00715127727 1.39007986
v -0.301620781 0.0528448336 1.39007986
v -0.161050051 0.233877122 1.14109242
v -0.204977825 0.197826505 1.14109242
v -0.217456549 0.210305229 1.39007986
v -0.170854494 0.248550519 1.39007986
vn 0.234293208 0.234293208 0
vn 0.184085339 0.275501072 0
vn 0 0 0.331341505
vn 0 0 0.331351608
vn 0.331351608 0 0
vn 0.324980825 0.06463819 0
vn 0.234293208 -0.234293208 0
vn 0.275501072 -0.184085339 0
vn 0 0 -0.331351608
vn 0 -0.331351608 0
vn 0.06463819 -0.324980825 0
vn 0 0 -0.331341505
vn 0 0.331351608 0
vn -0.06463819 0.324980825 0
vn -0.234293208 -0.234293208 0
vn -0.184085339 -0.275501072 0
vn -0.331351608 0 0
vn -0.324980825 -0.06463819 0
vn -0.234293208 0.234293208 0
vn -0.275501072 0.184085339 0
vn 0.126798853 0.30612129 0
vn 0.30612129 0.126798853 0
vn 0.30612129 -0.126798853 0
vn 0.126798853 -0.30612129 0
vn -0.30612129 0.126798853 0
vn -0.126798853 0.30612129 0
vn -0.126798853 -0.30612129 0
vn -0.30612129 -0.126798853 0
vn 0.06463819 0.324980825 0
vn 0.275501072 0.184085339 0
vn 0.324980825 -0.06463819 0
vn 0.184085339 -0.275501072 0
vn -0.275501072 -0.184085339 0
vn -0.324980825 0.06463819 0
vn -0.184085339 0.275501072 0
vn -0.06463819 -0.324980825 0
vn 0.129195467 0.129195467 -0.276421279
vn 0.101507843 0.151917934 -0.276421279
vn 0.168401077 0.252030283 -0.133826941
vn 0.214331403 0.214331403 -0.133826941
vn 0.182710066 0 -0.276421279
vn 0.179201081 0.0356359482 -0.276421279
vn 0.297293186 0.0591269508 -0.133826941
vn 0.303117901 0 -0.133826941
vn 0.129195467 -0.129195467 -0.276421279
vn 0.151917934 -0.101507843 -0.276421279
vn 0.252030283 -0.168401077 -0.133826941
vn 0.214331403 -0.214331403 -0.133826941
vn 0 -0.182710066 -0.276421279
vn 0.0356359482 -0.179201081 -0.276421279
vn 0.0591269508 -0.297293186 -0.133826941
vn 0 -0.303117901 -0.133826941
vn -0.182710066 0 -0.276421279
vn -0.179201081 -0.0356359482 -0.276421279
vn -0.297293186 -0.0591269508 -0.133826941
vn -0.303117901 0 -0.133826941
vn -0.129195467 0.129195467 -0.276421279
vn -0.151917934 0.101507843 -0.276421279
vn -0.252030283 0.168401077 -0.133826941
vn -0.214331403 0.214331403 -0.133826941
vn 0 0.182710066 -0.276421279
vn -0.0356359482 0.179201081 -0.276421279
vn -0.0591269508 0.297293186 -0.133826941
vn 0 0.303117901 -0.133826941
vn -0.129195467 -0.129195467 -0.276421279
vn -0.101507843 -0.151917934 -0.276421279
vn -0.168401077 -0.252030283 -0.133826941
vn -0.214331403 -0.214331403 -0.133826941
vn 0.0699168369 0.168795466 -0.276421279
vn 0.115998842 0.280041516 -0.133826941
vn 0.168795466 0.0699168369 -0.276421279
vn 0.280041516 0.115998842 -0.133826941
vn 0.168795466 -0.0699168369 -0.276421279
vn 0.280041516 -0.115998842 -0.133826941
vn 0.0699168369 -0.168795466 -0.276421279
vn 0.115998842 -0.280041516 -0.133826941
vn -0.0699168369 -0.168795466 -0.276421279
vn -0.115998842 -0.280041516 -0.133826941
vn -0.168795466 -0.0699168369 -0.276421279
vn -0.280041516 -0.115998842 -0.133826941
vn -0.168795466 0.0699168369 -0.276421279
vn -0.280041516 0.115998842 -0.133826941
vn -0.0699168369 0.168795466 -0.276421279
vn -0.115998842 0.280041516 -0.133826941
vn 0.0356359482 0.179201081 -0.276421279
vn 0.0591269508 0.297293186 -0.133826941
vn 0.151917934 0.101507843 -0.276421279
vn 0.252030283 0.168401077 -0.133826941
vn 0.179201081 -0.0356359482 -0.276421279
vn 0.297293186 -0.0591269508 -0.133826941
vn 0.101507843 -0.151917934 -0.276421279
vn 0.168401077 -0.252030283 -0.133826941
vn -0.0356359482 -0.179201081 -0.276421279
vn -0.0591269508 -0.297293186 -0.133826941
vn -0.151917934 -0.101507843 -0.276421279
vn -0.252030283 -0.168401077 -0.133826941
vn -0.179201081 0.0356359482 -0.276421279
vn -0.297293186 0.0591269508 -0.133826941
vn -0.101507843 0.151917934 -0.276421279
vn -0.168401077 0.252030283 -0.133826941
vn 0.173578605 0.259776324 -0.110335931
vn 0.220924661 0.220924661 -0.110335931
vn 0.306434751 0.0609471798 -0.110335931
vn 0.312431395 0 -0.110335931
vn 0.259776324 -0.173578605 -0.110335931
vn 0.220924661 -0.220924661 -0.110335931
vn 0.0609471798 -0.306434751 -0.110335931
vn 0 -0.312431395 -0.110335931
vn -0.173578605 -0.259776324 -0.110335931
vn -0.220924661 -0.220924661 -0.110335931
vn -0.306434751 -0.0609471798 -0.110335931
vn -0.312431395 0 -0.110335931
vn -0.259776324 0.173578605 -0.110335931
vn -0.220924661 0.220924661 -0.110335931
vn -0.0609471798 0.306434751 -0.110335931
vn 0 0.312431395 -0.110335931
vn 0.119558394 0.288647115 -0.110335931
vn 0.288647115 0.119558394 -0.110335931
vn 0.288647115 -0.119558394 -0.110335931
vn 0.119558394 -0.288647115 -0.110335931
vn -0.119558394 0.288647115 -0.110335931
vn -0.119558394 -0.288647115 -0.110335931
vn -0.288647115 -0.119558394 -0.110335931
vn -0.288647115 0.119558394 -0.110335931
vn 0.0609471798 0.306434751 -0.110335931
vn 0.259776324 0.173578605 -0.110335931
vn 0.306434751 -0.0609471798 -0.110335931
vn 0.173578605 -0.259776324 -0.110335931
vn -0.306434751 0.0609471798 -0.110335931
vn -0.173578605 0.259776324 -0.110335931
vn -0.0609471798 -0.306434751 -0.110335931
vn -0.259776324 -0.173578605 -0.110335931
vn 0.177310064 0.265368491 -0.0890494138
vn 0.225677475 0.225677475 -0.0890494138
vn 0.313028038 0.0622617826 -0.0890494138
vn 0.31915611 0 -0.0890494138
vn 0.265368491 -0.177310064 -0.0890494138
vn 0.225677475 -0.225677475 -0.0890494138
vn 0.0622617826 -0.313028038 -0.0890494138
vn 0 -0.31915611 -0.0890494138
vn -0.177310064 -0.265368491 -0.0890494138
vn -0.225677475 -0.225677475 -0.0890494138
vn -0.313028038 -0.0622617826 -0.0890494138
vn -0.31915611 0 -0.0890494138
vn -0.265368491 0.177310064 -0.0890494138
vn -0.225677475 0.225677475 -0.0890494138
vn -0.0622617826 0.313028038 -0.0890494138
vn 0 0.31915611 -0.0890494138
vn 0.122137047 0.294866234 -0.0890494138
vn 0.294856131 0.122137047 -0.0890494138
vn 0.294866234 -0.122137047 -0.0890494138
vn 0.122137047 -0.294856131 -0.0890494138
vn -0.122137047 -0.294856131 -0.0890494138
vn -0.294856131 -0.122137047 -0.0890494138
vn -0.294856131 0.122137047 -0.0890494138
vn -0.122137047 0.294856131 -0.0890494138
vn 0.0622617826 0.313028038 -0.0890494138
vn 0.265368491 0.177310064 -0.0890494138
vn 0.313028038 -0.0622617826 -0.0890494138
vn 0.177310064 -0.265368491 -0.0890494138
vn -0.177310064 0.265368491 -0.0890494138
vn -0.0622617826 -0.313028038 -0.0890494138
vn -0.265368491 -0.177310064 -0.0890494138
vn -0.313028038 0.0622617826 -0.0890494138
vn 0.180930302 0.270778567 -0.0610988624
vn 0.230278596 0.230278596 -0.0610988624
vn 0.319408923 0.0635258332 -0.0610988624
vn 0.325668454 0 -0.0610988624
vn 0.270778567 -0.180930302 -0.0610988624
vn 0.230278596 -0.230278596 -0.0610988624
vn 0.0635258332 -0.319408923 -0.0610988624
vn 0 -0.325668454 -0.0610988624
vn -0.319408923 -0.0635258332 -0.0610988624
vn -0.325668454 0 -0.0610988624
vn -0.270778567 0.180930302 -0.0610988624
vn -0.230278596 0.230278596 -0.0610988624
vn -0.0635258332 0.319408923 -0.0610988624
vn 0 0.325668454 -0.0610988624
vn -0.180930302 -0.270778567 -0.0610988624
vn -0.230278596 -0.230278596 -0.0610988624
vn 0.124624692 0.300872952 -0.0610988624
vn 0.300872952 0.124624692 -0.0610988624
vn 0.300872952 -0.124624692 -0.0610988624
vn 0.124624692 -0.300872952 -0.0610988624
vn -0.124624692 -0.300872952 -0.0610988624
vn -0.300872952 -0.124624692 -0.0610988624
vn -0.300872952 0.124624692 -0.0610988624
vn -0.124624692 0.300872952 -0.0610988624
vn 0.0635258332 0.319408923 -0.0610988624
vn 0.270778567 0.180930302 -0.0610988624
vn 0.319408923 -0.0635258332 -0.0610988624
vn 0.180930302 -0.270778567 -0.0610988624
vn -0.0635258332 -0.319408923 -0.0610988624
vn -0.270778567 -0.180930302 -0.0610988624
vn -0.319408923 0.0635258332 -0.0610988624
vn -0.180930302 0.270778567 -0.0610988624
vn 0.183923542 0.275268465 -0.0136314575
vn 0.234101072 0.234101072 -0.0136314575
vn 0.324707806 0.0645876229 -0.0136314575
vn 0.331068456 0 -0.0136314575
vn 0.275268465 -0.183923542 -0.0136314575
vn 0.234101072 -0.234101072 -0.0136314575
vn 0.0645876229 -0.324707806 -0.0136314575
vn 0 -0.331068456 -0.0136314575
vn -0.275268465 0.183923542 -0.0136314575
vn -0.234101072 0.234101072 -0.0136314575
vn -0.0645876229 0.324707806 -0.0136314575
vn 0 0.331068456 -0.0136314575
vn -0.183923542 -0.275268465 -0.0136314575
vn -0.234101072 -0.234101072 -0.0136314575
vn -0.324707806 -0.0645876229 -0.0136314575
vn -0.331068456 0 -0.0136314575
vn 0.126687616 0.305868477 -0.0136314575
vn 0.305868477 0.126687616 -0.0136314575
vn 0.305868477 -0.126687616 -0.0136314575
vn 0.126687616 -0.305868477 -0.0136314575
vn -0.305868477 -0.126687616 -0.0136314575
vn -0.305868477 0.126687616 -0.0136314575
vn -0.126687616 0.305868477 -0.0136314575
vn -0.126687616 -0.305868477 -0.0136314575
vn 0.0645876229 0.324707806 -0.0136314575
vn 0.275268465 0.183923542 -0.0136314575
vn 0.324707806 -0.0645876229 -0.0136314575
vn 0.183923542 -0.275268465 -0.0136314575
vn -0.0645876229 -0.324707806 -0.0136314575
vn -0.275268465 -0.183923542 -0.0136314575
vn -0.324707806 0.0645876229 -0.0136314575
vn -0.183923542 0.275268465 -0.0136314575
vn 0.183023557 0.273923516 0.0354842618
vn 0.232948259 0.232948259 0.0354842618
vn 0.323110044 0.0642640293 0.0354842618
vn 0.329440385 0 0.0354842618
vn 0.273923516 -0.183023557 0.0354842618
vn 0.232948259 -0.232948259 0.0354842618
vn 0.0642640293 -0.323110044 0.0354842618
vn 0 -0.329440385 0.0354842618
vn -0.0642640293 0.323110044 0.0354842618
vn 0 0.329440385 0.0354842618
vn -0.183023557 -0.273923516 0.0354842618
vn -0.232948259 -0.232948259 0.0354842618
vn -0.323110044 -0.0642640293 0.0354842618
vn -0.329440385 0 0.0354842618
vn -0.273923516 0.183023557 0.0354842618
vn -0.232948259 0.232948259 0.0354842618
vn 0.126070768 0.304361731 0.0354842618
vn 0.304361731 0.126070768 0.0354842618
vn 0.304361731 -0.126070768 0.0354842618
vn 0.126070768 -0.304361731 0.0354842618
vn -0.304361731 0.126070768 0.0354842618
vn -0.126070768 0.304361731 0.0354842618
vn -0.126070768 -0.304361731 0.0354842618
vn -0.304361731 -0.126070768 0.0354842618
vn 0.0642640293 0.323110044 0.0354842618
vn 0.273923516 0.183023557 0.0354842618
vn 0.323110044 -0.0642640293 0.0354842618
vn 0.183023557 -0.273923516 0.0354842618
vn -0.273923516 -0.183023557 0.0354842618
vn -0.323110044 0.0642640293 0.0354842618
vn -0.183023557 0.273923516 0.0354842618
vn -0.0642640293 -0.323110044 0.0354842618
vn 0.178260624 0.266784191 0.0826786309
vn 0.226880848 0.226880848 0.0826786309
vn 0.31469655 0.0625954941 0.0826786309
vn 0.320865095 0 0.0826786309
vn 0.266784191 -0.178260624 0.0826786309
vn 0.226880848 -0.226880848 0.0826786309
vn 0.0625954941 -0.31469655 0.0826786309
vn 0 -0.320865095 0.0826786309
vn -0.178260624 -0.266784191 0.0826786309
vn -0.226880848 -0.226880848 0.0826786309
vn -0.31469655 -0.0625954941 0.0826786309
vn -0.320865095 0 0.0826786309
vn -0.266784191 0.178260624 0.0826786309
vn -0.226880848 0.226880848 0.0826786309
vn -0.0625954941 0.31469655 0.0826786309
vn 0 0.320865095 0.0826786309
vn 0.122784235 0.29644376 0.0826786309
vn 0.29644376 0.122784235 0.0826786309
vn 0.29644376 -0.122784235 0.0826786309
vn 0.122784235 -0.29644376 0.0826786309
vn -0.122784235 0.29644376 0.0826786309
vn -0.122784235 -0.29644376 0.0826786309
vn -0.29644376 -0.122784235 0.0826786309
vn -0.29644376 0.122784235 0.0826786309
vn 0.0625954941 0.31469655 0.0826786309
vn 0.266784191 0.178260624 0.0826786309
vn 0.31469655 -0.0625954941 0.0826786309
vn 0.178260624 -0.266784191 0.0826786309
vn -0.31469655 0.0625954941 0.0826786309
vn -0.178260624 0.266784191 0.0826786309
vn -0.0625954941 -0.31469655 0.0826786309
vn -0.266784191 -0.178260624 0.0826786309
vn 0.172850519 0.258694321 0.113966264
vn 0.219994336 0.220004439 0.113966264
vn 0.305150509 0.0606943667 0.113966264
vn 0.311126888 0 0.113966264
vn 0.258694321 -0.172850519 0.113966264
vn 0.220004439 -0.220004439 0.113966264
vn 0.0606943667 -0.305150509 0.113966264
vn 0 -0.311126888 0.113966264
vn -0.172850519 -0.258694321 0.113966264
vn -0.220004439 -0.220004439 0.113966264
vn -0.305150509 -0.0606943667 0.113966264
vn -0.311126888 0 0.113966264
vn -0.258694321 0.172850519 0.113966264
vn -0.220004439 0.220004439 0.113966264
vn -0.0606943667 0.305150509 0.113966264
vn 0 0.311126888 0.113966264
vn 0.119062893 0.287443757 0.113966264
vn 0.287443757 0.119062893 0.113966264
vn 0.287443757 -0.119062893 0.113966264
vn 0.119062893 -0.287443757 0.113966264
vn -0.119062893 -0.287443757 0.113966264
vn -0.287443757 -0.119062893 0.113966264
vn -0.287443757 0.119062893 0.113966264
vn -0.119062893 0.287443757 0.113966264
vn 0.0606943667 0.305150509 0.113966264
vn 0.258694321 0.172850519 0.113966264
vn 0.305150509 -0.0606943667 0.113966264
vn 0.172850519 -0.258694321 0.113966264
vn -0.172850519 0.258694321 0.113966264
vn -0.0606943667 -0.305150509 0.113966264
vn -0.258694321 -0.172850519 0.113966264
vn -0.305150509 0.0606943667 0.113966264
vn 0.168259516 0.251817912 0.134403333
vn 0.214159504 0.214159504 0.134403333
vn 0.297040373 0.0590865016 0.134403333
vn 0.302865088 0 0.134403333
vn 0.251817912 -0.168259516 0.134403333
vn 0.214159504 -0.214159504 0.134403333
vn 0.0590865016 -0.297040373 0.134403333
vn 0 -0.302865088 0.134403333
vn -0.297040373 -0.0590763912 0.134403333
vn -0.302865088 0 0.134403333
vn -0.251817912 0.168259516 0.134403333
vn -0.214159504 0.214159504 0.134403333
vn -0.0590865016 0.297040373 0.134403333
vn 0 0.302865088 0.134403333
vn -0.168259516 -0.251817912 0.134403333
vn -0.214159504 -0.214159504 0.134403333
vn 0.115897723 0.279808909 0.134403333
vn 0.279808909 0.115897723 0.134403333
vn 0.279808909 -0.115897723 0.134403333
vn 0.115897723 -0.279808909 0.134403333
vn -0.115897723 -0.279808909 0.134403333
vn -0.279808909 -0.115897723 0.134403333
vn -0.279808909 0.115897723 0.134403333
vn -0.115897723 0.279808909 0.134403333
vn 0.0590763912 0.297040373 0.134403333
vn 0.251817912 0.168259516 0.134403333
vn 0.297040373 -0.0590763912 0.134403333
vn 0.168259516 -0.251817912 0.134403333
vn -0.0590763912 -0.297040373 0.134403333
vn -0.251817912 -0.168259516 0.134403333
vn -0.297040373 0.0590763912 0.134403333
vn -0.168259516 0.251817912 0.134403333
vn 0.165225804 0.247287586 0.146072999
vn 0.210296586 0.210296586 0.146072999
vn 0.291690946 0.058014594 0.146072999
vn 0.297404438 0 0.146072999
vn 0.247287586 -0.165225804 0.146072999
vn 0.210296586 -0.210296586 0.146072999
vn 0.058014594 -0.291690946 0.146072999
vn 0 -0.297404438 0.146072999
vn -0.247287586 0.165225804 0.146072999
vn -0.210296586 0.210296586 0.146072999
vn -0.058014594 0.291690946 0.146072999
vn 0 0.297404438 0.146072999
vn -0.165225804 -0.247287586 0.146072999
vn -0.210296586 -0.210296586 0.146072999
vn -0.291690946 -0.058014594 0.146072999
vn -0.297404438 0 0.146072999
vn 0.113804474 0.274772972 0.146072999
vn 0.274772972 0.113814585 0.146072999
vn 0.274772972 -0.113814585 0.146072999
vn 0.113814585 -0.274772972 0.146072999
vn -0.274772972 -0.113814585 0.146072999
vn -0.274772972 0.113814585 0.146072999
vn -0.113814585 0.274772972 0.146072999
vn -0.113814585 -0.274772972 0.146072999
vn 0.058014594 0.291690946 0.146072999
vn 0.247287586 0.165225804 0.146072999
vn 0.291690946 -0.058014594 0.146072999
vn 0.165225804 -0.247287586 0.146072999
vn -0.058014594 -0.291690946 0.146072999
vn -0.247287586 -0.165225804 0.146072999
vn -0.291690946 0.058014594 0.146072999
vn -0.165225804 0.247287586 0.146072999
vn 0.171343789 0.256429136 0.12113592
vn 0.218072981 0.218072981 0.12113592
vn 0.302480817 0.0601685271 0.12112581
vn 0.308406681 0 0.12113592
vn 0.256429136 -0.171343789 0.12113592
vn 0.218072981 -0.218072981 0.12113592
vn 0.0601685271 -0.302480817 0.12113592
vn 0 -0.308406681 0.12113592
vn -0.0601685271 0.302480817 0.12112581
vn 0 0.308406681 0.12112581
vn -0.171343789 -0.256429136 0.12113592
vn -0.218072981 -0.218072981 0.12113592
vn -0.302480817 -0.0601685271 0.12112581
vn -0.308406681 0 0.12112581
vn -0.256429136 0.171343789 0.12112581
vn -0.218072981 0.218072981 0.12112581
vn 0.118021324 0.284935892 0.12112581
vn 0.284935892 0.118021324 0.12113592
vn 0.284935892 -0.118021324 0.12113592
vn 0.118021324 -0.284935892 0.12113592
vn -0.284935892 0.118021324 0.12113592
vn -0.118021324 0.284935892 0.12112581
vn -0.118021324 -0.284935892 0.12113592
vn -0.284935892 -0.118021324 0.12113592
vn 0.0601685271 0.302480817 0.12112581
vn 0.256429136 0.171343789 0.12112581
vn 0.302480817 -0.0601685271 0.12113592
vn 0.171343789 -0.256429136 0.12113592
vn -0.256429136 -0.171343789 0.12113592
vn -0.302480817 0.0601685271 0.12112581
vn -0.171343789 0.256429136 0.12112581
vn -0.0601685271 -0.302480817 0.12113592
vn 0.178179726 0.266662866 0.0832550302
vn 0.226779714 0.226779714 0.0832550302
vn 0.314554989 0.0625651553 0.0832550302
vn 0.320713431 0 0.0832550302
vn 0.266662866 -0.178179726 0.0832550302
vn 0.226779714 -0.226779714 0.0832550302
vn 0.0625651553 -0.314554989 0.0832550302
vn 0 -0.320713431 0.0832550302
vn -0.178179726 -0.266662866 0.0832550302
vn -0.226779714 -0.226779714 0.0832550302
vn -0.314554989 -0.0625651553 0.0832550302
vn -0.320713431 0 0.0832550302
vn -0.266662866 0.178179726 0.0832550302
vn -0.226779714 0.226779714 0.0832550302
vn -0.0625651553 0.314554989 0.0832550302
vn 0 0.320713431 0.0832550302
vn 0.122723565 0.29630217 0.0832550302
vn 0.29630217 0.122733675 0.0832550302
vn 0.29630217 -0.122733675 0.0832550302
vn 0.122733675 -0.29630217 0.0832550302
vn -0.122733675 0.29630217 0.0832550302
vn -0.122733675 -0.29630217 0.0832550302
vn -0.29630217 -0.122733675 0.0832550302
vn -0.29630217 0.122733675 0.0832550302
vn 0.0625651553 0.314554989 0.0832550302
vn 0.266662866 0.178179726 0.0832550302
vn 0.314554989 -0.0625651553 0.0832550302
vn 0.178179726 -0.266662866 0.0832550302
vn -0.314554989 0.0625651553 0.0832550302
vn -0.178179726 0.266662866 0.0832550302
vn -0.0625651553 -0.314554989 0.0832550302
vn -0.266662866 -0.178179726 0.0832550302
vn 0.182426929 0.273023546 0.0443527997
vn 0.232189834 0.232189834 0.0443527997
vn 0.32205835 0.0640617833 0.0443527997
vn 0.328368455 0 0.0443527997
vn 0.273023546 -0.182426929 0.0443527997
vn 0.232189834 -0.232189834 0.0443527997
vn 0.0640516728 -0.32205835 0.0443527997
vn 0 -0.328368455 0.0443527997
vn -0.182426929 -0.273023546 0.0443527997
vn -0.232189834 -0.232189834 0.0443527997
vn -0.32205835 -0.0640516728 0.0443527997
vn -0.328368455 0 0.0443527997
vn -0.273023546 0.182426929 0.0443527997
vn -0.232189834 0.232189834 0.0443527997
vn -0.0640516728 0.32205835 0.0443527997
vn 0 0.328368455 0.0443527997
vn 0.125656143 0.303370714 0.0443527997
vn 0.303370714 0.125656143 0.0443527997
vn 0.303370714 -0.125656143 0.0443527997
vn 0.125656143 -0.303370714 0.0443527997
vn -0.125656143 -0.303370714 0.0443527997
vn -0.303370714 -0.125656143 0.0443527997
vn -0.303370714 0.125656143 0.0443527997
vn -0.125656143 0.303370714 0.0443527997
vn 0.0640516728 0.32205835 0.0443527997
vn 0.273023546 0.182426929 0.0443527997
vn 0.32205835 -0.0640516728 0.0443527997
vn 0.182426929 -0.273023546 0.0443527997
vn -0.182426929 0.273023546 0.0443527997
vn -0.0640516728 -0.32205835 0.0443527997
vn -0.273023546 -0.182426929 0.0443527997
vn -0.32205835 0.0640516728 0.0443527997
vn 0.234272972 0.234272972 0.00505617866
vn 0.184065118 0.275470734 0.00505617866
vn 0.183802202 0.275086462 -0.0183337033
vn 0.23393926 0.23393926 -0.0183337033
vn 0.331311166 0 0.00505617866
vn 0.324940383 0.0646280721 0.00505617866
vn 0.324485302 0.0645370632 -0.0183337033
vn 0.330835879 0 -0.0183337033
vn 0.234272972 -0.234272972 0.00505617866
vn 0.275470734 -0.184065118 0.00505617866
vn 0.275086462 -0.183802202 -0.0183337033
vn 0.23393926 -0.23393926 -0.0183337033
vn 0 -0.331311166 0.00505617866
vn 0.0646280721 -0.324940383 0.00505617866
vn 0.0645370632 -0.324485302 -0.0183337033
vn 0 -0.330835879 -0.0183337033
vn -0.234272972 0.234272972 0.00505617866
vn -0.275470734 0.184065118 0.00505617866
vn -0.275086462 0.183802202 -0.0183337033
vn -0.23393926 0.23393926 -0.0183337033
vn 0 0.331311166 0.00505617866
vn -0.0646280721 0.324940383 0.00505617866
vn -0.0645370632 0.324485302 -0.0183337033
vn 0 0.330835879 -0.0183337033
vn -0.234272972 -0.234272972 0.00505617866
vn -0.184065118 -0.275470734 0.00505617866
vn -0.183802202 -0.275086462 -0.0183337033
vn -0.23393926 -0.23393926 -0.0183337033
vn -0.331311166 0 0.00505617866
vn -0.324940383 -0.0646280721 0.00505617866
vn -0.324485302 -0.0645370632 -0.0183337033
vn -0.330835879 0 -0.0183337033
vn 0.126778618 0.306090951 0.00505617866
vn 0.126606703 0.305656105 -0.0183337033
vn 0.306090951 0.126778618 0.00505617866
vn 0.305656105 0.126606703 -0.0183337033
vn 0.306090951 -0.126778618 0.00505617866
vn 0.305656105 -0.126606703 -0.0183337033
vn 0.126778618 -0.306090951 0.00505617866
vn 0.126606703 -0.305656105 -0.0183337033
vn -0.306090951 -0.126778618 0.00505617866
vn -0.305656105 -0.126606703 -0.0183337033
vn -0.306090951 0.126778618 0.00505617866
vn -0.305656105 0.126606703 -0.0183337033
vn -0.126778618 0.306090951 0.00505617866
vn -0.126606703 0.305656105 -0.0183337033
vn -0.126778618 -0.306090951 0.00505617866
vn -0.126606703 -0.305656105 -0.0183337033
vn 0.0646280721 0.324940383 0.00505617866
vn 0.0645370632 0.324485302 -0.0183337033
vn 0.275470734 0.184065118 0.00505617866
vn 0.27507633 0.183802202 -0.0183337033
vn 0.324940383 -0.0646280721 0.00505617866
vn 0.324485302 -0.0645370632 -0.0183337033
vn 0.184065118 -0.275470734 0.00505617866
vn 0.183802202 -0.275086462 -0.0183337033
vn -0.0646280721 -0.324940383 0.00505617866
vn -0.0645370632 -0.324485302 -0.0183337033
vn -0.275470734 -0.184065118 0.00505617866
vn -0.275086462 -0.183802202 -0.0183337033
vn -0.324940383 0.0646280721 0.00505617866
vn -0.324485302 0.0645370632 -0.0183337033
vn -0.184065118 0.275470734 0.00505617866
vn -0.183802202 0.275086462 -0.0183337033
vn 0.232685342 0.232685342 -0.0387808904
vn 0.182821289 0.273610055 -0.0387808904
vn 0.181840405 0.272143781 -0.0515932478
vn 0.231441528 0.231441528 -0.0515932478
vn 0.329066217 0 -0.0387808904
vn 0.322746009 0.0641932413 -0.0387808904
vn 0.321016788 0.0638494268 -0.0515932478
vn 0.327306658 0 -0.0515932478
vn 0.232685342 -0.232685342 -0.0387808904
vn 0.273610055 -0.182821289 -0.0387808904
vn 0.272143781 -0.181840405 -0.0515932478
vn 0.231441528 -0.231441528 -0.0515932478
vn 0 -0.329066217 -0.0387808904
vn 0.0641932413 -0.322746009 -0.0387808904
vn 0.0638494268 -0.321016788 -0.0515932478
vn 0 -0.327306658 -0.0515932478
vn -0.232685342 -0.232685342 -0.0387808904
vn -0.182821289 -0.273610055 -0.0387808904
vn -0.181840405 -0.272143781 -0.0515932478
vn -0.231441528 -0.231441528 -0.0515932478
vn -0.329066217 0 -0.0387808904
vn -0.322746009 -0.0641932413 -0.0387808904
vn -0.321016788 -0.0638494268 -0.0515932478
vn -0.327306658 0 -0.0515932478
vn -0.232685342 0.232685342 -0.0387808904
vn -0.273610055 0.182821289 -0.0387808904
vn -0.272143781 0.181840405 -0.0515932478
vn -0.231441528 0.231441528 -0.0515932478
vn 0 0.329066217 -0.0387808904
vn -0.0641932413 0.322746009 -0.0387808904
vn -0.0638494268 0.321016788 -0.0515932478
vn 0 0.327306658 -0.0515932478
vn 0.125929177 0.304017901 -0.0387808904
vn 0.125251651 0.302389801 -0.0515932478
vn 0.304017901 0.125929177 -0.0387808904
vn 0.302389801 0.125251651 -0.0515932478
vn 0.304017901 -0.125929177 -0.0387808904
vn 0.302389801 -0.125251651 -0.0515932478
vn 0.125929177 -0.304017901 -0.0387808904
vn 0.125251651 -0.302389801 -0.0515932478
vn -0.125929177 0.304017901 -0.0387808904
vn -0.125251651 0.302389801 -0.0515932478
vn -0.125929177 -0.304017901 -0.0387808904
vn -0.125251651 -0.302389801 -0.0515932478
vn -0.304017901 -0.125929177 -0.0387808904
vn -0.302389801 -0.125251651 -0.0515932478
vn -0.304017901 0.125929177 -0.0387808904
vn -0.302389801 0.125251651 -0.0515932478
vn 0.0641932413 0.322746009 -0.0387808904
vn 0.0638494268 0.321016788 -0.0515932478
vn 0.273610055 0.182821289 -0.0387808904
vn 0.272143781 0.181840405 -0.0515932478
vn 0.322746009 -0.0641932413 -0.0387808904
vn 0.321016788 -0.0638494268 -0.0515932478
vn 0.182821289 -0.273610055 -0.0387808904
vn 0.181840405 -0.272143781 -0.0515932478
vn -0.322746009 0.0641932413 -0.0387808904
vn -0.321016788 0.0638494268 -0.0515932478
vn -0.182821289 0.273610055 -0.0387808904
vn -0.181840405 0.272143781 -0.0515932478
vn -0.0641932413 -0.322746009 -0.0387808904
vn -0.0638494268 -0.321016788 -0.0515932478
vn -0.273610055 -0.182821289 -0.0387808904
vn -0.272143781 -0.181840405 -0.0515932478
vn 0.182892099 0.273711175 -0.0376887545
vn 0.232776359 0.232776359 -0.0376887545
vn 0.322867334 0.0642235801 -0.0376887545
vn 0.329197675 0 -0.0376887545
vn 0.273711175 -0.182892099 -0.0376887545
vn 0.232776359 -0.232776359 -0.0376887545
vn 0.0642235801 -0.322867334 -0.0376887545
vn 0 -0.329197675 -0.0376887545
vn -0.182892099 -0.273711175 -0.0376887545
vn -0.232776359 -0.232776359 -0.0376887545
vn -0.322867334 -0.0642235801 -0.0376887545
vn -0.329197675 0 -0.0376887545
vn -0.273711175 0.182892099 -0.0376887545
vn -0.232776359 0.232776359 -0.0376887545
vn -0.0642235801 0.322867334 -0.0376887545
vn 0 0.329197675 -0.0376887545
vn 0.125969633 0.304139256 -0.0376887545
vn 0.304139256 0.125969633 -0.0376887545
vn 0.304139256 -0.125969633 -0.0376887545
vn 0.125969633 -0.304139256 -0.0376887545
vn -0.125969633 -0.304139256 -0.0376887545
vn -0.304139256 -0.125979736 -0.0376887545
vn -0.304139256 0.125969633 -0.0376887545
vn -0.125969633 0.304139256 -0.0376887545
vn 0.0642235801 0.322867334 -0.0376887545
vn 0.273711175 0.182892099 -0.0376887545
vn 0.322867334 -0.0642235801 -0.0376887545
vn 0.182892099 -0.273711175 -0.0376887545
vn -0.182892099 0.273711175 -0.0376887545
vn -0.0642235801 -0.322867334 -0.0376887545
vn -0.273711175 -0.182892099 -0.0376887545
vn -0.322867334 0.0642235801 -0.0376887545
vn 0.06463819 0.324970722 -0.00188089849
vn 0.126798853 0.30612129 -0.00188089849
vn 0.275501072 0.184085339 -0.00188089849
vn 0.30612129 0.126798853 -0.00188089849
vn 0.324970722 -0.06463819 -0.00188089849
vn 0.30612129 -0.126798853 -0.00188089849
vn 0.184085339 -0.275501072 -0.00188089849
vn 0.126798853 -0.30612129 -0.00188089849
vn -0.275501072 -0.184085339 -0.00188089849
vn -0.30612129 -0.126798853 -0.00188089849
vn -0.324970722 0.06463819 -0.00188089849
vn -0.30612129 0.126798853 -0.00188089849
vn -0.184085339 0.275501072 -0.00188089849
vn -0.126798853 0.30612129 -0.00188089849
vn -0.06463819 -0.324970722 -0.00188089849
vn -0.126798853 -0.30612129 -0.00188089849
vn 0 0.331341505 -0.00188089849
vn 0.234293208 0.234293208 -0.00188089849
vn 0.331341505 0 -0.00188089849
vn 0.234293208 -0.234293208 -0.00188089849
vn 0 -0.331341505 -0.00188089849
vn -0.234293208 -0.234293208 -0.00188089849
vn -0.331341505 0 -0.00188089849
vn -0.234293208 0.234293208 -0.00188089849
vn 0.184085339 0.275501072 -0.00188089849
vn 0.324970722 0.06463819 -0.00188089849
vn 0.275501072 -0.184085339 -0.00188089849
vn 0.06463819 -0.324970722 -0.00188089849
vn -0.06463819 0.324970722 -0.00188089849
vn -0.184085339 -0.275501072 -0.00188089849
vn -0.324970722 -0.06463819 -0.00188089849
vn -0.275501072 0.184085339 -0.00188089849
vn 0.0633640289 0.318569571 0.0654876232
vn 0.12429098 0.300084203 0.0654876232
vn 0.270070732 0.180455014 0.0654876232
vn 0.300084203 0.124301091 0.0654876232
vn 0.318569571 -0.0633640289 0.0654876232
vn 0.300084203 -0.124301091 0.0654876232
vn 0.180455014 -0.270070732 0.0654876232
vn 0.124301091 -0.300084203 0.0654876232
vn -0.318569571 0.0633640289 0.0654876232
vn -0.300084203 0.124301091 0.0654876232
vn -0.180455014 0.270070732 0.0654876232
vn -0.124301091 0.300084203 0.0654876232
vn -0.0633640289 -0.318569571 0.0654876232
vn -0.124301091 -0.300084203 0.0654876232
vn -0.270070732 -0.180455014 0.0654876232
vn -0.300084203 -0.124301091 0.0654876232
vn 0 0.324808925 0.0654876232
vn 0.229671866 0.229671866 0.0654876232
vn 0.324808925 0 0.0654876232
vn 0.229671866 -0.229671866 0.0654876232
vn -0.229671866 -0.229671866 0.0654876232
vn -0.324808925 0 0.0654876232
vn -0.229671866 0.229671866 0.0654876232
vn 0 -0.324808925 0.0654876232
vn 0.180455014 0.270070732 0.0654876232
vn 0.318569571 0.0633640289 0.0654876232
vn 0.270070732 -0.180455014 0.0654876232
vn 0.0633640289 -0.318569571 0.0654876232
vn -0.180455014 -0.270070732 0.0654876232
vn -0.318569571 -0.0633640289 0.0654876232
vn -0.270070732 0.180455014 0.0654876232
vn -0.0633640289 0.318569571 0.0654876232
vn 0.0572056063 0.287615657 0.154243782
vn 0.11221683 0.27093029 0.154243782
vn 0.243829161 0.162920177 0.154243782
vn 0.27093029 0.11221683 0.154243782
vn 0.287615657 -0.0572056063 0.154243782
vn 0.27093029 -0.11221683 0.154243782
vn 0.162920177 -0.243829161 0.154243782
vn 0.11221683 -0.27093029 0.154243782
vn -0.162920177 0.243829161 0.154243782
vn -0.11221683 0.27093029 0.154243782
vn -0.0572056063 -0.287615657 0.154243782
vn -0.11221683 -0.27093029 0.154243782
vn -0.243829161 -0.162920177 0.154243782
vn -0.27093029 -0.11221683 0.154243782
vn -0.287615657 0.0572056063 0.154243782
vn -0.27093029 0.11221683 0.154243782
vn 0 0.293258369 0.154243782
vn 0.207363993 0.207363993 0.154243782
vn 0.293258369 0 0.154243782
vn 0.207363993 -0.207363993 0.154243782
vn -0.293258369 0 0.154243782
vn -0.207363993 0.207363993 0.154243782
vn 0 -0.293258369 0.154243782
vn -0.207363993 -0.207363993 0.154243782
vn 0.162920177 0.243829161 0.154243782
vn 0.287615657 0.0572056063 0.154243782
vn 0.243829161 -0.162920177 0.154243782
vn 0.0572056063 -0.287615657 0.154243782
vn -0.162920177 -0.243829161 0.154243782
vn -0.287615657 -0.0572056063 0.154243782
vn -0.243829161 0.162920177 0.154243782
vn -0.0572056063 0.287615657 0.154243782
vn -0.0492572896 -0.247631416 0.214574113
vn -0.0966235772 -0.233261734 0.214574113
vn -0.209932521 -0.140268505 0.214574113
vn -0.233261734 -0.0966235772 0.214574113
vn -0.247631416 0.0492572896 0.214574113
vn -0.233261734 0.0966235772 0.214574113
vn -0.140268505 0.209932521 0.214574113
vn -0.0966235772 0.233261734 0.214574113
vn 0.0492572896 0.247631416 0.214574113
vn 0.0966134667 0.233261734 0.214574113
vn 0.209932521 0.140268505 0.214574113
vn 0.233261734 0.0966235772 0.214574113
vn 0.247631416 -0.0492572896 0.214574113
vn 0.233261734 -0.0966235772 0.214574113
vn 0.140268505 -0.209932521 0.214574113
vn 0.0966235772 -0.233261734 0.214574113
vn -0.178533673 0.178533673 0.214574113
vn 0 -0.252485335 0.214574113
vn -0.178533673 -0.178533673 0.214574113
vn -0.252485335 0 0.214574113
vn 0 0.252485335 0.214574113
vn 0.178533673 0.178533673 0.214574113
vn 0.252485335 0 0.214574113
vn 0.178533673 -0.178533673 0.214574113
vn 0.0492572896 -0.247631416 0.214574113
vn -0.247631416 -0.0492572896 0.214574113
vn -0.209932521 0.140268505 0.214574113
vn -0.0492572896 0.247631416 0.214574113
vn -0.140268505 -0.209932521 0.214574113
vn 0.140268505 0.209932521 0.214574113
vn 0.247631416 0.0492572896 0.214574113
vn 0.209932521 -0.140268505 0.214574113
vn 0.0407730229 0.204977483 0.257116795
vn 0.0799786299 0.193085343 0.257116795
vn 0.173770756 0.116110086 0.257116795
vn 0.193085343 0.0799786299 0.257116795
vn 0.204977483 -0.0407730229 0.257116795
vn 0.193085343 -0.0799786299 0.257116795
vn 0.116110086 -0.173770756 0.257116795
vn 0.0799786299 -0.193085343 0.257116795
vn -0.173770756 -0.116110086 0.257116795
vn -0.193085343 -0.0799786299 0.257116795
vn -0.204977483 0.0407730229 0.257116795
vn -0.193085343 0.0799786299 0.257116795
vn -0.116110086 0.173770756 0.257116795
vn -0.0799786299 0.193085343 0.257116795
vn -0.0407730229 -0.204977483 0.257116795
vn -0.0799786299 -0.193085343 0.257116795
vn 0 0.208992094 0.257116795
vn 0.147781998 0.147781998 0.257116795
vn 0.208992094 0 0.257116795
vn 0.147781998 -0.147781998 0.257116795
vn 0 -0.208992094 0.257116795
vn -0.147781998 -0.147781998 0.257116795
vn -0.208992094 0 0.257116795
vn -0.147781998 0.147781998 0.257116795
vn 0.116110086 0.173770756 0.257116795
vn 0.204977483 0.0407730229 0.257116795
vn 0.173770756 -0.116110086 0.257116795
vn 0.0407730229 -0.204977483 0.257116795
vn -0.0407730229 0.204977483 0.257116795
vn -0.116110086 -0.173770756 0.257116795
vn -0.204977483 -0.0407730229 0.257116795
vn -0.173770756 0.116110086 0.257116795
vn 0.0323999934 0.16293031 0.286695451
vn 0.0635662749 0.15347524 0.286695451
vn 0.138124689 0.0922954828 0.286695451
vn 0.15347524 0.0635662749 0.286695451
vn 0.16293031 -0.0323999934 0.286695451
vn 0.15347524 -0.0635662749 0.286695451
vn 0.0922954828 -0.138124689 0.286695451
vn 0.0635662749 -0.15347524 0.286695451
vn -0.16293031 0.0323999934 0.286695451
vn -0.15347524 0.0635662749 0.286695451
vn -0.0922954828 0.138124689 0.286695451
vn -0.0635662749 0.15347524 0.286695451
vn -0.0323999934 -0.16293031 0.286695451
vn -0.0635662749 -0.15347524 0.286695451
vn -0.138124689 -0.0922954828 0.286695451
vn -0.15347524 -0.0635662749 0.286695451
vn 0 0.166125804 0.286695451
vn 0.117465138 0.117465138 0.286695451
vn 0.166125804 0 0.286695451
vn 0.117465138 -0.117465138 0.286695451
vn -0.117465138 -0.117465138 0.286695451
vn -0.166125804 0 0.286695451
vn -0.117465138 0.117465138 0.286695451
vn 0 -0.166125804 0.286695451
vn 0.0922954828 0.138124689 0.286695451
vn 0.16293031 0.0324101038 0.286695451
vn 0.138124689 -0.0922954828 0.286695451
vn 0.0323999934 -0.16293031 0.286695451
vn -0.0922954828 -0.138124689 0.286695451
vn -0.16293031 -0.0323999934 0.286695451
vn -0.138124689 0.0922954828 0.286695451
vn -0.0323999934 0.16293031 0.286695451
vn 0.0251393206 0.126404464 0.305251628
vn 0.0493179671 0.119073004 0.305251628
vn 0.10716065 0.07159549 0.305251628
vn 0.119073004 0.0493179671 0.305251628
vn 0.126404464 -0.0251393206 0.305251628
vn 0.119073004 -0.0493179671 0.305251628
vn 0.07159549 -0.10716065 0.305251628
vn 0.0493179671 -0.119073004 0.305251628
vn -0.07159549 0.10716065 0.305251628
vn -0.0493179671 0.119073004 0.305251628
vn -0.0251393206 -0.126404464 0.305251628
vn -0.0493179671 -0.119073004 0.305251628
vn -0.10716065 -0.07159549 0.305251628
vn -0.119073004 -0.0493179671 0.305251628
vn -0.126404464 0.0251393206 0.305251628
vn -0.119073004 0.0493179671 0.305251628
vn 0 0.128881991 0.305251628
vn 0.0911325663 0.0911325663 0.305251628
vn 0.128881991 0 0.305251628
vn 0.0911325663 -0.0911325663 0.305251628
vn -0.128881991 0 0.305251628
vn -0.0911325663 0.0911325663 0.305251628
vn 0 -0.128881991 0.305251628
vn -0.0911325663 -0.0911325663 0.305251628
vn 0.07159549 0.10716065 0.305251628
vn 0.126404464 0.0251393206 0.305251628
vn 0.10716065 -0.07159549 0.305251628
vn 0.0251393206 -0.126404464 0.305251628
vn -0.07159549 -0.10716065 0.305251628
vn -0.126404464 -0.0251393206 0.305251628
vn -0.10716065 0.07159549 0.305251628
vn -0.0251393206 0.126404464 0.305251628
vn 0.010001122 0.0503089763 0.327357233
vn 0.0196179729 0.0473865047 0.327357233
vn 0.0426438116 0.0284966212 0.327357233
vn 0.0473865047 0.0196280852 0.327357233
vn 0.0502988659 -0.010001122 0.327357233
vn 0.0473865047 -0.0196280852 0.327357233
vn 0.0284865107 -0.0426438116 0.327357233
vn 0.0196179729 -0.0473865047 0.327357233
vn -0.010001122 -0.0503089763 0.32734713
vn -0.0196280852 -0.0473865047 0.32734713
vn -0.0426438116 -0.0284966212 0.32734713
vn -0.0473865047 -0.0196280852 0.32734713
vn -0.0503089763 0.010001122 0.32734713
vn -0.0473865047 0.0196280852 0.32734713
vn -0.0284966212 0.0426438116 0.32734713
vn -0.0196280852 0.0473865047 0.32734713
vn 0 0.0512898751 0.32734713
vn 0.0362629108 0.0362629108 0.327357233
vn 0.0512898751 0 0.327357233
vn 0.0362629108 -0.0362629108 0.327357233
vn -0.0362629108 0.0362629108 0.32734713
vn 0 -0.0512898751 0.32734713
vn -0.0362629108 -0.0362629108 0.32734713
vn -0.0512898751 0 0.32734713
vn 0.0284865107 0.0426438116 0.327357233
vn 0.0502988659 0.010001122 0.327357233
vn 0.0426438116 -0.0284966212 0.327357233
vn 0.010001122 -0.0503089763 0.327357233
vn -0.0503089763 -0.010001122 0.32734713
vn -0.0426438116 0.0284966212 0.32734713
vn -0.010001122 0.0503089763 0.32734713
vn -0.0284966212 -0.0426438116 0.32734713
f  3393//454 3394//453 3395//486 3396//485
f  3397//456 3398//455 3399//490 3400//489
f  3401//458 3402//457 3403//494 3404//493
f  3405//460 3406//459 3407//498 3408//497
f  3409//464 3410//463 3411//514 3412//513
f  3413//466 3414//465 3415//502 3416//501
f  3417//468 3418//467 3419//506 3420//505
f  3421//462 3422//461 3423//510 3424//509
f  3425//453 3426//469 3427//517 3428//486
f  3429//455 3430//470 3431//519 3432//490
f  3433//457 3434//471 3435//521 3436//494
f  3437//459 3438//472 3439//523 3440//498
f  3441//461 3442//473 3443//531 3444//510
f  3445//463 3446//474 3447//525 3448//514
f  3449//465 3450//475 3451//527 3452//502
f  3453//467 3454//476 3455//529 3456//506
f  3457//469 3458//477 3459//533 3460//517
f  3461//470 3462//478 3463//535 3464//519
f  3465//471 3466//479 3467//537 3468//521
f  3469//472 3470//480 3471//539 3472//523
f  3473//473 3474//482 3475//541 3476//531
f  3477//474 3478//483 3479//543 3480//525
f  3481//475 3482//484 3483//545 3484//527
f  3485//476 3486//481 3487//547 3488//529
f  3489//477 3490//468 3491//505 3492//533
f  3493//478 3494//454 3495//485 3496//535
f  3497//479 3498//456 3499//489 3500//537
f  3501//480 3502//458 3503//493 3504//539
f  3505//481 3506//466 3507//501 3508//547
f  3509//482 3510//460 3511//497 3512//541
f  3513//483 3514//462 3515//509 3516//543
f  3517//484 3518//464 3519//513 3520//545
f  3521//488 3522//487 3523//550 3524//549
f  3525//492 3526//491 3527//554 3528//553
f  3529//496 3530//495 3531//558 3532//557
f  3533//500 3534//499 3535//562 3536//561
f  3537//508 3538//507 3539//578 3540//577
f  3541//512 3542//511 3543//566 3544//565
f  3545//516 3546//515 3547//570 3548//569
f  3549//504 3550//503 3551//574 3552//573
f  3553//487 3554//518 3555//581 3556//550
f  3557//491 3558//520 3559//583 3560//554
f  3561//495 3562//522 3563//585 3564//558
f  3565//499 3566//524 3567//587 3568//562
f  3569//503 3570//528 3571//595 3572//574
f  3573//507 3574//530 3575//589 3576//578
f  3577//511 3578//532 3579//591 3580//566
f  3581//515 3582//526 3583//593 3584//570
f  3585//518 3586//534 3587//597 3588//581
f  3589//520 3590//536 3591//599 3592//583
f  3593//522 3594//538 3595//601 3596//585
f  3597//524 3598//540 3599//603 3600//587
f  3601//526 3602//544 3603//611 3604//593
f  3605//528 3606//546 3607//605 3608//595
f  3609//530 3610//548 3611//607 3612//589
f  3613//532 3614//542 3615//609 3616//591
f  3617//534 3618//508 3619//577 3620//597
f  3621//536 3622//488 3623//549 3624//599
f  3625//538 3626//492 3627//553 3628//601
f  3629//540 3630//496 3631//557 3632//603
f  3633//542 3634//500 3635//561 3636//609
f  3637//544 3638//512 3639//565 3640//611
f  3641//546 3642//516 3643//569 3644//605
f  3645//548 3646//504 3647//573 3648//607
