# Split from bowling_pin.obj by material.
g bowling_pin_body
v 0.234300658 0.234301269 -2.70915508
v 0.184088707 0.27550903 -2.70915508
v 0.184088707 0.27550903 -2.70915508
v 0.234300658 0.234301269 -2.70915508
v 0.331351608 3.19443643e-07 -2.70915508
v 0.324984729 0.0646438375 -2.70915508
v 0.324984729 0.0646438375 -2.70915508
v 0.331351608 3.19443643e-07 -2.70915508
v 0.23430112 -0.234300822 -2.70915508
v 0.27550894 -0.184088886 -2.70915508
v 0.27550894 -0.184088886 -2.70915508
v 0.23430112 -0.234300822 -2.70915508
v 1.07968063e-07 -0.331351608 -2.70915508
v 0.0646436289 -0.324984759 -2.70915508
v 0.0646436289 -0.324984759 -2.70915508
v 1.07968063e-07 -0.331351608 -2.70915508
v 0 0.331351608 -2.70915508
v -0.0646434873 0.324984759 -2.70915508
v -0.0646434873 0.324984759 -2.70915508
v 0 0.331351608 -2.70915508
v -0.234300971 -0.234300956 -2.70915508
v -0.184089079 -0.275508821 -2.70915508
v -0.184089079 -0.275508821 -2.70915508
v -0.234300971 -0.234300956 -2.70915508
v -0.331351608 2.51457095e-08 -2.70915508
v -0.324984789 -0.0646434501 -2.70915508
v -0.324984789 -0.0646434501 -2.70915508
v -0.331351608 2.51457095e-08 -2.70915508
v -0.234300971 0.234300971 -2.70915508
v -0.275508791 0.184089079 -2.70915508
v -0.275508791 0.184089079 -2.70915508
v -0.234300971 0.234300971 -2.70915508
v 0.184088707 0.27550903 -2.70915508
v 0.126802325 0.306129158 -2.70915508
v 0.126802325 0.306129158 -2.70915508
v 0.184088707 0.27550903 -2.70915508
v 0.324984729 0.0646438375 -2.70915508
v 0.30612883 0.126803115 -2.70915508
v 0.30612883 0.126803115 -2.70915508
v 0.324984729 0.0646438375 -2.70915508
v 0.27550894 -0.184088886 -2.70915508
v 0.306129098 -0.126802519 -2.70915508
v 0.306129098 -0.126802519 -2.70915508
v 0.27550894 -0.184088886 -2.70915508
v 0.0646436289 -0.324984759 -2.70915508
v 0.126802906 -0.306128889 -2.70915508
v 0.126802906 -0.306128889 -2.70915508
v 0.0646436289 -0.324984759 -2.70915508
v -0.275508791 0.184089079 -2.70915508
v -0.306128949 0.126802772 -2.70915508
v -0.306128949 0.126802772 -2.70915508
v -0.275508791 0.184089079 -2.70915508
v -0.0646434873 0.324984759 -2.70915508
v -0.126802787 0.306128949 -2.70915508
v -0.126802787 0.306128949 -2.70915508
v -0.0646434873 0.324984759 -2.70915508
v -0.184089079 -0.275508821 -2.70915508
v -0.126802728 -0.306129009 -2.70915508
v -0.126802728 -0.306129009 -2.70915508
v -0.184089079 -0.275508821 -2.70915508
v -0.324984789 -0.0646434501 -2.70915508
v -0.306128979 -0.126802728 -2.70915508
v -0.306128979 -0.126802728 -2.70915508
v -0.324984789 -0.0646434501 -2.70915508
v 0.126802325 0.306129158 -2.70915508
v 0.0646429956 0.324984848 -2.70915508
v 0.0646429956 0.324984848 -2.70915508
v 0.126802325 0.306129158 -2.70915508
v 0.30612883 0.126803115 -2.70915508
v 0.275508583 0.184089437 -2.70915508
v 0.275508583 0.184089437 -2.70915508
v 0.30612883 0.126803115 -2.70915508
v 0.306129098 -0.126802519 -2.70915508
v 0.324984848 -0.0646432042 -2.70915508
v 0.324984848 -0.0646432042 -2.70915508
v 0.306129098 -0.126802519 -2.70915508
v 0.126802906 -0.306128889 -2.70915508
v 0.184089243 -0.275508702 -2.70915508
v 0.184089243 -0.275508702 -2.70915508
v 0.126802906 -0.306128889 -2.70915508
v -0.306128979 -0.126802728 -2.70915508
v -0.275508791 -0.184089065 -2.70915508
v -0.275508791 -0.184089065 -2.70915508
v -0.306128979 -0.126802728 -2.70915508
v -0.306128949 0.126802772 -2.70915508
v -0.324984759 0.0646435022 -2.70915508
v -0.324984759 0.0646435022 -2.70915508
v -0.306128949 0.126802772 -2.70915508
v -0.126802787 0.306128949 -2.70915508
v -0.184089094 0.275508791 -2.70915508
v -0.184089094 0.275508791 -2.70915508
v -0.126802787 0.306128949 -2.70915508
v -0.126802728 -0.306129009 -2.70915508
v -0.0646434128 -0.324984789 -2.70915508
v -0.0646434128 -0.324984789 -2.70915508
v -0.126802728 -0.306129009 -2.70915508
v 0.0646429956 0.324984848 -2.70915508
v 0 0.331351608 -2.70915508
v 0 0.331351608 -2.70915508
v 0.0646429956 0.324984848 -2.70915508
v 0.275508583 0.184089437 -2.70915508
v 0.234300658 0.234301269 -2.70915508
v 0.234300658 0.234301269 -2.70915508
v 0.275508583 0.184089437 -2.70915508
v 0.324984848 -0.0646432042 -2.70915508
v 0.331351608 3.19443643e-07 -2.70915508
v 0.331351608 3.19443643e-07 -2.70915508
v 0.324984848 -0.0646432042 -2.70915508
v 0.184089243 -0.275508702 -2.70915508
v 0.23430112 -0.234300822 -2.70915508
v 0.23430112 -0.234300822 -2.70915508
v 0.184089243 -0.275508702 -2.70915508
v -0.0646434128 -0.324984789 -2.70915508
v 1.07968063e-07 -0.331351608 -2.70915508
v 1.07968063e-07 -0.331351608 -2.70915508
v -0.0646434128 -0.324984789 -2.70915508
v -0.275508791 -0.184089065 -2.70915508
v -0.234300971 -0.234300956 -2.70915508
v -0.234300971 -0.234300956 -2.70915508
v -0.275508791 -0.184089065 -2.70915508
v -0.324984759 0.0646435022 -2.70915508
v -0.331351608 2.51457095e-08 -2.70915508
v -0.331351608 2.51457095e-08 -2.70915508
v -0.324984759 0.0646435022 -2.70915508
v -0.184089094 0.275508791 -2.70915508
v -0.234300971 0.234300971 -2.70915508
v -0.234300971 0.234300971 -2.70915508
v -0.184089094 0.275508791 -2.70915508
v 0.234300658 0.234301269 -2.70915508
v 0.184088707 0.27550903 -2.70915508
v 0.184088707 0.268357724 -2.70915508
v 0.234300658 0.227149963 -2.70915508
v 0.331351608 3.19443643e-07 -2.70915508
v 0.324984729 0.0646438375 -2.70915508
v 0.324984729 0.0574925281 -2.70915508
v 0.331351608 -0.00715098856 -2.70915508
v 0.23430112 -0.234300822 -2.70915508
v 0.27550894 -0.184088886 -2.70915508
v 0.27550894 -0.191240191 -2.70915508
v 0.23430112 -0.241452128 -2.70915508
v 1.07968063e-07 -0.331351608 -2.70915508
v 0.0646436289 -0.324984759 -2.70915508
v 0.0646436289 -0.332136035 -2.70915508
v 1.07968063e-07 -0.338502914 -2.70915508
v -0.234300971 -0.234300956 -2.70915508
v -0.184089079 -0.275508821 -2.70915508
v -0.184089079 -0.282660127 -2.70915508
v -0.234300971 -0.241452262 -2.70915508
v -0.331351608 2.51457095e-08 -2.70915508
v -0.324984789 -0.0646434501 -2.70915508
v -0.324984789 -0.0717947558 -2.70915508
v -0.331351608 -0.00715128286 -2.70915508
v -0.234300971 0.234300971 -2.70915508
v -0.275508791 0.184089079 -2.70915508
v -0.275508791 0.176937774 -2.70915508
v -0.234300971 0.227149665 -2.70915508
v 0 0.331351608 -2.70915508
v -0.0646434873 0.324984759 -2.70915508
v -0.0646434873 0.317833453 -2.70915508
v 0 0.324200302 -2.70915508
v 0.184088707 0.27550903 -2.70915508
v 0.126802325 0.306129158 -2.70915508
v 0.126802325 0.298977852 -2.70915508
v 0.184088707 0.268357724 -2.70915508
v 0.324984729 0.0646438375 -2.70915508
v 0.30612883 0.126803115 -2.70915508
v 0.30612883 0.119651809 -2.70915508
v 0.324984729 0.0574925281 -2.70915508
v 0.27550894 -0.184088886 -2.70915508
v 0.306129098 -0.126802519 -2.70915508
v 0.306129098 -0.133953825 -2.70915508
v 0.27550894 -0.191240191 -2.70915508
v 0.0646436289 -0.324984759 -2.70915508
v 0.126802906 -0.306128889 -2.70915508
v 0.126802906 -0.313280225 -2.70915508
v 0.0646436289 -0.332136035 -2.70915508
v -0.0646434873 0.324984759 -2.70915508
v -0.126802787 0.306128949 -2.70915508
v -0.126802787 0.298977643 -2.70915508
v -0.0646434873 0.317833453 -2.70915508
v -0.184089079 -0.275508821 -2.70915508
v -0.126802728 -0.306129009 -2.70915508
v -0.126802728 -0.313280314 -2.70915508
v -0.184089079 -0.282660127 -2.70915508
v -0.324984789 -0.0646434501 -2.70915508
v -0.306128979 -0.126802728 -2.70915508
v -0.306128979 -0.133954033 -2.70915508
v -0.324984789 -0.0717947558 -2.70915508
v -0.275508791 0.184089079 -2.70915508
v -0.306128949 0.126802772 -2.70915508
v -0.306128949 0.119651452 -2.70915508
v -0.275508791 0.176937774 -2.70915508
v 0.126802325 0.306129158 -2.70915508
v 0.0646429956 0.324984848 -2.70915508
v 0.0646429956 0.317833543 -2.70915508
v 0.126802325 0.298977852 -2.70915508
v 0.30612883 0.126803115 -2.70915508
v 0.275508583 0.184089437 -2.70915508
v 0.275508583 0.176938131 -2.70915508
v 0.30612883 0.119651809 -2.70915508
v 0.306129098 -0.126802519 -2.70915508
v 0.324984848 -0.0646432042 -2.70915508
v 0.324984848 -0.0717945099 -2.70915508
v 0.306129098 -0.133953825 -2.70915508
v 0.126802906 -0.306128889 -2.70915508
v 0.184089243 -0.275508702 -2.70915508
v 0.184089243 -0.282660007 -2.70915508
v 0.126802906 -0.313280225 -2.70915508
v -0.306128949 0.126802772 -2.70915508
v -0.324984759 0.0646435022 -2.70915508
v -0.324984759 0.0574921928 -2.70915508
v -0.306128949 0.119651452 -2.70915508
v -0.126802787 0.306128949 -2.70915508
v -0.184089094 0.275508791 -2.70915508
v -0.184089094 0.268357486 -2.70915508
v -0.126802787 0.298977643 -2.70915508
v -0.126802728 -0.306129009 -2.70915508
v -0.0646434128 -0.324984789 -2.70915508
v -0.0646434128 -0.332136095 -2.70915508
v -0.126802728 -0.313280314 -2.70915508
v -0.306128979 -0.126802728 -2.70915508
v -0.275508791 -0.184089065 -2.70915508
v -0.275508791 -0.19124037 -2.70915508
v -0.306128979 -0.133954033 -2.70915508
v 0.0646429956 0.324984848 -2.70915508
v 0 0.331351608 -2.70915508
v 0 0.324200302 -2.70915508
v 0.0646429956 0.317833543 -2.70915508
v 0.275508583 0.184089437 -2.70915508
v 0.234300658 0.234301269 -2.70915508
v 0.234300658 0.227149963 -2.70915508
v 0.275508583 0.176938131 -2.70915508
v 0.324984848 -0.0646432042 -2.70915508
v 0.331351608 3.19443643e-07 -2.70915508
v 0.331351608 -0.00715098856 -2.70915508
v 0.324984848 -0.0717945099 -2.70915508
v 0.184089243 -0.275508702 -2.70915508
v 0.23430112 -0.234300822 -2.70915508
v 0.23430112 -0.241452128 -2.70915508
v 0.184089243 -0.282660007 -2.70915508
v -0.275508791 -0.184089065 -2.70915508
v -0.234300971 -0.234300956 -2.70915508
v -0.234300971 -0.241452262 -2.70915508
v -0.275508791 -0.19124037 -2.70915508
v -0.324984759 0.0646435022 -2.70915508
v -0.331351608 2.51457095e-08 -2.70915508
v -0.331351608 -0.00715128286 -2.70915508
v -0.324984759 0.0574921928 -2.70915508
v -0.184089094 0.275508791 -2.70915508
v -0.234300971 0.234300971 -2.70915508
v -0.234300971 0.227149665 -2.70915508
v -0.184089094 0.268357486 -2.70915508
v -0.0646434128 -0.324984789 -2.70915508
v 1.07968063e-07 -0.331351608 -2.70915508
v 1.07968063e-07 -0.338502914 -2.70915508
v -0.0646434128 -0.332136095 -2.70915508
v 0.234300658 0.227149963 -2.70915508
v 0.184088707 0.268357724 -2.70915508
v 0.277849317 0.408680648 -2.36619544
v 0.353635341 0.34648484 -2.36619544
v 0.331351608 -0.00715098856 -2.70915508
v 0.324984729 0.0574925281 -2.70915508
v 0.490506798 0.0904170424 -2.36619544
v 0.500116527 -0.00715088006 -2.36619544
v 0.23430112 -0.241452128 -2.70915508
v 0.27550894 -0.191240191 -2.70915508
v 0.415831894 -0.28500092 -2.36619544
v 0.353635997 -0.360786915 -2.36619544
v 1.07968063e-07 -0.338502914 -2.70915508
v 0.0646436289 -0.332136035 -2.70915508
v 0.0975681096 -0.497658193 -2.36619544
v 1.82998392e-07 -0.507267892 -2.36619544
v -0.331351608 -0.00715128286 -2.70915508
v -0.324984789 -0.0717947558 -2.70915508
v -0.490506858 -0.104719192 -2.36619544
v -0.500116467 -0.0071513243 -2.36619544
v -0.234300971 0.227149665 -2.70915508
v -0.275508791 0.176937774 -2.70915508
v -0.415831655 0.270698428 -2.36619544
v -0.353635699 0.346484363 -2.36619544
v 0 0.324200302 -2.70915508
v -0.0646434873 0.317833453 -2.70915508
v -0.0975678638 0.483355492 -2.36619544
v 2.00397565e-08 0.492965102 -2.36619544
v -0.234300971 -0.241452262 -2.70915508
v -0.184089079 -0.282660127 -2.70915508
v -0.277849764 -0.42298305 -2.36619544
v -0.353635699 -0.360787123 -2.36619544
v 0.184088707 0.268357724 -2.70915508
v 0.126802325 0.298977852 -2.70915508
v 0.191385642 0.454896301 -2.36619544
v 0.277849317 0.408680648 -2.36619544
v 0.324984729 0.0574925281 -2.70915508
v 0.30612883 0.119651809 -2.70915508
v 0.462047189 0.184235469 -2.36619544
v 0.490506798 0.0904170424 -2.36619544
v 0.27550894 -0.191240191 -2.70915508
v 0.306129098 -0.133953825 -2.70915508
v 0.462047607 -0.19853726 -2.36619544
v 0.415831894 -0.28500092 -2.36619544
v 0.0646436289 -0.332136035 -2.70915508
v 0.126802906 -0.313280225 -2.70915508
v 0.191386536 -0.469198674 -2.36619544
v 0.0975681096 -0.497658193 -2.36619544
v -0.184089079 -0.282660127 -2.70915508
v -0.126802728 -0.313280314 -2.70915508
v -0.191386208 -0.469198823 -2.36619544
v -0.277849764 -0.42298305 -2.36619544
v -0.324984789 -0.0717947558 -2.70915508
v -0.306128979 -0.133954033 -2.70915508
v -0.462047368 -0.198537558 -2.36619544
v -0.490506858 -0.104719192 -2.36619544
v -0.275508791 0.176937774 -2.70915508
v -0.306128949 0.119651452 -2.70915508
v -0.462047338 0.184234947 -2.36619544
v -0.415831655 0.270698428 -2.36619544
v -0.0646434873 0.317833453 -2.70915508
v -0.126802787 0.298977643 -2.70915508
v -0.191386282 0.454896003 -2.36619544
v -0.0975678638 0.483355492 -2.36619544
v 0.126802325 0.298977852 -2.70915508
v 0.0646429956 0.317833543 -2.70915508
v 0.097567156 0.483355641 -2.36619544
v 0.191385642 0.454896301 -2.36619544
v 0.30612883 0.119651809 -2.70915508
v 0.275508583 0.176938131 -2.70915508
v 0.415831357 0.270698965 -2.36619544
v 0.462047189 0.184235469 -2.36619544
v 0.306129098 -0.133953825 -2.70915508
v 0.324984848 -0.0717945099 -2.70915508
v 0.490507007 -0.104718812 -2.36619544
v 0.462047607 -0.19853726 -2.36619544
v 0.126802906 -0.313280225 -2.70915508
v 0.184089243 -0.282660007 -2.70915508
v 0.277850121 -0.422982901 -2.36619544
v 0.191386536 -0.469198674 -2.36619544
v -0.126802728 -0.313280314 -2.70915508
v -0.0646434128 -0.332136095 -2.70915508
v -0.0975677446 -0.497658223 -2.36619544
v -0.191386208 -0.469198823 -2.36619544
v -0.306128979 -0.133954033 -2.70915508
v -0.275508791 -0.19124037 -2.70915508
v -0.415831655 -0.285001189 -2.36619544
v -0.462047368 -0.198537558 -2.36619544
v -0.306128949 0.119651452 -2.70915508
v -0.324984759 0.0574921928 -2.70915508
v -0.490506828 0.0904165506 -2.36619544
v -0.462047338 0.184234947 -2.36619544
v -0.126802787 0.298977643 -2.70915508
v -0.184089094 0.268357486 -2.70915508
v -0.277849823 0.40868026 -2.36619544
v -0.191386282 0.454896003 -2.36619544
v 0.0646429956 0.317833543 -2.70915508
v 0 0.324200302 -2.70915508
v 2.00397565e-08 0.492965102 -2.36619544
v 0.097567156 0.483355641 -2.36619544
v 0.275508583 0.176938131 -2.70915508
v 0.234300658 0.227149963 -2.70915508
v 0.353635341 0.34648484 -2.36619544
v 0.415831357 0.270698965 -2.36619544
v 0.324984848 -0.0717945099 -2.70915508
v 0.331351608 -0.00715098856 -2.70915508
v 0.500116527 -0.00715088006 -2.36619544
v 0.490507007 -0.104718812 -2.36619544
v 0.184089243 -0.282660007 -2.70915508
v 0.23430112 -0.241452128 -2.70915508
v 0.353635997 -0.360786915 -2.36619544
v 0.277850121 -0.422982901 -2.36619544
v -0.184089094 0.268357486 -2.70915508
v -0.234300971 0.227149665 -2.70915508
v -0.353635699 0.346484363 -2.36619544
v -0.277849823 0.40868026 -2.36619544
v -0.0646434128 -0.332136095 -2.70915508
v 1.07968063e-07 -0.338502914 -2.70915508
v 1.82998392e-07 -0.507267892 -2.36619544
v -0.0975677446 -0.497658223 -2.36619544
v -0.275508791 -0.19124037 -2.70915508
v -0.234300971 -0.241452262 -2.70915508
v -0.353635699 -0.360787123 -2.36619544
v -0.415831655 -0.285001189 -2.36619544
v -0.324984759 0.0574921928 -2.70915508
v -0.331351608 -0.00715128286 -2.70915508
v -0.500116467 -0.0071513243 -2.36619544
v -0.490506828 0.0904165506 -2.36619544
v 0.353635341 0.34648484 -2.36619544
v 0.277849317 0.408680648 -2.36619544
v 0.329929203 0.486623973 -2.12894249
v 0.419920534 0.412770182 -2.12894249
v 0.500116527 -0.00715088006 -2.36619544
v 0.490506798 0.0904170424 -2.36619544
v 0.582447112 0.108705185 -2.12894249
v 0.593858063 -0.00715081533 -2.12894249
v 0.353635997 -0.360786915 -2.36619544
v 0.415831894 -0.28500092 -2.36619544
v 0.493775219 -0.337080926 -2.12894249
v 0.419921339 -0.427072197 -2.12894249
v 1.82998392e-07 -0.507267892 -2.36619544
v 0.0975681096 -0.497658193 -2.36619544
v 0.115856223 -0.589598536 -2.12894249
v 2.19786742e-07 -0.601009429 -2.12894249
v -0.353635699 -0.360787123 -2.36619544
v -0.277849764 -0.42298305 -2.36619544
v -0.329929799 -0.500926316 -2.12894249
v -0.419920981 -0.427072436 -2.12894249
v -0.500116467 -0.0071513243 -2.36619544
v -0.490506858 -0.104719192 -2.36619544
v -0.582447231 -0.123007275 -2.12894249
v -0.593858004 -0.00715134293 -2.12894249
v -0.353635699 0.346484363 -2.36619544
v -0.415831655 0.270698428 -2.36619544
v -0.493774891 0.322778434 -2.12894249
v -0.419920981 0.412769645 -2.12894249
v 2.00397565e-08 0.492965102 -2.36619544
v -0.0975678638 0.483355492 -2.36619544
v -0.115855932 0.575295746 -2.12894249
v 2.62832458e-08 0.586706638 -2.12894249
v 0.277849317 0.408680648 -2.36619544
v 0.191385642 0.454896301 -2.36619544
v 0.227258861 0.541502237 -2.12894249
v 0.329929203 0.486623973 -2.12894249
v 0.490506798 0.0904170424 -2.36619544
v 0.462047189 0.184235469 -2.36619544
v 0.548653007 0.220108896 -2.12894249
v 0.582447112 0.108705185 -2.12894249
v 0.415831894 -0.28500092 -2.36619544
v 0.462047607 -0.19853726 -2.36619544
v 0.548653483 -0.234410569 -2.12894249
v 0.493775219 -0.337080926 -2.12894249
v 0.0975681096 -0.497658193 -2.36619544
v 0.191386536 -0.469198674 -2.36619544
v 0.227259919 -0.555804551 -2.12894249
v 0.115856223 -0.589598536 -2.12894249
v -0.0975678638 0.483355492 -2.36619544
v -0.191386282 0.454896003 -2.36619544
v -0.227259621 0.54150188 -2.12894249
v -0.115855932 0.575295746 -2.12894249
v -0.277849764 -0.42298305 -2.36619544
v -0.191386208 -0.469198823 -2.36619544
v -0.227259532 -0.555804789 -2.12894249
v -0.329929799 -0.500926316 -2.12894249
v -0.490506858 -0.104719192 -2.36619544
v -0.462047368 -0.198537558 -2.36619544
v -0.548653305 -0.234410897 -2.12894249
v -0.582447231 -0.123007275 -2.12894249
v -0.415831655 0.270698428 -2.36619544
v -0.462047338 0.184234947 -2.36619544
v -0.548653245 0.220108256 -2.12894249
v -0.493774891 0.322778434 -2.12894249
v 0.191385642 0.454896301 -2.36619544
v 0.097567156 0.483355641 -2.36619544
v 0.115855098 0.575295985 -2.12894249
v 0.227258861 0.541502237 -2.12894249
v 0.462047189 0.184235469 -2.36619544
v 0.415831357 0.270698965 -2.36619544
v 0.493774533 0.322779059 -2.12894249
v 0.548653007 0.220108896 -2.12894249
v 0.462047607 -0.19853726 -2.36619544
v 0.490507007 -0.104718812 -2.36619544
v 0.58244735 -0.123006828 -2.12894249
v 0.548653483 -0.234410569 -2.12894249
v 0.191386536 -0.469198674 -2.36619544
v 0.277850121 -0.422982901 -2.36619544
v 0.329930186 -0.500926137 -2.12894249
v 0.227259919 -0.555804551 -2.12894249
v -0.462047338 0.184234947 -2.36619544
v -0.490506828 0.0904165506 -2.36619544
v -0.582447171 0.108704597 -2.12894249
v -0.548653245 0.220108256 -2.12894249
v -0.191386282 0.454896003 -2.36619544
v -0.277849823 0.40868026 -2.36619544
v -0.329929829 0.486623496 -2.12894249
v -0.227259621 0.54150188 -2.12894249
v -0.191386208 -0.469198823 -2.36619544
v -0.0975677446 -0.497658223 -2.36619544
v -0.115855791 -0.589598596 -2.12894249
v -0.227259532 -0.555804789 -2.12894249
v -0.462047368 -0.198537558 -2.36619544
v -0.415831655 -0.285001189 -2.36619544
v -0.493774891 -0.337081194 -2.12894249
v -0.548653305 -0.234410897 -2.12894249
v 0.097567156 0.483355641 -2.36619544
v 2.00397565e-08 0.492965102 -2.36619544
v 2.62832458e-08 0.586706638 -2.12894249
v 0.115855098 0.575295985 -2.12894249
v 0.415831357 0.270698965 -2.36619544
v 0.353635341 0.34648484 -2.36619544
v 0.419920534 0.412770182 -2.12894249
v 0.493774533 0.322779059 -2.12894249
v 0.490507007 -0.104718812 -2.36619544
v 0.500116527 -0.00715088006 -2.36619544
v 0.593858063 -0.00715081533 -2.12894249
v 0.58244735 -0.123006828 -2.12894249
v 0.277850121 -0.422982901 -2.36619544
v 0.353635997 -0.360786915 -2.36619544
v 0.419921339 -0.427072197 -2.12894249
v 0.329930186 -0.500926137 -2.12894249
v -0.415831655 -0.285001189 -2.36619544
v -0.353635699 -0.360787123 -2.36619544
v -0.419920981 -0.427072436 -2.12894249
v -0.493774891 -0.337081194 -2.12894249
v -0.490506828 0.0904165506 -2.36619544
v -0.500116467 -0.0071513243 -2.36619544
v -0.593858004 -0.00715134293 -2.12894249
v -0.582447171 0.108704597 -2.12894249
v -0.277849823 0.40868026 -2.36619544
v -0.353635699 0.346484363 -2.36619544
v -0.419920981 0.412769645 -2.12894249
v -0.329929829 0.486623496 -2.12894249
v -0.0975677446 -0.497658223 -2.36619544
v 1.82998392e-07 -0.507267892 -2.36619544
v 2.19786742e-07 -0.601009429 -2.12894249
v -0.115855791 -0.589598596 -2.12894249
v 0.419920534 0.412770182 -2.12894249
v 0.329929203 0.486623973 -2.12894249
v 0.379487574 0.560793459 -1.84480262
v 0.482996404 0.475846171 -1.84480262
v 0.593858063 -0.00715081533 -2.12894249
v 0.582447112 0.108705185 -2.12894249
v 0.669935882 0.126107857 -1.84480262
v 0.683060944 -0.00715075526 -1.84480262
v 0.419921339 -0.427072197 -2.12894249
v 0.493775219 -0.337080926 -2.12894249
v 0.567944705 -0.386639327 -1.84480262
v 0.482997358 -0.490148127 -1.84480262
v 2.19786742e-07 -0.601009429 -2.12894249
v 0.115856223 -0.589598536 -2.12894249
v 0.133258879 -0.677087486 -1.84480262
v 2.51734548e-07 -0.690212369 -1.84480262
v -0.419920981 -0.427072436 -2.12894249
v -0.329929799 -0.500926316 -2.12894249
v -0.37948823 -0.575095832 -1.84480262
v -0.482996941 -0.490148365 -1.84480262
v -0.593858004 -0.00715134293 -2.12894249
v -0.582447231 -0.123007275 -2.12894249
v -0.66993618 -0.140409902 -1.84480262
v -0.683060884 -0.00715136249 -1.84480262
v -0.419920981 0.412769645 -2.12894249
v -0.493774891 0.322778434 -2.12894249
v -0.567944348 0.372336894 -1.84480262
v -0.482996941 0.475845546 -1.84480262
v 2.62832458e-08 0.586706638 -2.12894249
v -0.115855932 0.575295746 -2.12894249
v -0.133258551 0.662784517 -1.84480262
v 2.91650863e-08 0.67590946 -1.84480262
v 0.329929203 0.486623973 -2.12894249
v 0.227258861 0.541502237 -2.12894249
v 0.261395216 0.623914957 -1.84480262
v 0.379487574 0.560793459 -1.84480262
v 0.582447112 0.108705185 -2.12894249
v 0.548653007 0.220108896 -2.12894249
v 0.631065726 0.2542454 -1.84480262
v 0.669935882 0.126107857 -1.84480262
v 0.493775219 -0.337080926 -2.12894249
v 0.548653483 -0.234410569 -2.12894249
v 0.631066203 -0.268546999 -1.84480262
v 0.567944705 -0.386639327 -1.84480262
v 0.115856223 -0.589598536 -2.12894249
v 0.227259919 -0.555804551 -2.12894249
v 0.261396438 -0.63821727 -1.84480262
v 0.133258879 -0.677087486 -1.84480262
v -0.329929799 -0.500926316 -2.12894249
v -0.227259532 -0.555804789 -2.12894249
v -0.261395961 -0.638217509 -1.84480262
v -0.37948823 -0.575095832 -1.84480262
v -0.582447231 -0.123007275 -2.12894249
v -0.548653305 -0.234410897 -2.12894249
v -0.631065965 -0.268547386 -1.84480262
v -0.66993618 -0.140409902 -1.84480262
v -0.493774891 0.322778434 -2.12894249
v -0.548653245 0.220108256 -2.12894249
v -0.631065965 0.254244685 -1.84480262
v -0.567944348 0.372336894 -1.84480262
v -0.115855932 0.575295746 -2.12894249
v -0.227259621 0.54150188 -2.12894249
v -0.26139608 0.62391454 -1.84480262
v -0.133258551 0.662784517 -1.84480262
v 0.227258861 0.541502237 -2.12894249
v 0.115855098 0.575295985 -2.12894249
v 0.133257568 0.662784755 -1.84480262
v 0.261395216 0.623914957 -1.84480262
v 0.548653007 0.220108896 -2.12894249
v 0.493774533 0.322779059 -2.12894249
v 0.567943931 0.37233758 -1.84480262
v 0.631065726 0.2542454 -1.84480262
v 0.548653483 -0.234410569 -2.12894249
v 0.58244735 -0.123006828 -2.12894249
v 0.66993618 -0.140409395 -1.84480262
v 0.631066203 -0.268546999 -1.84480262
v 0.227259919 -0.555804551 -2.12894249
v 0.329930186 -0.500926137 -2.12894249
v 0.379488677 -0.575095594 -1.84480262
v 0.261396438 -0.63821727 -1.84480262
v -0.227259621 0.54150188 -2.12894249
v -0.329929829 0.486623496 -2.12894249
v -0.37948826 0.560792923 -1.84480262
v -0.26139608 0.62391454 -1.84480262
v -0.227259532 -0.555804789 -2.12894249
v -0.115855791 -0.589598596 -2.12894249
v -0.133258387 -0.677087486 -1.84480262
v -0.261395961 -0.638217509 -1.84480262
v -0.548653305 -0.234410897 -2.12894249
v -0.493774891 -0.337081194 -2.12894249
v -0.567944348 -0.386639625 -1.84480262
v -0.631065965 -0.268547386 -1.84480262
v -0.548653245 0.220108256 -2.12894249
v -0.582447171 0.108704597 -2.12894249
v -0.669936061 0.126107186 -1.84480262
v -0.631065965 0.254244685 -1.84480262
v 0.115855098 0.575295985 -2.12894249
v 2.62832458e-08 0.586706638 -2.12894249
v 2.91650863e-08 0.67590946 -1.84480262
v 0.133257568 0.662784755 -1.84480262
v 0.493774533 0.322779059 -2.12894249
v 0.419920534 0.412770182 -2.12894249
v 0.482996404 0.475846171 -1.84480262
v 0.567943931 0.37233758 -1.84480262
v 0.58244735 -0.123006828 -2.12894249
v 0.593858063 -0.00715081533 -2.12894249
v 0.683060944 -0.00715075526 -1.84480262
v 0.66993618 -0.140409395 -1.84480262
v 0.329930186 -0.500926137 -2.12894249
v 0.419921339 -0.427072197 -2.12894249
v 0.482997358 -0.490148127 -1.84480262
v 0.379488677 -0.575095594 -1.84480262
v -0.582447171 0.108704597 -2.12894249
v -0.593858004 -0.00715134293 -2.12894249
v -0.683060884 -0.00715136249 -1.84480262
v -0.669936061 0.126107186 -1.84480262
v -0.329929829 0.486623496 -2.12894249
v -0.419920981 0.412769645 -2.12894249
v -0.482996941 0.475845546 -1.84480262
v -0.37948826 0.560792923 -1.84480262
v -0.115855791 -0.589598596 -2.12894249
v 2.19786742e-07 -0.601009429 -2.12894249
v 2.51734548e-07 -0.690212369 -1.84480262
v -0.133258387 -0.677087486 -1.84480262
v -0.493774891 -0.337081194 -2.12894249
v -0.419920981 -0.427072436 -2.12894249
v -0.482996941 -0.490148365 -1.84480262
v -0.567944348 -0.386639625 -1.84480262
v 0.482996404 0.475846171 -1.84480262
v 0.379487574 0.560793459 -1.84480262
v 0.42892167 0.63477695 -1.48286247
v 0.545914054 0.538764 -1.48286247
v 0.683060944 -0.00715075526 -1.84480262
v 0.669935882 0.126107857 -1.84480262
v 0.757205307 0.143466905 -1.48286247
v 0.772040069 -0.00715069799 -1.48286247
v 0.482997358 -0.490148127 -1.84480262
v 0.567944705 -0.386639327 -1.84480262
v 0.641928196 -0.436073482 -1.48286247
v 0.545915186 -0.553065896 -1.48286247
v 2.51734548e-07 -0.690212369 -1.84480262
v 0.133258879 -0.677087486 -1.84480262
v 0.150617898 -0.764356971 -1.48286247
v 2.86818192e-07 -0.779191613 -1.48286247
v -0.683060884 -0.00715136249 -1.84480262
v -0.66993618 -0.140409902 -1.84480262
v -0.757205606 -0.15776889 -1.48286247
v -0.772040009 -0.00715138437 -1.48286247
v -0.482996941 0.475845546 -1.84480262
v -0.567944348 0.372336894 -1.84480262
v -0.641927838 0.42177102 -1.48286247
v -0.54591471 0.538763285 -1.48286247
v 2.91650863e-08 0.67590946 -1.84480262
v -0.133258551 0.662784517 -1.84480262
v -0.15061751 0.750054002 -1.48286247
v 3.52556526e-08 0.764888585 -1.48286247
v -0.482996941 -0.490148365 -1.84480262
v -0.37948823 -0.575095832 -1.84480262
v -0.428922385 -0.649079323 -1.48286247
v -0.54591471 -0.553066194 -1.48286247
v 0.379487574 0.560793459 -1.84480262
v 0.261395216 0.623914957 -1.84480262
v 0.295445979 0.706120968 -1.48286247
v 0.42892167 0.63477695 -1.48286247
v 0.669935882 0.126107857 -1.84480262
v 0.631065726 0.2542454 -1.84480262
v 0.713271677 0.288296312 -1.48286247
v 0.757205307 0.143466905 -1.48286247
v 0.567944705 -0.386639327 -1.84480262
v 0.631066203 -0.268546999 -1.84480262
v 0.713272274 -0.302597821 -1.48286247
v 0.641928196 -0.436073482 -1.48286247
v 0.133258879 -0.677087486 -1.84480262
v 0.261396438 -0.63821727 -1.84480262
v 0.29544732 -0.7204234 -1.48286247
v 0.150617898 -0.764356971 -1.48286247
v -0.37948823 -0.575095832 -1.84480262
v -0.261395961 -0.638217509 -1.84480262
v -0.295446783 -0.720423639 -1.48286247
v -0.428922385 -0.649079323 -1.48286247
v -0.66993618 -0.140409902 -1.84480262
v -0.631065965 -0.268547386 -1.84480262
v -0.713272035 -0.302598238 -1.48286247
v -0.757205606 -0.15776889 -1.48286247
v -0.567944348 0.372336894 -1.84480262
v -0.631065965 0.254244685 -1.84480262
v -0.713272035 0.288295507 -1.48286247
v -0.641927838 0.42177102 -1.48286247
v -0.133258551 0.662784517 -1.84480262
v -0.26139608 0.62391454 -1.84480262
v -0.295446903 0.706120491 -1.48286247
v -0.15061751 0.750054002 -1.48286247
v 0.261395216 0.623914957 -1.84480262
v 0.133257568 0.662784755 -1.84480262
v 0.150616422 0.750054181 -1.48286247
v 0.295445979 0.706120968 -1.48286247
v 0.631065726 0.2542454 -1.84480262
v 0.567943931 0.37233758 -1.84480262
v 0.641927361 0.421771854 -1.48286247
v 0.713271677 0.288296312 -1.48286247
v 0.631066203 -0.268546999 -1.84480262
v 0.66993618 -0.140409395 -1.84480262
v 0.757205725 -0.157768324 -1.48286247
v 0.713272274 -0.302597821 -1.48286247
v 0.261396438 -0.63821727 -1.84480262
v 0.379488677 -0.575095594 -1.84480262
v 0.428922892 -0.649079025 -1.48286247
v 0.29544732 -0.7204234 -1.48286247
v -0.261395961 -0.638217509 -1.84480262
v -0.133258387 -0.677087486 -1.84480262
v -0.150617346 -0.764356971 -1.48286247
v -0.295446783 -0.720423639 -1.48286247
v -0.631065965 -0.268547386 -1.84480262
v -0.567944348 -0.386639625 -1.84480262
v -0.641927838 -0.43607384 -1.48286247
v -0.713272035 -0.302598238 -1.48286247
v -0.631065965 0.254244685 -1.84480262
v -0.669936061 0.126107186 -1.84480262
v -0.757205486 0.14346613 -1.48286247
v -0.713272035 0.288295507 -1.48286247
v -0.26139608 0.62391454 -1.84480262
v -0.37948826 0.560792923 -1.84480262
v -0.428922445 0.634776354 -1.48286247
v -0.295446903 0.706120491 -1.48286247
v 0.133257568 0.662784755 -1.84480262
v 2.91650863e-08 0.67590946 -1.84480262
v 3.52556526e-08 0.764888585 -1.48286247
v 0.150616422 0.750054181 -1.48286247
v 0.567943931 0.37233758 -1.84480262
v 0.482996404 0.475846171 -1.84480262
v 0.545914054 0.538764 -1.48286247
v 0.641927361 0.421771854 -1.48286247
v 0.66993618 -0.140409395 -1.84480262
v 0.683060944 -0.00715075526 -1.84480262
v 0.772040069 -0.00715069799 -1.48286247
v 0.757205725 -0.157768324 -1.48286247
v 0.379488677 -0.575095594 -1.84480262
v 0.482997358 -0.490148127 -1.84480262
v 0.545915186 -0.553065896 -1.48286247
v 0.428922892 -0.649079025 -1.48286247
v -0.37948826 0.560792923 -1.84480262
v -0.482996941 0.475845546 -1.84480262
v -0.54591471 0.538763285 -1.48286247
v -0.428922445 0.634776354 -1.48286247
v -0.133258387 -0.677087486 -1.84480262
v 2.51734548e-07 -0.690212369 -1.84480262
v 2.86818192e-07 -0.779191613 -1.48286247
v -0.150617346 -0.764356971 -1.48286247
v -0.567944348 -0.386639625 -1.84480262
v -0.482996941 -0.490148365 -1.84480262
v -0.54591471 -0.553066194 -1.48286247
v -0.641927838 -0.43607384 -1.48286247
v -0.669936061 0.126107186 -1.84480262
v -0.683060884 -0.00715136249 -1.84480262
v -0.772040009 -0.00715138437 -1.48286247
v -0.757205486 0.14346613 -1.48286247
v 0.545914054 0.538764 -1.48286247
v 0.42892167 0.63477695 -1.48286247
v 0.454451501 0.672985137 -1.13445318
v 0.578407407 0.571257412 -1.13445318
v 0.772040069 -0.00715069799 -1.48286247
v 0.757205307 0.143466905 -1.48286247
v 0.802274883 0.152431846 -1.13445318
v 0.817992628 -0.00715066772 -1.13445318
v 0.545915186 -0.553065896 -1.48286247
v 0.641928196 -0.436073482 -1.48286247
v 0.680136383 -0.461603373 -1.13445318
v 0.578408539 -0.585559249 -1.13445318
v 2.86818192e-07 -0.779191613 -1.48286247
v 0.150617898 -0.764356971 -1.48286247
v 0.159582809 -0.809426606 -1.13445318
v 3.05340961e-07 -0.825144172 -1.13445318
v -0.54591471 0.538763285 -1.48286247
v -0.641927838 0.42177102 -1.48286247
v -0.680135965 0.447300911 -1.13445318
v -0.578408122 0.571256697 -1.13445318
v 3.52556526e-08 0.764888585 -1.48286247
v -0.15061751 0.750054002 -1.48286247
v -0.159582406 0.795123518 -1.13445318
v 3.88051618e-08 0.810841143 -1.13445318
v -0.54591471 -0.553066194 -1.48286247
v -0.428922385 -0.649079323 -1.48286247
v -0.454452276 -0.687287569 -1.13445318
v -0.578408122 -0.585559547 -1.13445318
v -0.772040009 -0.00715138437 -1.48286247
v -0.757205606 -0.15776889 -1.48286247
v -0.80227524 -0.166733801 -1.13445318
v -0.817992568 -0.00715139462 -1.13445318
v 0.42892167 0.63477695 -1.48286247
v 0.295445979 0.706120968 -1.48286247
v 0.313031197 0.748575628 -1.13445318
v 0.454451501 0.672985137 -1.13445318
v 0.757205307 0.143466905 -1.48286247
v 0.713271677 0.288296312 -1.48286247
v 0.755726337 0.305881649 -1.13445318
v 0.802274883 0.152431846 -1.13445318
v 0.641928196 -0.436073482 -1.48286247
v 0.713272274 -0.302597821 -1.48286247
v 0.755726874 -0.320183098 -1.13445318
v 0.680136383 -0.461603373 -1.13445318
v 0.150617898 -0.764356971 -1.48286247
v 0.29544732 -0.7204234 -1.48286247
v 0.313032627 -0.76287806 -1.13445318
v 0.159582809 -0.809426606 -1.13445318
v -0.757205606 -0.15776889 -1.48286247
v -0.713272035 -0.302598238 -1.48286247
v -0.755726695 -0.320183516 -1.13445318
v -0.80227524 -0.166733801 -1.13445318
v -0.641927838 0.42177102 -1.48286247
v -0.713272035 0.288295507 -1.48286247
v -0.755726695 0.305880785 -1.13445318
v -0.680135965 0.447300911 -1.13445318
v -0.15061751 0.750054002 -1.48286247
v -0.295446903 0.706120491 -1.48286247
v -0.31303221 0.748575151 -1.13445318
v -0.159582406 0.795123518 -1.13445318
v -0.428922385 -0.649079323 -1.48286247
v -0.295446783 -0.720423639 -1.48286247
v -0.313032061 -0.762878239 -1.13445318
v -0.454452276 -0.687287569 -1.13445318
v 0.295445979 0.706120968 -1.48286247
v 0.150616422 0.750054181 -1.48286247
v 0.159581259 0.795123756 -1.13445318
v 0.313031197 0.748575628 -1.13445318
v 0.713271677 0.288296312 -1.48286247
v 0.641927361 0.421771854 -1.48286247
v 0.680135489 0.447301775 -1.13445318
v 0.755726337 0.305881649 -1.13445318
v 0.713272274 -0.302597821 -1.48286247
v 0.757205725 -0.157768324 -1.48286247
v 0.80227536 -0.166733205 -1.13445318
v 0.755726874 -0.320183098 -1.13445318
v 0.29544732 -0.7204234 -1.48286247
v 0.428922892 -0.649079025 -1.48286247
v 0.454452813 -0.687287211 -1.13445318
v 0.313032627 -0.76287806 -1.13445318
v -0.295446783 -0.720423639 -1.48286247
v -0.150617346 -0.764356971 -1.48286247
v -0.159582227 -0.809426606 -1.13445318
v -0.313032061 -0.762878239 -1.13445318
v -0.713272035 -0.302598238 -1.48286247
v -0.641927838 -0.43607384 -1.48286247
v -0.680135965 -0.461603731 -1.13445318
v -0.755726695 -0.320183516 -1.13445318
v -0.713272035 0.288295507 -1.48286247
v -0.757205486 0.14346613 -1.48286247
v -0.802275062 0.152431011 -1.13445318
v -0.755726695 0.305880785 -1.13445318
v -0.295446903 0.706120491 -1.48286247
v -0.428922445 0.634776354 -1.48286247
v -0.454452306 0.67298454 -1.13445318
v -0.31303221 0.748575151 -1.13445318
v 0.150616422 0.750054181 -1.48286247
v 3.52556526e-08 0.764888585 -1.48286247
v 3.88051618e-08 0.810841143 -1.13445318
v 0.159581259 0.795123756 -1.13445318
v 0.641927361 0.421771854 -1.48286247
v 0.545914054 0.538764 -1.48286247
v 0.578407407 0.571257412 -1.13445318
v 0.680135489 0.447301775 -1.13445318
v 0.757205725 -0.157768324 -1.48286247
v 0.772040069 -0.00715069799 -1.48286247
v 0.817992628 -0.00715066772 -1.13445318
v 0.80227536 -0.166733205 -1.13445318
v 0.428922892 -0.649079025 -1.48286247
v 0.545915186 -0.553065896 -1.48286247
v 0.578408539 -0.585559249 -1.13445318
v 0.454452813 -0.687287211 -1.13445318
v -0.150617346 -0.764356971 -1.48286247
v 2.86818192e-07 -0.779191613 -1.48286247
v 3.05340961e-07 -0.825144172 -1.13445318
v -0.159582227 -0.809426606 -1.13445318
v -0.641927838 -0.43607384 -1.48286247
v -0.54591471 -0.553066194 -1.48286247
v -0.578408122 -0.585559547 -1.13445318
v -0.680135965 -0.461603731 -1.13445318
v -0.757205486 0.14346613 -1.48286247
v -0.772040009 -0.00715138437 -1.48286247
v -0.817992568 -0.00715139462 -1.13445318
v -0.802275062 0.152431011 -1.13445318
v -0.428922445 0.634776354 -1.48286247
v -0.54591471 0.538763285 -1.48286247
v -0.578408122 0.571256697 -1.13445318
v -0.454452306 0.67298454 -1.13445318
v 0.578407407 0.571257412 -1.13445318
v 0.454451501 0.672985137 -1.13445318
v 0.444312692 0.657811284 -0.757291436
v 0.56550312 0.558353126 -0.757291436
v 0.817992628 -0.00715066772 -1.13445318
v 0.802274883 0.152431846 -1.13445318
v 0.784376085 0.148871541 -0.757291436
v 0.799743235 -0.00715067983 -0.757291436
v 0.578408539 -0.585559249 -1.13445318
v 0.680136383 -0.461603373 -1.13445318
v 0.66496259 -0.451464534 -0.757291436
v 0.565504253 -0.572654963 -0.757291436
v 3.05340961e-07 -0.825144172 -1.13445318
v 0.159582809 -0.809426606 -1.13445318
v 0.156022519 -0.791527808 -0.757291436
v 2.97220708e-07 -0.806894779 -0.757291436
v 3.88051618e-08 0.810841143 -1.13445318
v -0.159582406 0.795123518 -1.13445318
v -0.156022131 0.77722472 -0.757291436
v 3.66313131e-08 0.792591751 -0.757291436
v -0.578408122 -0.585559547 -1.13445318
v -0.454452276 -0.687287569 -1.13445318
v -0.444313437 -0.672113717 -0.757291436
v -0.565503836 -0.572655201 -0.757291436
v -0.817992568 -0.00715139462 -1.13445318
v -0.80227524 -0.166733801 -1.13445318
v -0.784376442 -0.163173512 -0.757291436
v -0.799743176 -0.00715139089 -0.757291436
v -0.578408122 0.571256697 -1.13445318
v -0.680135965 0.447300911 -1.13445318
v -0.664962113 0.437162071 -0.757291436
v -0.565503836 0.558352411 -0.757291436
v 0.454451501 0.672985137 -1.13445318
v 0.313031197 0.748575628 -1.13445318
v 0.306047469 0.731715381 -0.757291436
v 0.444312692 0.657811284 -0.757291436
v 0.802274883 0.152431846 -1.13445318
v 0.755726337 0.305881649 -1.13445318
v 0.738866091 0.298897862 -0.757291436
v 0.784376085 0.148871541 -0.757291436
v 0.680136383 -0.461603373 -1.13445318
v 0.755726874 -0.320183098 -1.13445318
v 0.738866627 -0.313199341 -0.757291436
v 0.66496259 -0.451464534 -0.757291436
v 0.159582809 -0.809426606 -1.13445318
v 0.313032627 -0.76287806 -1.13445318
v 0.30604887 -0.746017754 -0.757291436
v 0.156022519 -0.791527808 -0.757291436
v -0.680135965 0.447300911 -1.13445318
v -0.755726695 0.305880785 -1.13445318
v -0.738866448 0.298897028 -0.757291436
v -0.664962113 0.437162071 -0.757291436
v -0.159582406 0.795123518 -1.13445318
v -0.31303221 0.748575151 -1.13445318
v -0.306048453 0.731714904 -0.757291436
v -0.156022131 0.77722472 -0.757291436
v -0.454452276 -0.687287569 -1.13445318
v -0.313032061 -0.762878239 -1.13445318
v -0.306048304 -0.746017992 -0.757291436
v -0.444313437 -0.672113717 -0.757291436
v -0.80227524 -0.166733801 -1.13445318
v -0.755726695 -0.320183516 -1.13445318
v -0.738866448 -0.313199759 -0.757291436
v -0.784376442 -0.163173512 -0.757291436
v 0.313031197 0.748575628 -1.13445318
v 0.159581259 0.795123756 -1.13445318
v 0.156020999 0.777224958 -0.757291436
v 0.306047469 0.731715381 -0.757291436
v 0.755726337 0.305881649 -1.13445318
v 0.680135489 0.447301775 -1.13445318
v 0.664961636 0.437162906 -0.757291436
v 0.738866091 0.298897862 -0.757291436
v 0.755726874 -0.320183098 -1.13445318
v 0.80227536 -0.166733205 -1.13445318
v 0.784376562 -0.16317293 -0.757291436
v 0.738866627 -0.313199341 -0.757291436
v 0.313032627 -0.76287806 -1.13445318
v 0.454452813 -0.687287211 -1.13445318
v 0.444313943 -0.672113359 -0.757291436
v 0.30604887 -0.746017754 -0.757291436
v -0.755726695 -0.320183516 -1.13445318
v -0.680135965 -0.461603731 -1.13445318
v -0.664962113 -0.451464891 -0.757291436
v -0.738866448 -0.313199759 -0.757291436
v -0.755726695 0.305880785 -1.13445318
v -0.802275062 0.152431011 -1.13445318
v -0.784376264 0.148870721 -0.757291436
v -0.738866448 0.298897028 -0.757291436
v -0.31303221 0.748575151 -1.13445318
v -0.454452306 0.67298454 -1.13445318
v -0.444313496 0.657810688 -0.757291436
v -0.306048453 0.731714904 -0.757291436
v -0.313032061 -0.762878239 -1.13445318
v -0.159582227 -0.809426606 -1.13445318
v -0.156021938 -0.791527808 -0.757291436
v -0.306048304 -0.746017992 -0.757291436
v 0.159581259 0.795123756 -1.13445318
v 3.88051618e-08 0.810841143 -1.13445318
v 3.66313131e-08 0.792591751 -0.757291436
v 0.156020999 0.777224958 -0.757291436
v 0.680135489 0.447301775 -1.13445318
v 0.578407407 0.571257412 -1.13445318
v 0.56550312 0.558353126 -0.757291436
v 0.664961636 0.437162906 -0.757291436
v 0.80227536 -0.166733205 -1.13445318
v 0.817992628 -0.00715066772 -1.13445318
v 0.799743235 -0.00715067983 -0.757291436
v 0.784376562 -0.16317293 -0.757291436
v 0.454452813 -0.687287211 -1.13445318
v 0.578408539 -0.585559249 -1.13445318
v 0.565504253 -0.572654963 -0.757291436
v 0.444313943 -0.672113359 -0.757291436
v -0.159582227 -0.809426606 -1.13445318
v 3.05340961e-07 -0.825144172 -1.13445318
v 2.97220708e-07 -0.806894779 -0.757291436
v -0.156021938 -0.791527808 -0.757291436
v -0.680135965 -0.461603731 -1.13445318
v -0.578408122 -0.585559547 -1.13445318
v -0.565503836 -0.572655201 -0.757291436
v -0.664962113 -0.451464891 -0.757291436
v -0.802275062 0.152431011 -1.13445318
v -0.817992568 -0.00715139462 -1.13445318
v -0.799743176 -0.00715139089 -0.757291436
v -0.784376264 0.148870721 -0.757291436
v -0.454452306 0.67298454 -1.13445318
v -0.578408122 0.571256697 -1.13445318
v -0.565503836 0.558352411 -0.757291436
v -0.444313496 0.657810688 -0.757291436
v 0.56550312 0.558353126 -0.757291436
v 0.444312692 0.657811284 -0.757291436
v 0.411041468 0.608017385 -0.402116597
v 0.523156881 0.516006827 -0.402116597
v 0.799743235 -0.00715067983 -0.757291436
v 0.784376085 0.148871541 -0.757291436
v 0.725640059 0.137188196 -0.402116597
v 0.739856482 -0.00715071941 -0.402116597
v 0.565504253 -0.572654963 -0.757291436
v 0.66496259 -0.451464534 -0.757291436
v 0.615168571 -0.418193281 -0.402116597
v 0.523157954 -0.530308723 -0.402116597
v 2.97220708e-07 -0.806894779 -0.757291436
v 0.156022519 -0.791527808 -0.757291436
v 0.144339174 -0.732791841 -0.402116597
v 2.72861257e-07 -0.747008026 -0.402116597
v -0.565503836 -0.572655201 -0.757291436
v -0.444313437 -0.672113717 -0.757291436
v -0.411042213 -0.622319698 -0.402116597
v -0.523157537 -0.530308902 -0.402116597
v -0.799743176 -0.00715139089 -0.757291436
v -0.784376442 -0.163173512 -0.757291436
v -0.725640416 -0.151490182 -0.402116597
v -0.739856482 -0.00715137739 -0.402116597
v -0.565503836 0.558352411 -0.757291436
v -0.664962113 0.437162071 -0.757291436
v -0.615168214 0.403890818 -0.402116597
v -0.523157537 0.516006172 -0.402116597
v 3.66313131e-08 0.792591751 -0.757291436
v -0.156022131 0.77722472 -0.757291436
v -0.144338816 0.718488812 -0.402116597
v 3.17854116e-08 0.732705116 -0.402116597
v 0.444312692 0.657811284 -0.757291436
v 0.306047469 0.731715381 -0.757291436
v 0.283129901 0.67638731 -0.402116597
v 0.411041468 0.608017385 -0.402116597
v 0.784376085 0.148871541 -0.757291436
v 0.738866091 0.298897862 -0.757291436
v 0.68353802 0.275980175 -0.402116597
v 0.725640059 0.137188196 -0.402116597
v 0.66496259 -0.451464534 -0.757291436
v 0.738866627 -0.313199341 -0.757291436
v 0.683538556 -0.290281713 -0.402116597
v 0.615168571 -0.418193281 -0.402116597
v 0.156022519 -0.791527808 -0.757291436
v 0.30604887 -0.746017754 -0.757291436
v 0.283131182 -0.690689683 -0.402116597
v 0.144339174 -0.732791841 -0.402116597
v -0.156022131 0.77722472 -0.757291436
v -0.306048453 0.731714904 -0.757291436
v -0.283130825 0.676386833 -0.402116597
v -0.144338816 0.718488812 -0.402116597
v -0.444313437 -0.672113717 -0.757291436
v -0.306048304 -0.746017992 -0.757291436
v -0.283130676 -0.690689921 -0.402116597
v -0.411042213 -0.622319698 -0.402116597
v -0.784376442 -0.163173512 -0.757291436
v -0.738866448 -0.313199759 -0.757291436
v -0.683538377 -0.29028213 -0.402116597
v -0.725640416 -0.151490182 -0.402116597
v -0.664962113 0.437162071 -0.757291436
v -0.738866448 0.298897028 -0.757291436
v -0.683538377 0.2759794 -0.402116597
v -0.615168214 0.403890818 -0.402116597
v 0.306047469 0.731715381 -0.757291436
v 0.156020999 0.777224958 -0.757291436
v 0.144337773 0.718488991 -0.402116597
v 0.283129901 0.67638731 -0.402116597
v 0.738866091 0.298897862 -0.757291436
v 0.664961636 0.437162906 -0.757291436
v 0.615167737 0.403891623 -0.402116597
v 0.68353802 0.275980175 -0.402116597
v 0.738866627 -0.313199341 -0.757291436
v 0.784376562 -0.16317293 -0.757291436
v 0.725640535 -0.151489645 -0.402116597
v 0.683538556 -0.290281713 -0.402116597
v 0.30604887 -0.746017754 -0.757291436
v 0.444313943 -0.672113359 -0.757291436
v 0.41104266 -0.6223194 -0.402116597
v 0.283131182 -0.690689683 -0.402116597
v -0.738866448 0.298897028 -0.757291436
v -0.784376264 0.148870721 -0.757291436
v -0.725640297 0.137187436 -0.402116597
v -0.683538377 0.2759794 -0.402116597
v -0.306048453 0.731714904 -0.757291436
v -0.444313496 0.657810688 -0.757291436
v -0.411042243 0.608016789 -0.402116597
v -0.283130825 0.676386833 -0.402116597
v -0.306048304 -0.746017992 -0.757291436
v -0.156021938 -0.791527808 -0.757291436
v -0.144338652 -0.732791841 -0.402116597
v -0.283130676 -0.690689921 -0.402116597
v -0.738866448 -0.313199759 -0.757291436
v -0.664962113 -0.451464891 -0.757291436
v -0.615168214 -0.418193609 -0.402116597
v -0.683538377 -0.29028213 -0.402116597
v 0.156020999 0.777224958 -0.757291436
v 3.66313131e-08 0.792591751 -0.757291436
v 3.17854116e-08 0.732705116 -0.402116597
v 0.144337773 0.718488991 -0.402116597
v 0.664961636 0.437162906 -0.757291436
v 0.56550312 0.558353126 -0.757291436
v 0.523156881 0.516006827 -0.402116597
v 0.615167737 0.403891623 -0.402116597
v 0.784376562 -0.16317293 -0.757291436
v 0.799743235 -0.00715067983 -0.757291436
v 0.739856482 -0.00715071941 -0.402116597
v 0.725640535 -0.151489645 -0.402116597
v 0.444313943 -0.672113359 -0.757291436
v 0.565504253 -0.572654963 -0.757291436
v 0.523157954 -0.530308723 -0.402116597
v 0.41104266 -0.6223194 -0.402116597
v -0.664962113 -0.451464891 -0.757291436
v -0.565503836 -0.572655201 -0.757291436
v -0.523157537 -0.530308902 -0.402116597
v -0.615168214 -0.418193609 -0.402116597
v -0.784376264 0.148870721 -0.757291436
v -0.799743176 -0.00715139089 -0.757291436
v -0.739856482 -0.00715137739 -0.402116597
v -0.725640297 0.137187436 -0.402116597
v -0.444313496 0.657810688 -0.757291436
v -0.565503836 0.558352411 -0.757291436
v -0.523157537 0.516006172 -0.402116597
v -0.411042243 0.608016789 -0.402116597
v -0.156021938 -0.791527808 -0.757291436
v 2.97220708e-07 -0.806894779 -0.757291436
v 2.72861257e-07 -0.747008026 -0.402116597
v -0.144338652 -0.732791841 -0.402116597
v 0.523156881 0.516006827 -0.402116597
v 0.411041468 0.608017385 -0.402116597
v 0.359514624 0.530901849 -0.139963657
v 0.457575619 0.450425386 -0.139963657
v 0.739856482 -0.00715071941 -0.402116597
v 0.725640059 0.137188196 -0.402116597
v 0.634676158 0.119094253 -0.139963657
v 0.647110462 -0.00715078134 -0.139963657
v 0.523157954 -0.530308723 -0.402116597
v 0.615168571 -0.418193281 -0.402116597
v 0.538052976 -0.366666347 -0.139963657
v 0.457576543 -0.464727312 -0.139963657
v 2.72861257e-07 -0.747008026 -0.402116597
v 0.144339174 -0.732791841 -0.402116597
v 0.12624526 -0.641827762 -0.139963657
v 2.3637385e-07 -0.654261887 -0.139963657
v -0.523157537 -0.530308902 -0.402116597
v -0.411042213 -0.622319698 -0.402116597
v -0.35951522 -0.545204043 -0.139963657
v -0.457576156 -0.464727551 -0.139963657
v -0.739856482 -0.00715137739 -0.402116597
v -0.725640416 -0.151490182 -0.402116597
v -0.634676397 -0.133396298 -0.139963657
v -0.647110343 -0.0071513569 -0.139963657
v -0.523157537 0.516006172 -0.402116597
v -0.615168214 0.403890818 -0.402116597
v -0.538052619 0.352363884 -0.139963657
v -0.457576156 0.450424761 -0.139963657
v 3.17854116e-08 0.732705116 -0.402116597
v -0.144338816 0.718488812 -0.402116597
v -0.126244962 0.627524912 -0.139963657
v 2.551851e-08 0.639959097 -0.139963657
v 0.411041468 0.608017385 -0.402116597
v 0.283129901 0.67638731 -0.402116597
v 0.2476376 0.590701103 -0.139963657
v 0.359514624 0.530901849 -0.139963657
v 0.725640059 0.137188196 -0.402116597
v 0.68353802 0.275980175 -0.402116597
v 0.597851872 0.240487739 -0.139963657
v 0.634676158 0.119094253 -0.139963657
v 0.615168571 -0.418193281 -0.402116597
v 0.683538556 -0.290281713 -0.402116597
v 0.597852349 -0.254789382 -0.139963657
v 0.538052976 -0.366666347 -0.139963657
v 0.144339174 -0.732791841 -0.402116597
v 0.283131182 -0.690689683 -0.402116597
v 0.247638732 -0.605003476 -0.139963657
v 0.12624526 -0.641827762 -0.139963657
v -0.411042213 -0.622319698 -0.402116597
v -0.283130676 -0.690689921 -0.402116597
v -0.24763833 -0.605003655 -0.139963657
v -0.35951522 -0.545204043 -0.139963657
v -0.725640416 -0.151490182 -0.402116597
v -0.683538377 -0.29028213 -0.402116597
v -0.597852111 -0.25478971 -0.139963657
v -0.634676397 -0.133396298 -0.139963657
v -0.615168214 0.403890818 -0.402116597
v -0.683538377 0.2759794 -0.402116597
v -0.597852111 0.240487069 -0.139963657
v -0.538052619 0.352363884 -0.139963657
v -0.144338816 0.718488812 -0.402116597
v -0.283130825 0.676386833 -0.402116597
v -0.247638449 0.590700686 -0.139963657
v -0.126244962 0.627524912 -0.139963657
v 0.283129901 0.67638731 -0.402116597
v 0.144337773 0.718488991 -0.402116597
v 0.126244038 0.627525032 -0.139963657
v 0.2476376 0.590701103 -0.139963657
v 0.68353802 0.275980175 -0.402116597
v 0.615167737 0.403891623 -0.402116597
v 0.538052201 0.3523646 -0.139963657
v 0.597851872 0.240487739 -0.139963657
v 0.683538556 -0.290281713 -0.402116597
v 0.725640535 -0.151489645 -0.402116597
v 0.634676576 -0.133395836 -0.139963657
v 0.597852349 -0.254789382 -0.139963657
v 0.283131182 -0.690689683 -0.402116597
v 0.41104266 -0.6223194 -0.402116597
v 0.359515637 -0.545203924 -0.139963657
v 0.247638732 -0.605003476 -0.139963657
v -0.283130825 0.676386833 -0.402116597
v -0.411042243 0.608016789 -0.402116597
v -0.35951528 0.530901253 -0.139963657
v -0.247638449 0.590700686 -0.139963657
v -0.283130676 -0.690689921 -0.402116597
v -0.144338652 -0.732791841 -0.402116597
v -0.126244813 -0.641827762 -0.139963657
v -0.24763833 -0.605003655 -0.139963657
v -0.683538377 -0.29028213 -0.402116597
v -0.615168214 -0.418193609 -0.402116597
v -0.538052619 -0.366666585 -0.139963657
v -0.597852111 -0.25478971 -0.139963657
v -0.683538377 0.2759794 -0.402116597
v -0.725640297 0.137187436 -0.402116597
v -0.634676278 0.119093597 -0.139963657
v -0.597852111 0.240487069 -0.139963657
v 0.144337773 0.718488991 -0.402116597
v 3.17854116e-08 0.732705116 -0.402116597
v 2.551851e-08 0.639959097 -0.139963657
v 0.126244038 0.627525032 -0.139963657
v 0.615167737 0.403891623 -0.402116597
v 0.523156881 0.516006827 -0.402116597
v 0.457575619 0.450425386 -0.139963657
v 0.538052201 0.3523646 -0.139963657
v 0.725640535 -0.151489645 -0.402116597
v 0.739856482 -0.00715071941 -0.402116597
v 0.647110462 -0.00715078134 -0.139963657
v 0.634676576 -0.133395836 -0.139963657
v 0.41104266 -0.6223194 -0.402116597
v 0.523157954 -0.530308723 -0.402116597
v 0.457576543 -0.464727312 -0.139963657
v 0.359515637 -0.545203924 -0.139963657
v -0.725640297 0.137187436 -0.402116597
v -0.739856482 -0.00715137739 -0.402116597
v -0.647110343 -0.0071513569 -0.139963657
v -0.634676278 0.119093597 -0.139963657
v -0.411042243 0.608016789 -0.402116597
v -0.523157537 0.516006172 -0.402116597
v -0.457576156 0.450424761 -0.139963657
v -0.35951528 0.530901253 -0.139963657
v -0.144338652 -0.732791841 -0.402116597
v 2.72861257e-07 -0.747008026 -0.402116597
v 2.3637385e-07 -0.654261887 -0.139963657
v -0.126244813 -0.641827762 -0.139963657
v -0.615168214 -0.418193609 -0.402116597
v -0.523157537 -0.530308902 -0.402116597
v -0.457576156 -0.464727551 -0.139963657
v -0.538052619 -0.366666585 -0.139963657
v 0.457575619 0.450425386 -0.139963657
v 0.359514624 0.530901849 -0.139963657
v 0.302815974 0.446046054 0.128954425
v 0.385411859 0.378261477 0.128954425
v 0.647110462 -0.00715078134 -0.139963657
v 0.634676158 0.119094253 -0.139963657
v 0.534582019 0.0991842151 0.128954425
v 0.54505533 -0.00715085072 0.128954425
v 0.457576543 -0.464727312 -0.139963657
v 0.538052976 -0.366666347 -0.139963657
v 0.453197271 -0.309967577 0.128954425
v 0.385412604 -0.392563462 0.128954425
v 2.3637385e-07 -0.654261887 -0.139963657
v 0.12624526 -0.641827762 -0.139963657
v 0.10633526 -0.541733623 0.128954425
v 1.94569452e-07 -0.552206755 0.128954425
v -0.647110343 -0.0071513569 -0.139963657
v -0.634676397 -0.133396298 -0.139963657
v -0.534582257 -0.113486312 0.128954425
v -0.54505527 -0.00715133594 0.128954425
v -0.457576156 0.450424761 -0.139963657
v -0.538052619 0.352363884 -0.139963657
v -0.453196913 0.295665145 0.128954425
v -0.385412306 0.378260911 0.128954425
v 2.551851e-08 0.639959097 -0.139963657
v -0.126244962 0.627524912 -0.139963657
v -0.106334999 0.527430773 0.128954425
v 1.69678636e-08 0.537903965 0.128954425
v -0.457576156 -0.464727551 -0.139963657
v -0.35951522 -0.545204043 -0.139963657
v -0.302816451 -0.460348338 0.128954425
v -0.385412306 -0.392563671 0.128954425
v 0.359514624 0.530901849 -0.139963657
v 0.2476376 0.590701103 -0.139963657
v 0.208582938 0.496414423 0.128954425
v 0.302815974 0.446046054 0.128954425
v 0.634676158 0.119094253 -0.139963657
v 0.597851872 0.240487739 -0.139963657
v 0.503565252 0.201432854 0.128954425
v 0.534582019 0.0991842151 0.128954425
v 0.538052976 -0.366666347 -0.139963657
v 0.597852349 -0.254789382 -0.139963657
v 0.503565669 -0.215734616 0.128954425
v 0.453197271 -0.309967577 0.128954425
v 0.12624526 -0.641827762 -0.139963657
v 0.247638732 -0.605003476 -0.139963657
v 0.208583891 -0.510716856 0.128954425
v 0.10633526 -0.541733623 0.128954425
v -0.35951522 -0.545204043 -0.139963657
v -0.24763833 -0.605003655 -0.139963657
v -0.208583564 -0.510716975 0.128954425
v -0.302816451 -0.460348338 0.128954425
v -0.634676397 -0.133396298 -0.139963657
v -0.597852111 -0.25478971 -0.139963657
v -0.50356549 -0.215734899 0.128954425
v -0.534582257 -0.113486312 0.128954425
v -0.538052619 0.352363884 -0.139963657
v -0.597852111 0.240487069 -0.139963657
v -0.50356549 0.201432303 0.128954425
v -0.453196913 0.295665145 0.128954425
v -0.126244962 0.627524912 -0.139963657
v -0.247638449 0.590700686 -0.139963657
v -0.208583668 0.496414065 0.128954425
v -0.106334999 0.527430773 0.128954425
v 0.2476376 0.590701103 -0.139963657
v 0.126244038 0.627525032 -0.139963657
v 0.106334224 0.527430952 0.128954425
v 0.208582938 0.496414423 0.128954425
v 0.597851872 0.240487739 -0.139963657
v 0.538052201 0.3523646 -0.139963657
v 0.453196585 0.295665741 0.128954425
v 0.503565252 0.201432854 0.128954425
v 0.597852349 -0.254789382 -0.139963657
v 0.634676576 -0.133395836 -0.139963657
v 0.534582376 -0.113485932 0.128954425
v 0.503565669 -0.215734616 0.128954425
v 0.247638732 -0.605003476 -0.139963657
v 0.359515637 -0.545203924 -0.139963657
v 0.302816838 -0.460348159 0.128954425
v 0.208583891 -0.510716856 0.128954425
v -0.24763833 -0.605003655 -0.139963657
v -0.126244813 -0.641827762 -0.139963657
v -0.106334873 -0.541733623 0.128954425
v -0.208583564 -0.510716975 0.128954425
v -0.597852111 -0.25478971 -0.139963657
v -0.538052619 -0.366666585 -0.139963657
v -0.453196913 -0.309967786 0.128954425
v -0.50356549 -0.215734899 0.128954425
v -0.597852111 0.240487069 -0.139963657
v -0.634676278 0.119093597 -0.139963657
v -0.534582138 0.0991836637 0.128954425
v -0.50356549 0.201432303 0.128954425
v -0.247638449 0.590700686 -0.139963657
v -0.35951528 0.530901253 -0.139963657
v -0.30281648 0.446045578 0.128954425
v -0.208583668 0.496414065 0.128954425
v 0.126244038 0.627525032 -0.139963657
v 2.551851e-08 0.639959097 -0.139963657
v 1.69678636e-08 0.537903965 0.128954425
v 0.106334224 0.527430952 0.128954425
v 0.538052201 0.3523646 -0.139963657
v 0.457575619 0.450425386 -0.139963657
v 0.385411859 0.378261477 0.128954425
v 0.453196585 0.295665741 0.128954425
v 0.634676576 -0.133395836 -0.139963657
v 0.647110462 -0.00715078134 -0.139963657
v 0.54505533 -0.00715085072 0.128954425
v 0.534582376 -0.113485932 0.128954425
v 0.359515637 -0.545203924 -0.139963657
v 0.457576543 -0.464727312 -0.139963657
v 0.385412604 -0.392563462 0.128954425
v 0.302816838 -0.460348159 0.128954425
v -0.35951528 0.530901253 -0.139963657
v -0.457576156 0.450424761 -0.139963657
v -0.385412306 0.378260911 0.128954425
v -0.30281648 0.446045578 0.128954425
v -0.126244813 -0.641827762 -0.139963657
v 2.3637385e-07 -0.654261887 -0.139963657
v 1.94569452e-07 -0.552206755 0.128954425
v -0.106334873 -0.541733623 0.128954425
v -0.538052619 -0.366666585 -0.139963657
v -0.457576156 -0.464727551 -0.139963657
v -0.385412306 -0.392563671 0.128954425
v -0.453196913 -0.309967786 0.128954425
v -0.634676278 0.119093597 -0.139963657
v -0.647110343 -0.0071513569 -0.139963657
v -0.54505527 -0.00715133594 0.128954425
v -0.534582138 0.0991836637 0.128954425
v 0.385411859 0.378261477 0.128954425
v 0.302815974 0.446046054 0.128954425
v 0.245244548 0.359884143 0.330220222
v 0.312137306 0.304986775 0.330220222
v 0.54505533 -0.00715085072 0.128954425
v 0.534582019 0.0991842151 0.128954425
v 0.432947248 0.0789677128 0.330220222
v 0.441429406 -0.00715091638 0.330220222
v 0.385412604 -0.392563462 0.128954425
v 0.453197271 -0.309967577 0.128954425
v 0.367035329 -0.252396107 0.330220222
v 0.312137902 -0.31928885 0.330220222
v 1.94569452e-07 -0.552206755 0.128954425
v 0.10633526 -0.541733623 0.128954425
v 0.0861187875 -0.440098763 0.330220222
v 1.50361444e-07 -0.448580712 0.330220222
v -0.385412306 0.378260911 0.128954425
v -0.453196913 0.295665145 0.128954425
v -0.367035091 0.238093704 0.330220222
v -0.312137693 0.304986328 0.330220222
v 1.69678636e-08 0.537903965 0.128954425
v -0.106334999 0.527430773 0.128954425
v -0.0861185864 0.425796002 0.330220222
v 6.52550014e-09 0.434278041 0.330220222
v -0.385412306 -0.392563671 0.128954425
v -0.302816451 -0.460348338 0.128954425
v -0.245244965 -0.374186456 0.330220222
v -0.312137693 -0.319289029 0.330220222
v -0.54505527 -0.00715133594 0.128954425
v -0.534582257 -0.113486312 0.128954425
v -0.432947397 -0.0932698697 0.330220222
v -0.441429317 -0.0071513094 0.330220222
v 0.302815974 0.446046054 0.128954425
v 0.208582938 0.496414423 0.128954425
v 0.168927118 0.400676459 0.330220222
v 0.245244548 0.359884143 0.330220222
v 0.534582019 0.0991842151 0.128954425
v 0.503565252 0.201432854 0.128954425
v 0.407827407 0.161776826 0.330220222
v 0.432947248 0.0789677128 0.330220222
v 0.453197271 -0.309967577 0.128954425
v 0.503565669 -0.215734616 0.128954425
v 0.407827735 -0.176078722 0.330220222
v 0.367035329 -0.252396107 0.330220222
v 0.10633526 -0.541733623 0.128954425
v 0.208583891 -0.510716856 0.128954425
v 0.168927893 -0.414978892 0.330220222
v 0.0861187875 -0.440098763 0.330220222
v -0.534582257 -0.113486312 0.128954425
v -0.50356549 -0.215734899 0.128954425
v -0.407827556 -0.17607893 0.330220222
v -0.432947397 -0.0932698697 0.330220222
v -0.453196913 0.295665145 0.128954425
v -0.50356549 0.201432303 0.128954425
v -0.407827556 0.161776379 0.330220222
v -0.367035091 0.238093704 0.330220222
v -0.106334999 0.527430773 0.128954425
v -0.208583668 0.496414065 0.128954425
v -0.168927714 0.400676221 0.330220222
v -0.0861185864 0.425796002 0.330220222
v -0.302816451 -0.460348338 0.128954425
v -0.208583564 -0.510716975 0.128954425
v -0.16892764 -0.414978951 0.330220222
v -0.245244965 -0.374186456 0.330220222
v 0.208582938 0.496414423 0.128954425
v 0.106334224 0.527430952 0.128954425
v 0.0861179531 0.425796121 0.330220222
v 0.168927118 0.400676459 0.330220222
v 0.503565252 0.201432854 0.128954425
v 0.453196585 0.295665741 0.128954425
v 0.367034793 0.238094181 0.330220222
v 0.407827407 0.161776826 0.330220222
v 0.503565669 -0.215734616 0.128954425
v 0.534582376 -0.113485932 0.128954425
v 0.432947516 -0.0932695568 0.330220222
v 0.407827735 -0.176078722 0.330220222
v 0.208583891 -0.510716856 0.128954425
v 0.302816838 -0.460348159 0.128954425
v 0.245245263 -0.374186337 0.330220222
v 0.168927893 -0.414978892 0.330220222
v -0.208583564 -0.510716975 0.128954425
v -0.106334873 -0.541733623 0.128954425
v -0.0861184821 -0.440098763 0.330220222
v -0.16892764 -0.414978951 0.330220222
v -0.50356549 -0.215734899 0.128954425
v -0.453196913 -0.309967786 0.128954425
v -0.367035091 -0.252396256 0.330220222
v -0.407827556 -0.17607893 0.330220222
v -0.50356549 0.201432303 0.128954425
v -0.534582138 0.0991836637 0.128954425
v -0.432947308 0.0789672732 0.330220222
v -0.407827556 0.161776379 0.330220222
v -0.208583668 0.496414065 0.128954425
v -0.30281648 0.446045578 0.128954425
v -0.24524501 0.359883785 0.330220222
v -0.168927714 0.400676221 0.330220222
v 0.106334224 0.527430952 0.128954425
v 1.69678636e-08 0.537903965 0.128954425
v 6.52550014e-09 0.434278041 0.330220222
v 0.0861179531 0.425796121 0.330220222
v 0.453196585 0.295665741 0.128954425
v 0.385411859 0.378261477 0.128954425
v 0.312137306 0.304986775 0.330220222
v 0.367034793 0.238094181 0.330220222
v 0.534582376 -0.113485932 0.128954425
v 0.54505533 -0.00715085072 0.128954425
v 0.441429406 -0.00715091638 0.330220222
v 0.432947516 -0.0932695568 0.330220222
v 0.302816838 -0.460348159 0.128954425
v 0.385412604 -0.392563462 0.128954425
v 0.312137902 -0.31928885 0.330220222
v 0.245245263 -0.374186337 0.330220222
v -0.106334873 -0.541733623 0.128954425
v 1.94569452e-07 -0.552206755 0.128954425
v 1.50361444e-07 -0.448580712 0.330220222
v -0.0861184821 -0.440098763 0.330220222
v -0.453196913 -0.309967786 0.128954425
v -0.385412306 -0.392563671 0.128954425
v -0.312137693 -0.319289029 0.330220222
v -0.367035091 -0.252396256 0.330220222
v -0.534582138 0.0991836637 0.128954425
v -0.54505527 -0.00715133594 0.128954425
v -0.441429317 -0.0071513094 0.330220222
v -0.432947308 0.0789672732 0.330220222
v -0.30281648 0.446045578 0.128954425
v -0.385412306 0.378260911 0.128954425
v -0.312137693 0.304986328 0.330220222
v -0.24524501 0.359883785 0.330220222
v 0.312137306 0.304986775 0.330220222
v 0.245244548 0.359884143 0.330220222
v 0.20140104 0.294267535 0.499351174
v 0.25633508 0.249184445 0.499351174
v 0.441429406 -0.00715091638 0.330220222
v 0.432947248 0.0789677128 0.330220222
v 0.355547249 0.063571848 0.499351174
v 0.362513036 -0.007150969 0.499351174
v 0.312137902 -0.31928885 0.330220222
v 0.367035329 -0.252396107 0.330220222
v 0.301418722 -0.208552539 0.499351174
v 0.256335586 -0.263486564 0.499351174
v 1.50361444e-07 -0.448580712 0.330220222
v 0.0861187875 -0.440098763 0.330220222
v 0.0707229376 -0.362698734 0.499351174
v 1.13605395e-07 -0.369664311 0.499351174
v 6.52550014e-09 0.434278041 0.330220222
v -0.0861185864 0.425796002 0.330220222
v -0.0707227737 0.348396063 0.499351174
v -4.51634108e-09 0.35536173 0.499351174
v -0.312137693 -0.319289029 0.330220222
v -0.245244965 -0.374186456 0.330220222
v -0.201401427 -0.308569908 0.499351174
v -0.256335407 -0.263486713 0.499351174
v -0.441429317 -0.0071513094 0.330220222
v -0.432947397 -0.0932698697 0.330220222
v -0.355547398 -0.0778740421 0.499351174
v -0.362512976 -0.00715129171 0.499351174
v -0.312137693 0.304986328 0.330220222
v -0.367035091 0.238093704 0.330220222
v -0.301418543 0.194250152 0.499351174
v -0.256335407 0.249184087 0.499351174
v 0.245244548 0.359884143 0.330220222
v 0.168927118 0.400676459 0.330220222
v 0.138727233 0.327767193 0.499351174
v 0.20140104 0.294267535 0.499351174
v 0.432947248 0.0789677128 0.330220222
v 0.407827407 0.161776826 0.330220222
v 0.334918261 0.131576791 0.499351174
v 0.355547249 0.063571848 0.499351174
v 0.367035329 -0.252396107 0.330220222
v 0.407827735 -0.176078722 0.330220222
v 0.334918499 -0.145878777 0.499351174
v 0.301418722 -0.208552539 0.499351174
v 0.0861187875 -0.440098763 0.330220222
v 0.168927893 -0.414978892 0.330220222
v 0.138727859 -0.342069685 0.499351174
v 0.0707229376 -0.362698734 0.499351174
v -0.367035091 0.238093704 0.330220222
v -0.407827556 0.161776379 0.330220222
v -0.33491835 0.131576419 0.499351174
v -0.301418543 0.194250152 0.499351174
v -0.0861185864 0.425796002 0.330220222
v -0.168927714 0.400676221 0.330220222
v -0.138727754 0.327767015 0.499351174
v -0.0707227737 0.348396063 0.499351174
v -0.245244965 -0.374186456 0.330220222
v -0.16892764 -0.414978951 0.330220222
v -0.13872768 -0.342069715 0.499351174
v -0.201401427 -0.308569908 0.499351174
v -0.432947397 -0.0932698697 0.330220222
v -0.407827556 -0.17607893 0.330220222
v -0.33491835 -0.145878956 0.499351174
v -0.355547398 -0.0778740421 0.499351174
v 0.168927118 0.400676459 0.330220222
v 0.0861179531 0.425796121 0.330220222
v 0.0707222447 0.348396122 0.499351174
v 0.138727233 0.327767193 0.499351174
v 0.407827407 0.161776826 0.330220222
v 0.367034793 0.238094181 0.330220222
v 0.301418275 0.194250524 0.499351174
v 0.334918261 0.131576791 0.499351174
v 0.407827735 -0.176078722 0.330220222
v 0.432947516 -0.0932695568 0.330220222
v 0.355547488 -0.0778737888 0.499351174
v 0.334918499 -0.145878777 0.499351174
v 0.168927893 -0.414978892 0.330220222
v 0.245245263 -0.374186337 0.330220222
v 0.201401621 -0.308569789 0.499351174
v 0.138727859 -0.342069685 0.499351174
v -0.407827556 -0.17607893 0.330220222
v -0.367035091 -0.252396256 0.330220222
v -0.301418543 -0.208552659 0.499351174
v -0.33491835 -0.145878956 0.499351174
v -0.407827556 0.161776379 0.330220222
v -0.432947308 0.0789672732 0.330220222
v -0.355547309 0.063571468 0.499351174
v -0.33491835 0.131576419 0.499351174
v -0.168927714 0.400676221 0.330220222
v -0.24524501 0.359883785 0.330220222
v -0.201401442 0.294267237 0.499351174
v -0.138727754 0.327767015 0.499351174
v -0.16892764 -0.414978951 0.330220222
v -0.0861184821 -0.440098763 0.330220222
v -0.0707226843 -0.362698734 0.499351174
v -0.13872768 -0.342069715 0.499351174
v 0.0861179531 0.425796121 0.330220222
v 6.52550014e-09 0.434278041 0.330220222
v -4.51634108e-09 0.35536173 0.499351174
v 0.0707222447 0.348396122 0.499351174
v 0.367034793 0.238094181 0.330220222
v 0.312137306 0.304986775 0.330220222
v 0.25633508 0.249184445 0.499351174
v 0.301418275 0.194250524 0.499351174
v 0.432947516 -0.0932695568 0.330220222
v 0.441429406 -0.00715091638 0.330220222
v 0.362513036 -0.007150969 0.499351174
v 0.355547488 -0.0778737888 0.499351174
v 0.245245263 -0.374186337 0.330220222
v 0.312137902 -0.31928885 0.330220222
v 0.256335586 -0.263486564 0.499351174
v 0.201401621 -0.308569789 0.499351174
v -0.0861184821 -0.440098763 0.330220222
v 1.50361444e-07 -0.448580712 0.330220222
v 1.13605395e-07 -0.369664311 0.499351174
v -0.0707226843 -0.362698734 0.499351174
v -0.367035091 -0.252396256 0.330220222
v -0.312137693 -0.319289029 0.330220222
v -0.256335407 -0.263486713 0.499351174
v -0.301418543 -0.208552659 0.499351174
v -0.432947308 0.0789672732 0.330220222
v -0.441429317 -0.0071513094 0.330220222
v -0.362512976 -0.00715129171 0.499351174
v -0.355547309 0.063571468 0.499351174
v -0.24524501 0.359883785 0.330220222
v -0.312137693 0.304986328 0.330220222
v -0.256335407 0.249184087 0.499351174
v -0.201401442 0.294267237 0.499351174
v 0.25633508 0.249184445 0.499351174
v 0.20140104 0.294267535 0.499351174
v 0.175902158 0.256105691 0.643112302
v 0.223881125 0.216730461 0.643112302
v 0.362513036 -0.007150969 0.499351174
v 0.355547249 0.063571848 0.499351174
v 0.310532331 0.0546177812 0.643112302
v 0.316616178 -0.00715099787 0.643112302
v 0.256335586 -0.263486564 0.499351174
v 0.301418722 -0.208552539 0.499351174
v 0.263256878 -0.183053628 0.643112302
v 0.223881587 -0.231032595 0.643112302
v 1.13605395e-07 -0.369664311 0.499351174
v 0.0707229376 -0.362698734 0.499351174
v 0.061768882 -0.317683786 0.643112302
v 9.43578442e-08 -0.323767453 0.643112302
v -0.256335407 -0.263486713 0.499351174
v -0.201401427 -0.308569908 0.499351174
v -0.175902501 -0.270408064 0.643112302
v -0.223881453 -0.231032729 0.643112302
v -0.362512976 -0.00715129171 0.499351174
v -0.355547398 -0.0778740421 0.499351174
v -0.31053248 -0.0689200088 0.643112302
v -0.316616148 -0.00715128006 0.643112302
v -0.256335407 0.249184087 0.499351174
v -0.301418543 0.194250152 0.499351174
v -0.263256729 0.168751255 0.643112302
v -0.223881453 0.216730133 0.643112302
v -4.51634108e-09 0.35536173 0.499351174
v -0.0707227737 0.348396063 0.499351174
v -0.0617687553 0.303381145 0.643112302
v -8.80880968e-09 0.309464872 0.643112302
v 0.20140104 0.294267535 0.499351174
v 0.138727233 0.327767193 0.499351174
v 0.121163338 0.285364091 0.643112302
v 0.175902158 0.256105691 0.643112302
v 0.355547249 0.063571848 0.499351174
v 0.334918261 0.131576791 0.499351174
v 0.292515099 0.1140128 0.643112302
v 0.310532331 0.0546177812 0.643112302
v 0.301418722 -0.208552539 0.499351174
v 0.334918499 -0.145878777 0.499351174
v 0.292515308 -0.128314853 0.643112302
v 0.263256878 -0.183053628 0.643112302
v 0.0707229376 -0.362698734 0.499351174
v 0.138727859 -0.342069685 0.499351174
v 0.121163882 -0.299666524 0.643112302
v 0.061768882 -0.317683786 0.643112302
v -0.0707227737 0.348396063 0.499351174
v -0.138727754 0.327767015 0.499351174
v -0.121163785 0.285363913 0.643112302
v -0.0617687553 0.303381145 0.643112302
v -0.201401427 -0.308569908 0.499351174
v -0.13872768 -0.342069715 0.499351174
v -0.121163726 -0.299666524 0.643112302
v -0.175902501 -0.270408064 0.643112302
v -0.355547398 -0.0778740421 0.499351174
v -0.33491835 -0.145878956 0.499351174
v -0.292515218 -0.128315002 0.643112302
v -0.31053248 -0.0689200088 0.643112302
v -0.301418543 0.194250152 0.499351174
v -0.33491835 0.131576419 0.499351174
v -0.292515218 0.114012472 0.643112302
v -0.263256729 0.168751255 0.643112302
v 0.138727233 0.327767193 0.499351174
v 0.0707222447 0.348396122 0.499351174
v 0.0617682748 0.303381205 0.643112302
v 0.121163338 0.285364091 0.643112302
v 0.334918261 0.131576791 0.499351174
v 0.301418275 0.194250524 0.499351174
v 0.26325649 0.168751583 0.643112302
v 0.292515099 0.1140128 0.643112302
v 0.334918499 -0.145878777 0.499351174
v 0.355547488 -0.0778737888 0.499351174
v 0.31053254 -0.0689197853 0.643112302
v 0.292515308 -0.128314853 0.643112302
v 0.138727859 -0.342069685 0.499351174
v 0.201401621 -0.308569789 0.499351174
v 0.17590268 -0.270407975 0.643112302
v 0.121163882 -0.299666524 0.643112302
v -0.33491835 0.131576419 0.499351174
v -0.355547309 0.063571468 0.499351174
v -0.310532391 0.0546174534 0.643112302
v -0.292515218 0.114012472 0.643112302
v -0.138727754 0.327767015 0.499351174
v -0.201401442 0.294267237 0.499351174
v -0.175902531 0.256105423 0.643112302
v -0.121163785 0.285363913 0.643112302
v -0.13872768 -0.342069715 0.499351174
v -0.0707226843 -0.362698734 0.499351174
v -0.0617686771 -0.317683786 0.643112302
v -0.121163726 -0.299666524 0.643112302
v -0.33491835 -0.145878956 0.499351174
v -0.301418543 -0.208552659 0.499351174
v -0.263256729 -0.183053747 0.643112302
v -0.292515218 -0.128315002 0.643112302
v 0.0707222447 0.348396122 0.499351174
v -4.51634108e-09 0.35536173 0.499351174
v -8.80880968e-09 0.309464872 0.643112302
v 0.0617682748 0.303381205 0.643112302
v 0.301418275 0.194250524 0.499351174
v 0.25633508 0.249184445 0.499351174
v 0.223881125 0.216730461 0.643112302
v 0.26325649 0.168751583 0.643112302
v 0.355547488 -0.0778737888 0.499351174
v 0.362513036 -0.007150969 0.499351174
v 0.316616178 -0.00715099787 0.643112302
v 0.31053254 -0.0689197853 0.643112302
v 0.201401621 -0.308569789 0.499351174
v 0.256335586 -0.263486564 0.499351174
v 0.223881587 -0.231032595 0.643112302
v 0.17590268 -0.270407975 0.643112302
v -0.301418543 -0.208552659 0.499351174
v -0.256335407 -0.263486713 0.499351174
v -0.223881453 -0.231032729 0.643112302
v -0.263256729 -0.183053747 0.643112302
v -0.355547309 0.063571468 0.499351174
v -0.362512976 -0.00715129171 0.499351174
v -0.316616148 -0.00715128006 0.643112302
v -0.310532391 0.0546174534 0.643112302
v -0.201401442 0.294267237 0.499351174
v -0.256335407 0.249184087 0.499351174
v -0.223881453 0.216730133 0.643112302
v -0.175902531 0.256105423 0.643112302
v -0.0707226843 -0.362698734 0.499351174
v 1.13605395e-07 -0.369664311 0.499351174
v 9.43578442e-08 -0.323767453 0.643112302
v -0.0617686771 -0.317683786 0.643112302
v 0.223881125 0.216730461 0.643112302
v 0.175902158 0.256105691 0.643112302
v 0.161820546 0.235031024 0.769960344
v 0.205958605 0.19880791 0.769960344
v 0.316616178 -0.00715099787 0.643112302
v 0.310532331 0.0546177812 0.643112302
v 0.285673052 0.0496729426 0.769960344
v 0.291269898 -0.00715101324 0.769960344
v 0.223881587 -0.231032595 0.643112302
v 0.263256878 -0.183053628 0.643112302
v 0.24218215 -0.168972 0.769960344
v 0.205959022 -0.213110045 0.769960344
v 9.43578442e-08 -0.323767453 0.643112302
v 0.061768882 -0.317683786 0.643112302
v 0.0568240508 -0.292824477 0.769960344
v 8.24314839e-08 -0.298421144 0.769960344
v -0.223881453 -0.231032729 0.643112302
v -0.175902501 -0.270408064 0.643112302
v -0.161820874 -0.249333367 0.769960344
v -0.205958918 -0.213110194 0.769960344
v -0.316616148 -0.00715128006 0.643112302
v -0.31053248 -0.0689200088 0.643112302
v -0.285673201 -0.0639751852 0.769960344
v -0.291269869 -0.00715127308 0.769960344
v -0.223881453 0.216730133 0.643112302
v -0.263256729 0.168751255 0.643112302
v -0.242182061 0.154669613 0.769960344
v -0.205958918 0.198807612 0.769960344
v -8.80880968e-09 0.309464872 0.643112302
v -0.0617687553 0.303381145 0.643112302
v -0.0568239428 0.278521866 0.769960344
v -1.24762725e-08 0.284118593 0.769960344
v 0.175902158 0.256105691 0.643112302
v 0.121163338 0.285364091 0.643112302
v 0.111463763 0.261947155 0.769960344
v 0.161820546 0.235031024 0.769960344
v 0.310532331 0.0546177812 0.643112302
v 0.292515099 0.1140128 0.643112302
v 0.269098192 0.104313172 0.769960344
v 0.285673052 0.0496729426 0.769960344
v 0.263256878 -0.183053628 0.643112302
v 0.292515308 -0.128314853 0.643112302
v 0.269098371 -0.118615247 0.769960344
v 0.24218215 -0.168972 0.769960344
v 0.061768882 -0.317683786 0.643112302
v 0.121163882 -0.299666524 0.643112302
v 0.111464262 -0.276249588 0.769960344
v 0.0568240508 -0.292824477 0.769960344
v -0.175902501 -0.270408064 0.643112302
v -0.121163726 -0.299666524 0.643112302
v -0.111464135 -0.276249588 0.769960344
v -0.161820874 -0.249333367 0.769960344
v -0.31053248 -0.0689200088 0.643112302
v -0.292515218 -0.128315002 0.643112302
v -0.269098282 -0.118615381 0.769960344
v -0.285673201 -0.0639751852 0.769960344
v -0.263256729 0.168751255 0.643112302
v -0.292515218 0.114012472 0.643112302
v -0.269098282 0.104312874 0.769960344
v -0.242182061 0.154669613 0.769960344
v -0.0617687553 0.303381145 0.643112302
v -0.121163785 0.285363913 0.643112302
v -0.11146418 0.261946976 0.769960344
v -0.0568239428 0.278521866 0.769960344
v 0.121163338 0.285364091 0.643112302
v 0.0617682748 0.303381205 0.643112302
v 0.0568234958 0.278521925 0.769960344
v 0.111463763 0.261947155 0.769960344
v 0.292515099 0.1140128 0.643112302
v 0.26325649 0.168751583 0.643112302
v 0.242181823 0.154669911 0.769960344
v 0.269098192 0.104313172 0.769960344
v 0.292515308 -0.128314853 0.643112302
v 0.31053254 -0.0689197853 0.643112302
v 0.285673261 -0.063974984 0.769960344
v 0.269098371 -0.118615247 0.769960344
v 0.121163882 -0.299666524 0.643112302
v 0.17590268 -0.270407975 0.643112302
v 0.161821008 -0.249333277 0.769960344
v 0.111464262 -0.276249588 0.769960344
v -0.121163785 0.285363913 0.643112302
v -0.175902531 0.256105423 0.643112302
v -0.161820889 0.235030785 0.769960344
v -0.11146418 0.261946976 0.769960344
v -0.121163726 -0.299666524 0.643112302
v -0.0617686771 -0.317683786 0.643112302
v -0.0568238683 -0.292824477 0.769960344
v -0.111464135 -0.276249588 0.769960344
v -0.292515218 -0.128315002 0.643112302
v -0.263256729 -0.183053747 0.643112302
v -0.242182061 -0.16897209 0.769960344
v -0.269098282 -0.118615381 0.769960344
v -0.292515218 0.114012472 0.643112302
v -0.310532391 0.0546174534 0.643112302
v -0.285673112 0.0496726483 0.769960344
v -0.269098282 0.104312874 0.769960344
v 0.0617682748 0.303381205 0.643112302
v -8.80880968e-09 0.309464872 0.643112302
v -1.24762725e-08 0.284118593 0.769960344
v 0.0568234958 0.278521925 0.769960344
v 0.26325649 0.168751583 0.643112302
v 0.223881125 0.216730461 0.643112302
v 0.205958605 0.19880791 0.769960344
v 0.242181823 0.154669911 0.769960344
v 0.31053254 -0.0689197853 0.643112302
v 0.316616178 -0.00715099787 0.643112302
v 0.291269898 -0.00715101324 0.769960344
v 0.285673261 -0.063974984 0.769960344
v 0.17590268 -0.270407975 0.643112302
v 0.223881587 -0.231032595 0.643112302
v 0.205959022 -0.213110045 0.769960344
v 0.161821008 -0.249333277 0.769960344
v -0.310532391 0.0546174534 0.643112302
v -0.316616148 -0.00715128006 0.643112302
v -0.291269869 -0.00715127308 0.769960344
v -0.285673112 0.0496726483 0.769960344
v -0.175902531 0.256105423 0.643112302
v -0.223881453 0.216730133 0.643112302
v -0.205958918 0.198807612 0.769960344
v -0.161820889 0.235030785 0.769960344
v -0.0617686771 -0.317683786 0.643112302
v 9.43578442e-08 -0.323767453 0.643112302
v 8.24314839e-08 -0.298421144 0.769960344
v -0.0568238683 -0.292824477 0.769960344
v -0.263256729 -0.183053747 0.643112302
v -0.223881453 -0.231032729 0.643112302
v -0.205958918 -0.213110194 0.769960344
v -0.242182061 -0.16897209 0.769960344
v 0.198650554 0.191499829 0.916768968
v 0.156078652 0.226437658 0.916768968
v 0.161049709 0.233877376 1.14109242
v 0.204977497 0.197826803 1.14109242
v 0.280934751 -0.00715102023 0.916768968
v 0.275536507 0.0476566479 0.916768968
v 0.284312248 0.0494022556 1.14109242
v 0.289882392 -0.00715101371 1.14109242
v 0.198650971 -0.205801994 0.916768968
v 0.233588785 -0.163230091 0.916768968
v 0.241028517 -0.168201149 1.14109242
v 0.20497793 -0.212128967 1.14109242
v 7.78531373e-08 -0.288085997 0.916768968
v 0.0548077598 -0.282687932 0.916768968
v 0.0565533675 -0.291463673 1.14109242
v 8.16251884e-08 -0.297033668 1.14109242
v -0.198650867 0.191499561 0.916768968
v -0.233588696 0.148927718 0.916768968
v -0.241028398 0.153898761 1.14109242
v -0.204977825 0.197826505 1.14109242
v -1.36870106e-08 0.273783445 0.916768968
v -0.0548076555 0.268385321 0.916768968
v -0.0565532595 0.277161062 1.14109242
v -1.28304691e-08 0.282731116 1.14109242
v -0.198650867 -0.205802143 0.916768968
v -0.156078964 -0.240740001 0.916768968
v -0.161050037 -0.248179719 1.14109242
v -0.204977825 -0.212129101 1.14109242
v -0.280934721 -0.00715127075 0.916768968
v -0.275536656 -0.0619589016 0.916768968
v -0.284312397 -0.0637045056 1.14109242
v -0.289882392 -0.00715127261 1.14109242
v 0.156078652 0.226437658 0.916768968
v 0.107508689 0.252398729 0.916768968
v 0.110932797 0.260665298 1.14109242
v 0.161049709 0.233877376 1.14109242
v 0.275536507 0.0476566479 0.916768968
v 0.259549767 0.100358076 0.916768968
v 0.267816335 0.103782207 1.14109242
v 0.284312248 0.0494022556 1.14109242
v 0.233588785 -0.163230091 0.916768968
v 0.259549916 -0.114660159 0.916768968
v 0.267816484 -0.118084274 1.14109242
v 0.241028517 -0.168201149 1.14109242
v 0.0548077598 -0.282687932 0.916768968
v 0.107509173 -0.266701132 0.916768968
v 0.110933296 -0.2749677 1.14109242
v 0.0565533675 -0.291463673 1.14109242
v -0.275536656 -0.0619589016 0.916768968
v -0.259549856 -0.114660293 0.916768968
v -0.267816424 -0.118084416 1.14109242
v -0.284312397 -0.0637045056 1.14109242
v -0.233588696 0.148927718 0.916768968
v -0.259549856 0.100357786 0.916768968
v -0.267816424 0.103781909 1.14109242
v -0.241028398 0.153898761 1.14109242
v -0.0548076555 0.268385321 0.916768968
v -0.107509099 0.25239858 0.916768968
v -0.110933222 0.260665119 1.14109242
v -0.0565532595 0.277161062 1.14109242
v -0.156078964 -0.240740001 0.916768968
v -0.107509047 -0.266701162 0.916768968
v -0.11093317 -0.27496773 1.14109242
v -0.161050037 -0.248179719 1.14109242
v 0.107508689 0.252398729 0.916768968
v 0.0548072234 0.268385381 0.916768968
v 0.0565528125 0.277161121 1.14109242
v 0.110932797 0.260665298 1.14109242
v 0.259549767 0.100358076 0.916768968
v 0.233588472 0.148928002 0.916768968
v 0.241028175 0.153899059 1.14109242
v 0.267816335 0.103782207 1.14109242
v 0.259549916 -0.114660159 0.916768968
v 0.275536716 -0.0619587004 0.916768968
v 0.284312427 -0.0637042969 1.14109242
v 0.267816484 -0.118084274 1.14109242
v 0.107509173 -0.266701132 0.916768968
v 0.156079113 -0.240739912 0.916768968
v 0.161050171 -0.248179615 1.14109242
v 0.110933296 -0.2749677 1.14109242
v -0.107509047 -0.266701162 0.916768968
v -0.0548075885 -0.282687932 0.916768968
v -0.0565531887 -0.291463673 1.14109242
v -0.11093317 -0.27496773 1.14109242
v -0.259549856 -0.114660293 0.916768968
v -0.233588696 -0.163230181 0.916768968
v -0.241028398 -0.168201253 1.14109242
v -0.267816424 -0.118084416 1.14109242
v -0.259549856 0.100357786 0.916768968
v -0.275536567 0.0476563647 0.916768968
v -0.284312308 0.0494019687 1.14109242
v -0.267816424 0.103781909 1.14109242
v -0.107509099 0.25239858 0.916768968
v -0.156078994 0.22643742 0.916768968
v -0.161050051 0.233877122 1.14109242
v -0.110933222 0.260665119 1.14109242
v 0.0548072234 0.268385381 0.916768968
v -1.36870106e-08 0.273783445 0.916768968
v -1.28304691e-08 0.282731116 1.14109242
v 0.0565528125 0.277161121 1.14109242
v 0.233588472 0.148928002 0.916768968
v 0.198650554 0.191499829 0.916768968
v 0.204977497 0.197826803 1.14109242
v 0.241028175 0.153899059 1.14109242
v 0.275536716 -0.0619587004 0.916768968
v 0.280934751 -0.00715102023 0.916768968
v 0.289882392 -0.00715101371 1.14109242
v 0.284312427 -0.0637042969 1.14109242
v 0.156079113 -0.240739912 0.916768968
v 0.198650971 -0.205801994 0.916768968
v 0.20497793 -0.212128967 1.14109242
v 0.161050171 -0.248179615 1.14109242
v -0.0548075885 -0.282687932 0.916768968
v 7.78531373e-08 -0.288085997 0.916768968
v 8.16251884e-08 -0.297033668 1.14109242
v -0.0565531887 -0.291463673 1.14109242
v -0.233588696 -0.163230181 0.916768968
v -0.198650867 -0.205802143 0.916768968
v -0.204977825 -0.212129101 1.14109242
v -0.241028398 -0.168201253 1.14109242
v -0.275536567 0.0476563647 0.916768968
v -0.280934721 -0.00715127075 0.916768968
v -0.289882392 -0.00715127261 1.14109242
v -0.284312308 0.0494019687 1.14109242
v -0.156078994 0.22643742 0.916768968
v -0.198650867 0.191499561 0.916768968
v -0.204977825 0.197826505 1.14109242
v -0.161050051 0.233877122 1.14109242
v 0.217456207 0.210305527 1.39007986
v 0.170854181 0.248550817 1.39007986
v 0.200075433 0.292283595 1.70953488
v 0.254647851 0.247497246 1.70953488
v 0.307529986 -0.00715100253 1.39007986
v 0.301620722 0.0528451353 1.39007986
v 0.353206992 0.0631063432 1.70953488
v 0.360126942 -0.00715096761 1.70953488
v 0.217456654 -0.224607691 1.39007986
v 0.255701959 -0.178005606 1.39007986
v 0.299434781 -0.207226887 1.70953488
v 0.254648358 -0.261799365 1.70953488
v 8.9403045e-08 -0.314681262 1.39007986
v 0.0599962473 -0.308772147 1.39007986
v 0.0702574328 -0.360358506 1.70953488
v 1.08889608e-07 -0.367278218 1.70953488
v -0.217456549 -0.224607825 1.39007986
v -0.170854479 -0.262853175 1.39007986
v -0.20007579 -0.306585968 1.70953488
v -0.254648209 -0.261799544 1.70953488
v -0.307529956 -0.00715127727 1.39007986
v -0.301620871 -0.0671473816 1.39007986
v -0.353207201 -0.0774085522 1.70953488
v -0.360126942 -0.00715128891 1.70953488
v -0.217456549 0.210305229 1.39007986
v -0.25570181 0.163703233 1.39007986
v -0.299434572 0.192924544 1.70953488
v -0.254648209 0.247496888 1.70953488
v -1.08029443e-08 0.30037871 1.39007986
v -0.0599961318 0.294469535 1.39007986
v -0.0702572837 0.346055865 1.70953488
v -8.45463255e-09 0.352975667 1.70953488
v 0.170854181 0.248550817 1.39007986
v 0.11768622 0.276969522 1.39007986
v 0.137814134 0.325562775 1.70953488
v 0.200075433 0.292283595 1.70953488
v 0.301620722 0.0528451353 1.39007986
v 0.28412056 0.110535651 1.39007986
v 0.332713813 0.130663693 1.70953488
v 0.353206992 0.0631063432 1.70953488
v 0.255701959 -0.178005606 1.39007986
v 0.284120739 -0.124837704 1.39007986
v 0.332713991 -0.144965664 1.70953488
v 0.299434781 -0.207226887 1.70953488
v 0.0599962473 -0.308772147 1.39007986
v 0.117686741 -0.291271925 1.39007986
v 0.137814745 -0.339865208 1.70953488
v 0.0702574328 -0.360358506 1.70953488
v -0.0599961318 0.294469535 1.39007986
v -0.117686659 0.276969373 1.39007986
v -0.137814656 0.325562626 1.70953488
v -0.0702572837 0.346055865 1.70953488
v -0.170854479 -0.262853175 1.39007986
v -0.117686599 -0.291271955 1.39007986
v -0.137814581 -0.339865208 1.70953488
v -0.20007579 -0.306585968 1.70953488
v -0.301620871 -0.0671473816 1.39007986
v -0.284120649 -0.124837853 1.39007986
v -0.332713932 -0.144965842 1.70953488
v -0.353207201 -0.0774085522 1.70953488
v -0.25570181 0.163703233 1.39007986
v -0.284120649 0.110535339 1.39007986
v -0.332713932 0.130663306 1.70953488
v -0.299434572 0.192924544 1.70953488
v 0.11768622 0.276969522 1.39007986
v 0.0599956587 0.294469595 1.39007986
v 0.0702567473 0.346055955 1.70953488
v 0.137814134 0.325562775 1.70953488
v 0.28412056 0.110535651 1.39007986
v 0.255701602 0.163703546 1.39007986
v 0.299434364 0.192924902 1.70953488
v 0.332713813 0.130663693 1.70953488
v 0.284120739 -0.124837704 1.39007986
v 0.30162093 -0.0671471581 1.39007986
v 0.35320726 -0.0774082914 1.70953488
v 0.332713991 -0.144965664 1.70953488
v 0.117686741 -0.291271925 1.39007986
v 0.170854643 -0.262853056 1.39007986
v 0.200075999 -0.306585848 1.70953488
v 0.137814745 -0.339865208 1.70953488
v -0.284120649 0.110535339 1.39007986
v -0.301620781 0.0528448336 1.39007986
v -0.353207141 0.0631059855 1.70953488
v -0.332713932 0.130663306 1.70953488
v -0.117686659 0.276969373 1.39007986
v -0.170854494 0.248550519 1.39007986
v -0.20007582 0.292283297 1.70953488
v -0.137814656 0.325562626 1.70953488
v -0.117686599 -0.291271955 1.39007986
v -0.0599960573 -0.308772147 1.39007986
v -0.0702572018 -0.360358506 1.70953488
v -0.137814581 -0.339865208 1.70953488
v -0.284120649 -0.124837853 1.39007986
v -0.25570181 -0.178005695 1.39007986
v -0.299434572 -0.207227007 1.70953488
v -0.332713932 -0.144965842 1.70953488
v 0.0599956587 0.294469595 1.39007986
v -1.08029443e-08 0.30037871 1.39007986
v -8.45463255e-09 0.352975667 1.70953488
v 0.0702567473 0.346055955 1.70953488
v 0.255701602 0.163703546 1.39007986
v 0.217456207 0.210305527 1.39007986
v 0.254647851 0.247497246 1.70953488
v 0.299434364 0.192924902 1.70953488
v 0.30162093 -0.0671471581 1.39007986
v 0.307529986 -0.00715100253 1.39007986
v 0.360126942 -0.00715096761 1.70953488
v 0.35320726 -0.0774082914 1.70953488
v 0.170854643 -0.262853056 1.39007986
v 0.217456654 -0.224607691 1.39007986
v 0.254648358 -0.261799365 1.70953488
v 0.200075999 -0.306585848 1.70953488
v -0.25570181 -0.178005695 1.39007986
v -0.217456549 -0.224607825 1.39007986
v -0.254648209 -0.261799544 1.70953488
v -0.299434572 -0.207227007 1.70953488
v -0.301620781 0.0528448336 1.39007986
v -0.307529956 -0.00715127727 1.39007986
v -0.360126942 -0.00715128891 1.70953488
v -0.353207141 0.0631059855 1.70953488
v -0.170854494 0.248550519 1.39007986
v -0.217456549 0.210305229 1.39007986
v -0.254648209 0.247496888 1.70953488
v -0.20007582 0.292283297 1.70953488
v -0.0599960573 -0.308772147 1.39007986
v 8.9403045e-08 -0.314681262 1.39007986
v 1.08889608e-07 -0.367278218 1.70953488
v -0.0702572018 -0.360358506 1.70953488
v 0.254647851 0.247497246 1.70953488
v 0.200075433 0.292283595 1.70953488
v 0.220642552 0.323064536 1.95499885
v 0.28082484 0.27367425 1.95499885
v 0.360126942 -0.00715096761 1.70953488
v 0.353206992 0.0631063432 1.70953488
v 0.389515519 0.0703285858 1.95499885
v 0.397146851 -0.00715094432 1.95499885
v 0.254648358 -0.261799365 1.70953488
v 0.299434781 -0.207226887 1.70953488
v 0.330215722 -0.227794021 1.95499885
v 0.280825406 -0.287976384 1.95499885
v 1.08889608e-07 -0.367278218 1.70953488
v 0.0702574328 -0.360358506 1.70953488
v 0.0774796754 -0.396667063 1.95499885
v 1.2382641e-07 -0.404298127 1.95499885
v -0.254648209 -0.261799544 1.70953488
v -0.20007579 -0.306585968 1.70953488
v -0.220642924 -0.337366939 1.95499885
v -0.280825227 -0.287976563 1.95499885
v -0.360126942 -0.00715128891 1.70953488
v -0.353207201 -0.0774085522 1.70953488
v -0.389515787 -0.0846307725 1.95499885
v -0.397146821 -0.00715129916 1.95499885
v -0.254648209 0.247496888 1.70953488
v -0.299434572 0.192924544 1.70953488
v -0.330215484 0.213491678 1.95499885
v -0.280825227 0.273673892 1.95499885
v -8.45463255e-09 0.352975667 1.70953488
v -0.0702572837 0.346055865 1.70953488
v -0.077479504 0.382364392 1.95499885
v -5.58047475e-09 0.389995575 1.95499885
v 0.200075433 0.292283595 1.70953488
v 0.137814134 0.325562775 1.70953488
v 0.151980981 0.359764695 1.95499885
v 0.220642552 0.323064536 1.95499885
v 0.353206992 0.0631063432 1.70953488
v 0.332713813 0.130663693 1.70953488
v 0.366915733 0.144830614 1.95499885
v 0.389515519 0.0703285858 1.95499885
v 0.299434781 -0.207226887 1.70953488
v 0.332713991 -0.144965664 1.70953488
v 0.366915941 -0.15913254 1.95499885
v 0.330215722 -0.227794021 1.95499885
v 0.0702574328 -0.360358506 1.70953488
v 0.137814745 -0.339865208 1.70953488
v 0.151981667 -0.374067158 1.95499885
v 0.0774796754 -0.396667063 1.95499885
v -0.20007579 -0.306585968 1.70953488
v -0.137814581 -0.339865208 1.70953488
v -0.151981473 -0.374067158 1.95499885
v -0.220642924 -0.337366939 1.95499885
v -0.353207201 -0.0774085522 1.70953488
v -0.332713932 -0.144965842 1.70953488
v -0.366915822 -0.159132749 1.95499885
v -0.389515787 -0.0846307725 1.95499885
v -0.299434572 0.192924544 1.70953488
v -0.332713932 0.130663306 1.70953488
v -0.366915822 0.144830197 1.95499885
v -0.330215484 0.213491678 1.95499885
v -0.0702572837 0.346055865 1.70953488
v -0.137814656 0.325562626 1.70953488
v -0.151981562 0.359764516 1.95499885
v -0.077479504 0.382364392 1.95499885
v 0.137814134 0.325562775 1.70953488
v 0.0702567473 0.346055955 1.70953488
v 0.0774789155 0.382364511 1.95499885
v 0.151980981 0.359764695 1.95499885
v 0.332713813 0.130663693 1.70953488
v 0.299434364 0.192924902 1.70953488
v 0.330215245 0.213492081 1.95499885
v 0.366915733 0.144830614 1.95499885
v 0.332713991 -0.144965664 1.70953488
v 0.35320726 -0.0774082914 1.70953488
v 0.389515847 -0.0846304968 1.95499885
v 0.366915941 -0.15913254 1.95499885
v 0.137814745 -0.339865208 1.70953488
v 0.200075999 -0.306585848 1.70953488
v 0.220643178 -0.33736679 1.95499885
v 0.151981667 -0.374067158 1.95499885
v -0.137814656 0.325562626 1.70953488
v -0.20007582 0.292283297 1.70953488
v -0.220642969 0.323064178 1.95499885
v -0.151981562 0.359764516 1.95499885
v -0.137814581 -0.339865208 1.70953488
v -0.0702572018 -0.360358506 1.70953488
v -0.0774794146 -0.396667063 1.95499885
v -0.151981473 -0.374067158 1.95499885
v -0.332713932 -0.144965842 1.70953488
v -0.299434572 -0.207227007 1.70953488
v -0.330215484 -0.22779417 1.95499885
v -0.366915822 -0.159132749 1.95499885
v -0.332713932 0.130663306 1.70953488
v -0.353207141 0.0631059855 1.70953488
v -0.389515698 0.0703281984 1.95499885
v -0.366915822 0.144830197 1.95499885
v 0.0702567473 0.346055955 1.70953488
v -8.45463255e-09 0.352975667 1.70953488
v -5.58047475e-09 0.389995575 1.95499885
v 0.0774789155 0.382364511 1.95499885
v 0.299434364 0.192924902 1.70953488
v 0.254647851 0.247497246 1.70953488
v 0.28082484 0.27367425 1.95499885
v 0.330215245 0.213492081 1.95499885
v 0.35320726 -0.0774082914 1.70953488
v 0.360126942 -0.00715096761 1.70953488
v 0.397146851 -0.00715094432 1.95499885
v 0.389515847 -0.0846304968 1.95499885
v 0.200075999 -0.306585848 1.70953488
v 0.254648358 -0.261799365 1.70953488
v 0.280825406 -0.287976384 1.95499885
v 0.220643178 -0.33736679 1.95499885
v -0.353207141 0.0631059855 1.70953488
v -0.360126942 -0.00715128891 1.70953488
v -0.397146821 -0.00715129916 1.95499885
v -0.389515698 0.0703281984 1.95499885
v -0.20007582 0.292283297 1.70953488
v -0.254648209 0.247496888 1.70953488
v -0.280825227 0.273673892 1.95499885
v -0.220642969 0.323064178 1.95499885
v -0.0702572018 -0.360358506 1.70953488
v 1.08889608e-07 -0.367278218 1.70953488
v 1.2382641e-07 -0.404298127 1.95499885
v -0.0774794146 -0.396667063 1.95499885
v -0.299434572 -0.207227007 1.70953488
v -0.254648209 -0.261799544 1.70953488
v -0.280825227 -0.287976563 1.95499885
v -0.330215484 -0.22779417 1.95499885
v 0.151980981 0.359764695 1.95499885
v 0.0774789155 0.382364511 1.95499885
v 0.0798676163 0.394373417 2.11002898
v 0.156666592 0.371076792 2.11002898
v 0.366915733 0.144830614 1.95499885
v 0.330215245 0.213492081 1.95499885
v 0.340395898 0.220294565 2.11002898
v 0.37822783 0.149516255 2.11002898
v 0.366915941 -0.15913254 1.95499885
v 0.389515847 -0.0846304968 1.95499885
v 0.401524723 -0.0870192051 2.11002898
v 0.378228039 -0.163818166 2.11002898
v 0.151981667 -0.374067158 1.95499885
v 0.220643178 -0.33736679 1.95499885
v 0.227445662 -0.347547412 2.11002898
v 0.156667307 -0.385379255 2.11002898
v -0.366915822 -0.159132749 1.95499885
v -0.330215484 -0.22779417 1.95499885
v -0.340396106 -0.234596655 2.11002898
v -0.378227949 -0.163818374 2.11002898
v -0.366915822 0.144830197 1.95499885
v -0.389515698 0.0703281984 1.95499885
v -0.401524603 0.0727169067 2.11002898
v -0.378227949 0.149515837 2.11002898
v -0.151981562 0.359764516 1.95499885
v -0.220642969 0.323064178 1.95499885
v -0.227445453 0.333244801 2.11002898
v -0.156667188 0.371076643 2.11002898
v -0.151981473 -0.374067158 1.95499885
v -0.0774794146 -0.396667063 1.95499885
v -0.0798681229 -0.408675969 2.11002898
v -0.156667113 -0.385379255 2.11002898
v 0.0774789155 0.382364511 1.95499885
v -5.58047475e-09 0.389995575 1.95499885
v -4.19696633e-09 0.40223971 2.11002898
v 0.0798676163 0.394373417 2.11002898
v 0.330215245 0.213492081 1.95499885
v 0.28082484 0.27367425 1.95499885
v 0.289482743 0.282332182 2.11002898
v 0.340395898 0.220294565 2.11002898
v 0.389515847 -0.0846304968 1.95499885
v 0.397146851 -0.00715094432 1.95499885
v 0.409390986 -0.00715093594 2.11002898
v 0.401524723 -0.0870192051 2.11002898
v 0.220643178 -0.33736679 1.95499885
v 0.280825406 -0.287976384 1.95499885
v 0.289483339 -0.296634287 2.11002898
v 0.227445662 -0.347547412 2.11002898
v -0.0774794146 -0.396667063 1.95499885
v 1.2382641e-07 -0.404298127 1.95499885
v 1.29199549e-07 -0.416542262 2.11002898
v -0.0798681229 -0.408675969 2.11002898
v -0.330215484 -0.22779417 1.95499885
v -0.280825227 -0.287976563 1.95499885
v -0.28948313 -0.296634495 2.11002898
v -0.340396106 -0.234596655 2.11002898
v -0.389515698 0.0703281984 1.95499885
v -0.397146821 -0.00715129916 1.95499885
v -0.409390986 -0.00715130195 2.11002898
v -0.401524603 0.0727169067 2.11002898
v -0.220642969 0.323064178 1.95499885
v -0.280825227 0.273673892 1.95499885
v -0.28948313 0.282331795 2.11002898
v -0.227445453 0.333244801 2.11002898
v 0.28082484 0.27367425 1.95499885
v 0.220642552 0.323064536 1.95499885
v 0.227445006 0.333245158 2.11002898
v 0.289482743 0.282332182 2.11002898
v 0.397146851 -0.00715094432 1.95499885
v 0.389515519 0.0703285858 1.95499885
v 0.401524425 0.0727173164 2.11002898
v 0.409390986 -0.00715093594 2.11002898
v 0.280825406 -0.287976384 1.95499885
v 0.330215722 -0.227794021 1.95499885
v 0.340396374 -0.234596506 2.11002898
v 0.289483339 -0.296634287 2.11002898
v 1.2382641e-07 -0.404298127 1.95499885
v 0.0774796754 -0.396667063 1.95499885
v 0.0798683986 -0.408675969 2.11002898
v 1.29199549e-07 -0.416542262 2.11002898
v -5.58047475e-09 0.389995575 1.95499885
v -0.077479504 0.382364392 1.95499885
v -0.0798682198 0.394373298 2.11002898
v -4.19696633e-09 0.40223971 2.11002898
v -0.280825227 -0.287976563 1.95499885
v -0.220642924 -0.337366939 1.95499885
v -0.227445409 -0.347547561 2.11002898
v -0.28948313 -0.296634495 2.11002898
v -0.397146821 -0.00715129916 1.95499885
v -0.389515787 -0.0846307725 1.95499885
v -0.401524663 -0.0870194882 2.11002898
v -0.409390986 -0.00715130195 2.11002898
v -0.280825227 0.273673892 1.95499885
v -0.330215484 0.213491678 1.95499885
v -0.340396106 0.220294178 2.11002898
v -0.28948313 0.282331795 2.11002898
v 0.220642552 0.323064536 1.95499885
v 0.151980981 0.359764695 1.95499885
v 0.156666592 0.371076792 2.11002898
v 0.227445006 0.333245158 2.11002898
v 0.389515519 0.0703285858 1.95499885
v 0.366915733 0.144830614 1.95499885
v 0.37822783 0.149516255 2.11002898
v 0.401524425 0.0727173164 2.11002898
v 0.330215722 -0.227794021 1.95499885
v 0.366915941 -0.15913254 1.95499885
v 0.378228039 -0.163818166 2.11002898
v 0.340396374 -0.234596506 2.11002898
v 0.0774796754 -0.396667063 1.95499885
v 0.151981667 -0.374067158 1.95499885
v 0.156667307 -0.385379255 2.11002898
v 0.0798683986 -0.408675969 2.11002898
v -0.330215484 0.213491678 1.95499885
v -0.366915822 0.144830197 1.95499885
v -0.378227949 0.149515837 2.11002898
v -0.340396106 0.220294178 2.11002898
v -0.077479504 0.382364392 1.95499885
v -0.151981562 0.359764516 1.95499885
v -0.156667188 0.371076643 2.11002898
v -0.0798682198 0.394373298 2.11002898
v -0.220642924 -0.337366939 1.95499885
v -0.151981473 -0.374067158 1.95499885
v -0.156667113 -0.385379255 2.11002898
v -0.227445409 -0.347547561 2.11002898
v -0.389515787 -0.0846307725 1.95499885
v -0.366915822 -0.159132749 1.95499885
v -0.378227949 -0.163818374 2.11002898
v -0.401524663 -0.0870194882 2.11002898
v 0.156666592 0.371076792 2.11002898
v 0.0798676163 0.394373417 2.11002898
v 0.0768378228 0.37914151 2.34022474
v 0.150723428 0.356728673 2.34022474
v 0.37822783 0.149516255 2.11002898
v 0.340395898 0.220294565 2.11002898
v 0.327482909 0.211666375 2.34022474
v 0.36387971 0.143573061 2.34022474
v 0.378228039 -0.163818166 2.11002898
v 0.401524723 -0.0870192051 2.11002898
v 0.386292815 -0.0839893967 2.34022474
v 0.363879919 -0.157874987 2.34022474
v 0.156667307 -0.385379255 2.11002898
v 0.227445662 -0.347547412 2.11002898
v 0.218817472 -0.334634423 2.34022474
v 0.150724113 -0.371031135 2.34022474
v -0.378227949 0.149515837 2.11002898
v -0.401524603 0.0727169067 2.11002898
v -0.386292696 0.0696870983 2.34022474
v -0.3638798 0.143572643 2.34022474
v -0.156667188 0.371076643 2.11002898
v -0.227445453 0.333244801 2.11002898
v -0.218817294 0.320331812 2.34022474
v -0.150723994 0.356728494 2.34022474
v -0.156667113 -0.385379255 2.11002898
v -0.0798681229 -0.408675969 2.11002898
v -0.0768383145 -0.393444061 2.34022474
v -0.150723919 -0.371031135 2.34022474
v -0.378227949 -0.163818374 2.11002898
v -0.340396106 -0.234596655 2.11002898
v -0.327483177 -0.22596848 2.34022474
v -0.3638798 -0.15787518 2.34022474
v 0.0798676163 0.394373417 2.11002898
v -4.19696633e-09 0.40223971 2.11002898
v -6.04543615e-09 0.386709422 2.34022474
v 0.0768378228 0.37914151 2.34022474
v 0.340395898 0.220294565 2.11002898
v 0.289482743 0.282332182 2.11002898
v 0.278501183 0.271350592 2.34022474
v 0.327482909 0.211666375 2.34022474
v 0.401524723 -0.0870192051 2.11002898
v 0.409390986 -0.00715093594 2.11002898
v 0.393860698 -0.00715094665 2.34022474
v 0.386292815 -0.0839893967 2.34022474
v 0.227445662 -0.347547412 2.11002898
v 0.289483339 -0.296634287 2.11002898
v 0.278501749 -0.285652697 2.34022474
v 0.218817472 -0.334634423 2.34022474
v -0.340396106 -0.234596655 2.11002898
v -0.28948313 -0.296634495 2.11002898
v -0.27850154 -0.285652906 2.34022474
v -0.327483177 -0.22596848 2.34022474
v -0.401524603 0.0727169067 2.11002898
v -0.409390986 -0.00715130195 2.11002898
v -0.393860698 -0.00715129822 2.34022474
v -0.386292696 0.0696870983 2.34022474
v -0.227445453 0.333244801 2.11002898
v -0.28948313 0.282331795 2.11002898
v -0.27850154 0.271350205 2.34022474
v -0.218817294 0.320331812 2.34022474
v -0.0798681229 -0.408675969 2.11002898
v 1.29199549e-07 -0.416542262 2.11002898
v 1.22290658e-07 -0.401011974 2.34022474
v -0.0768383145 -0.393444061 2.34022474
v 0.289482743 0.282332182 2.11002898
v 0.227445006 0.333245158 2.11002898
v 0.218816847 0.32033217 2.34022474
v 0.278501183 0.271350592 2.34022474
v 0.409390986 -0.00715093594 2.11002898
v 0.401524425 0.0727173164 2.11002898
v 0.386292547 0.0696874931 2.34022474
v 0.393860698 -0.00715094665 2.34022474
v 0.289483339 -0.296634287 2.11002898
v 0.340396374 -0.234596506 2.11002898
v 0.327483356 -0.225968346 2.34022474
v 0.278501749 -0.285652697 2.34022474
v 1.29199549e-07 -0.416542262 2.11002898
v 0.0798683986 -0.408675969 2.11002898
v 0.0768385753 -0.393444061 2.34022474
v 1.22290658e-07 -0.401011974 2.34022474
v -0.28948313 -0.296634495 2.11002898
v -0.227445409 -0.347547561 2.11002898
v -0.218817249 -0.334634602 2.34022474
v -0.27850154 -0.285652906 2.34022474
v -0.409390986 -0.00715130195 2.11002898
v -0.401524663 -0.0870194882 2.11002898
v -0.386292756 -0.0839896798 2.34022474
v -0.393860698 -0.00715129822 2.34022474
v -0.28948313 0.282331795 2.11002898
v -0.340396106 0.220294178 2.11002898
v -0.327483177 0.211666003 2.34022474
v -0.27850154 0.271350205 2.34022474
v -4.19696633e-09 0.40223971 2.11002898
v -0.0798682198 0.394373298 2.11002898
v -0.0768384114 0.37914139 2.34022474
v -6.04543615e-09 0.386709422 2.34022474
v 0.227445006 0.333245158 2.11002898
v 0.156666592 0.371076792 2.11002898
v 0.150723428 0.356728673 2.34022474
v 0.218816847 0.32033217 2.34022474
v 0.401524425 0.0727173164 2.11002898
v 0.37822783 0.149516255 2.11002898
v 0.36387971 0.143573061 2.34022474
v 0.386292547 0.0696874931 2.34022474
v 0.340396374 -0.234596506 2.11002898
v 0.378228039 -0.163818166 2.11002898
v 0.363879919 -0.157874987 2.34022474
v 0.327483356 -0.225968346 2.34022474
v 0.0798683986 -0.408675969 2.11002898
v 0.156667307 -0.385379255 2.11002898
v 0.150724113 -0.371031135 2.34022474
v 0.0768385753 -0.393444061 2.34022474
v -0.0798682198 0.394373298 2.11002898
v -0.156667188 0.371076643 2.11002898
v -0.150723994 0.356728494 2.34022474
v -0.0768384114 0.37914139 2.34022474
v -0.227445409 -0.347547561 2.11002898
v -0.156667113 -0.385379255 2.11002898
v -0.150723919 -0.371031135 2.34022474
v -0.218817249 -0.334634602 2.34022474
v -0.401524663 -0.0870194882 2.11002898
v -0.378227949 -0.163818374 2.11002898
v -0.3638798 -0.15787518 2.34022474
v -0.386292756 -0.0839896798 2.34022474
v -0.340396106 0.220294178 2.11002898
v -0.378227949 0.149515837 2.11002898
v -0.3638798 0.143572643 2.34022474
v -0.327483177 0.211666003 2.34022474
v 0.150723428 0.356728673 2.34022474
v 0.0768378228 0.37914151 2.34022474
v 0.0680977926 0.335202128 2.46941614
v 0.13357918 0.315338671 2.46941614
v 0.36387971 0.143573061 2.34022474
v 0.327482909 0.211666375 2.34022474
v 0.290232927 0.186776683 2.46941614
v 0.322489709 0.126428723 2.46941614
v 0.363879919 -0.157874987 2.34022474
v 0.386292815 -0.0839893967 2.34022474
v 0.342353404 -0.0752493367 2.46941614
v 0.322489887 -0.140730709 2.46941614
v 0.150724113 -0.371031135 2.34022474
v 0.218817472 -0.334634423 2.34022474
v 0.19392778 -0.297384411 2.46941614
v 0.133579791 -0.329641104 2.46941614
v -0.150723994 0.356728494 2.34022474
v -0.218817294 0.320331812 2.34022474
v -0.193927631 0.28308183 2.46941614
v -0.133579701 0.315338522 2.46941614
v -0.150723919 -0.371031135 2.34022474
v -0.0768383145 -0.393444061 2.34022474
v -0.0680982396 -0.34950462 2.46941614
v -0.133579627 -0.329641104 2.46941614
v -0.3638798 -0.15787518 2.34022474
v -0.327483177 -0.22596848 2.34022474
v -0.290233165 -0.201078817 2.46941614
v -0.322489798 -0.140730873 2.46941614
v -0.3638798 0.143572643 2.34022474
v -0.386292696 0.0696870983 2.34022474
v -0.342353314 0.0609470271 2.46941614
v -0.322489798 0.126428366 2.46941614
v 0.0768378228 0.37914151 2.34022474
v -6.04543615e-09 0.386709422 2.34022474
v -8.85039597e-09 0.34190923 2.46941614
v 0.0680977926 0.335202128 2.46941614
v 0.327482909 0.211666375 2.34022474
v 0.278501183 0.271350592 2.34022474
v 0.246822655 0.23967205 2.46941614
v 0.290232927 0.186776683 2.46941614
v 0.386292815 -0.0839893967 2.34022474
v 0.393860698 -0.00715094665 2.34022474
v 0.349060506 -0.00715097552 2.46941614
v 0.342353404 -0.0752493367 2.46941614
v 0.218817472 -0.334634423 2.34022474
v 0.278501749 -0.285652697 2.34022474
v 0.246823177 -0.253974169 2.46941614
v 0.19392778 -0.297384411 2.46941614
v -0.386292696 0.0696870983 2.34022474
v -0.393860698 -0.00715129822 2.34022474
v -0.349060476 -0.00715128705 2.46941614
v -0.342353314 0.0609470271 2.46941614
v -0.218817294 0.320331812 2.34022474
v -0.27850154 0.271350205 2.34022474
v -0.246823043 0.239671692 2.46941614
v -0.193927631 0.28308183 2.46941614
v -0.0768383145 -0.393444061 2.34022474
v 1.22290658e-07 -0.401011974 2.34022474
v 1.04887931e-07 -0.356211752 2.46941614
v -0.0680982396 -0.34950462 2.46941614
v -0.327483177 -0.22596848 2.34022474
v -0.27850154 -0.285652906 2.34022474
v -0.246823043 -0.253974348 2.46941614
v -0.290233165 -0.201078817 2.46941614
v 0.278501183 0.271350592 2.34022474
v 0.218816847 0.32033217 2.34022474
v 0.193927228 0.283082128 2.46941614
v 0.246822655 0.23967205 2.46941614
v 0.393860698 -0.00715094665 2.34022474
v 0.386292547 0.0696874931 2.34022474
v 0.342353165 0.0609473698 2.46941614
v 0.349060506 -0.00715097552 2.46941614
v 0.278501749 -0.285652697 2.34022474
v 0.327483356 -0.225968346 2.34022474
v 0.290233314 -0.201078683 2.46941614
v 0.246823177 -0.253974169 2.46941614
v 1.22290658e-07 -0.401011974 2.34022474
v 0.0768385753 -0.393444061 2.34022474
v 0.0680984706 -0.34950462 2.46941614
v 1.04887931e-07 -0.356211752 2.46941614
v -0.27850154 -0.285652906 2.34022474
v -0.218817249 -0.334634602 2.34022474
v -0.193927586 -0.29738456 2.46941614
v -0.246823043 -0.253974348 2.46941614
v -0.393860698 -0.00715129822 2.34022474
v -0.386292756 -0.0839896798 2.34022474
v -0.342353404 -0.0752495825 2.46941614
v -0.349060476 -0.00715128705 2.46941614
v -0.27850154 0.271350205 2.34022474
v -0.327483177 0.211666003 2.34022474
v -0.290233165 0.18677634 2.46941614
v -0.246823043 0.239671692 2.46941614
v -6.04543615e-09 0.386709422 2.34022474
v -0.0768384114 0.37914139 2.34022474
v -0.0680983216 0.335202008 2.46941614
v -8.85039597e-09 0.34190923 2.46941614
v 0.218816847 0.32033217 2.34022474
v 0.150723428 0.356728673 2.34022474
v 0.13357918 0.315338671 2.46941614
v 0.193927228 0.283082128 2.46941614
v 0.386292547 0.0696874931 2.34022474
v 0.36387971 0.143573061 2.34022474
v 0.322489709 0.126428723 2.46941614
v 0.342353165 0.0609473698 2.46941614
v 0.327483356 -0.225968346 2.34022474
v 0.363879919 -0.157874987 2.34022474
v 0.322489887 -0.140730709 2.46941614
v 0.290233314 -0.201078683 2.46941614
v 0.0768385753 -0.393444061 2.34022474
v 0.150724113 -0.371031135 2.34022474
v 0.133579791 -0.329641104 2.46941614
v 0.0680984706 -0.34950462 2.46941614
v -0.218817249 -0.334634602 2.34022474
v -0.150723919 -0.371031135 2.34022474
v -0.133579627 -0.329641104 2.46941614
v -0.193927586 -0.29738456 2.46941614
v -0.386292756 -0.0839896798 2.34022474
v -0.3638798 -0.15787518 2.34022474
v -0.322489798 -0.140730873 2.46941614
v -0.342353404 -0.0752495825 2.46941614
v -0.327483177 0.211666003 2.34022474
v -0.3638798 0.143572643 2.34022474
v -0.322489798 0.126428366 2.46941614
v -0.290233165 0.18677634 2.46941614
v -0.0768384114 0.37914139 2.34022474
v -0.150723994 0.356728494 2.34022474
v -0.133579701 0.315338522 2.46941614
v -0.0680983216 0.335202008 2.46941614
v -0.133579627 -0.329641104 2.46941614
v -0.0680982396 -0.34950462 2.46941614
v -0.0576140173 -0.296796769 2.54105902
v -0.11301405 -0.279991359 2.54105902
v -0.322489798 -0.140730873 2.46941614
v -0.290233165 -0.201078817 2.46941614
v -0.245549619 -0.171222225 2.54105902
v -0.272840112 -0.120165281 2.54105902
v -0.322489798 0.126428366 2.46941614
v -0.342353314 0.0609470271 2.46941614
v -0.289645493 0.0504627936 2.54105902
v -0.272840112 0.105862781 2.54105902
v -0.133579701 0.315338522 2.46941614
v -0.193927631 0.28308183 2.46941614
v -0.164071009 0.238398299 2.54105902
v -0.113014109 0.265688807 2.54105902
v 0.13357918 0.315338671 2.46941614
v 0.0680977926 0.335202128 2.46941614
v 0.0576136224 0.282494277 2.54105902
v 0.113013662 0.265688926 2.54105902
v 0.322489709 0.126428723 2.46941614
v 0.290232927 0.186776683 2.46941614
v 0.245549366 0.156920031 2.54105902
v 0.272839993 0.105863094 2.54105902
v 0.322489887 -0.140730709 2.46941614
v 0.342353404 -0.0752493367 2.46941614
v 0.289645523 -0.0647651181 2.54105902
v 0.272840142 -0.120165147 2.54105902
v 0.133579791 -0.329641104 2.46941614
v 0.19392778 -0.297384411 2.46941614
v 0.164071143 -0.252700806 2.54105902
v 0.113014184 -0.279991359 2.54105902
v -0.193927631 0.28308183 2.46941614
v -0.246823043 0.239671692 2.46941614
v -0.208822802 0.201671466 2.54105902
v -0.164071009 0.238398299 2.54105902
v -0.0680982396 -0.34950462 2.46941614
v 1.04887931e-07 -0.356211752 2.46941614
v 8.09954201e-08 -0.30247128 2.54105902
v -0.0576140173 -0.296796769 2.54105902
v -0.290233165 -0.201078817 2.46941614
v -0.246823043 -0.253974348 2.46941614
v -0.208822802 -0.215974063 2.54105902
v -0.245549619 -0.171222225 2.54105902
v -0.342353314 0.0609470271 2.46941614
v -0.349060476 -0.00715128705 2.46941614
v -0.295320034 -0.00715127308 2.54105902
v -0.289645493 0.0504627936 2.54105902
v 0.0680977926 0.335202128 2.46941614
v -8.85039597e-09 0.34190923 2.46941614
v -1.52320307e-08 0.288168758 2.54105902
v 0.0576136224 0.282494277 2.54105902
v 0.290232927 0.186776683 2.46941614
v 0.246822655 0.23967205 2.46941614
v 0.208822444 0.201671764 2.54105902
v 0.245549366 0.156920031 2.54105902
v 0.342353404 -0.0752493367 2.46941614
v 0.349060506 -0.00715097552 2.46941614
v 0.295320004 -0.00715100905 2.54105902
v 0.289645523 -0.0647651181 2.54105902
v 0.19392778 -0.297384411 2.46941614
v 0.246823177 -0.253974169 2.46941614
v 0.208822876 -0.215973914 2.54105902
v 0.164071143 -0.252700806 2.54105902
v 1.04887931e-07 -0.356211752 2.46941614
v 0.0680984706 -0.34950462 2.46941614
v 0.0576141924 -0.296796769 2.54105902
v 8.09954201e-08 -0.30247128 2.54105902
v -0.349060476 -0.00715128705 2.46941614
v -0.342353404 -0.0752495825 2.46941614
v -0.289645553 -0.0647653267 2.54105902
v -0.295320034 -0.00715127308 2.54105902
v -0.246823043 0.239671692 2.46941614
v -0.290233165 0.18677634 2.46941614
v -0.245549619 0.156919733 2.54105902
v -0.208822802 0.201671466 2.54105902
v -8.85039597e-09 0.34190923 2.46941614
v -0.0680983216 0.335202008 2.46941614
v -0.0576140843 0.282494187 2.54105902
v -1.52320307e-08 0.288168758 2.54105902
v -0.246823043 -0.253974348 2.46941614
v -0.193927586 -0.29738456 2.46941614
v -0.164070979 -0.252700925 2.54105902
v -0.208822802 -0.215974063 2.54105902
v 0.246822655 0.23967205 2.46941614
v 0.193927228 0.283082128 2.46941614
v 0.164070681 0.238398552 2.54105902
v 0.208822444 0.201671764 2.54105902
v 0.349060506 -0.00715097552 2.46941614
v 0.342353165 0.0609473698 2.46941614
v 0.289645314 0.0504630841 2.54105902
v 0.295320004 -0.00715100905 2.54105902
v 0.246823177 -0.253974169 2.46941614
v 0.290233314 -0.201078683 2.46941614
v 0.245549709 -0.171222106 2.54105902
v 0.208822876 -0.215973914 2.54105902
v 0.193927228 0.283082128 2.46941614
v 0.13357918 0.315338671 2.46941614
v 0.113013662 0.265688926 2.54105902
v 0.164070681 0.238398552 2.54105902
v 0.342353165 0.0609473698 2.46941614
v 0.322489709 0.126428723 2.46941614
v 0.272839993 0.105863094 2.54105902
v 0.289645314 0.0504630841 2.54105902
v 0.290233314 -0.201078683 2.46941614
v 0.322489887 -0.140730709 2.46941614
v 0.272840142 -0.120165147 2.54105902
v 0.245549709 -0.171222106 2.54105902
v 0.0680984706 -0.34950462 2.46941614
v 0.133579791 -0.329641104 2.46941614
v 0.113014184 -0.279991359 2.54105902
v 0.0576141924 -0.296796769 2.54105902
v -0.193927586 -0.29738456 2.46941614
v -0.133579627 -0.329641104 2.46941614
v -0.11301405 -0.279991359 2.54105902
v -0.164070979 -0.252700925 2.54105902
v -0.342353404 -0.0752495825 2.46941614
v -0.322489798 -0.140730873 2.46941614
v -0.272840112 -0.120165281 2.54105902
v -0.289645553 -0.0647653267 2.54105902
v -0.290233165 0.18677634 2.46941614
v -0.322489798 0.126428366 2.46941614
v -0.272840112 0.105862781 2.54105902
v -0.245549619 0.156919733 2.54105902
v -0.0680983216 0.335202008 2.46941614
v -0.133579701 0.315338522 2.46941614
v -0.113014109 0.265688807 2.54105902
v -0.0576140843 0.282494187 2.54105902
v 0.113013662 0.265688926 2.54105902
v 0.0576136224 0.282494277 2.54105902
v 0.0464973971 0.226608872 2.59978223
v 0.0912083238 0.213046029 2.59978223
v 0.272839993 0.105863094 2.54105902
v 0.245549366 0.156920031 2.54105902
v 0.198172033 0.125263423 2.59978223
v 0.220197082 0.084057644 2.59978223
v 0.272840142 -0.120165147 2.54105902
v 0.289645523 -0.0647651181 2.54105902
v 0.233760059 -0.0536488481 2.59978223
v 0.220197201 -0.0983597562 2.59978223
v 0.113014184 -0.279991359 2.54105902
v 0.164071143 -0.252700806 2.54105902
v 0.13241455 -0.205323443 2.59978223
v 0.0912087485 -0.227348432 2.59978223
v -0.272840112 -0.120165281 2.54105902
v -0.245549619 -0.171222225 2.54105902
v -0.198172241 -0.139565662 2.59978223
v -0.220197216 -0.0983598679 2.59978223
v -0.272840112 0.105862781 2.54105902
v -0.289645493 0.0504627936 2.54105902
v -0.233760074 0.0393465124 2.59978223
v -0.220197216 0.0840573832 2.59978223
v -0.113014109 0.265688807 2.54105902
v -0.164071009 0.238398299 2.54105902
v -0.13241446 0.191020936 2.59978223
v -0.0912087038 0.213045925 2.59978223
v -0.11301405 -0.279991359 2.54105902
v -0.0576140173 -0.296796769 2.54105902
v -0.0464977287 -0.240911305 2.59978223
v -0.0912086517 -0.227348432 2.59978223
v 0.0576136224 0.282494277 2.54105902
v -1.52320307e-08 0.288168758 2.54105902
v -1.9884661e-08 0.231188476 2.59978223
v 0.0464973971 0.226608872 2.59978223
v 0.245549366 0.156920031 2.54105902
v 0.208822444 0.201671764 2.54105902
v 0.168531343 0.161380559 2.59978223
v 0.198172033 0.125263423 2.59978223
v 0.289645523 -0.0647651181 2.54105902
v 0.295320004 -0.00715100905 2.54105902
v 0.238339692 -0.00715104584 2.59978223
v 0.233760059 -0.0536488481 2.59978223
v 0.164071143 -0.252700806 2.54105902
v 0.208822876 -0.215973914 2.54105902
v 0.168531701 -0.175682768 2.59978223
v 0.13241455 -0.205323443 2.59978223
v -0.0576140173 -0.296796769 2.54105902
v 8.09954201e-08 -0.30247128 2.54105902
v 5.77762691e-08 -0.245490968 2.59978223
v -0.0464977287 -0.240911305 2.59978223
v -0.245549619 -0.171222225 2.54105902
v -0.208822802 -0.215974063 2.54105902
v -0.168531656 -0.175682902 2.59978223
v -0.198172241 -0.139565662 2.59978223
v -0.289645493 0.0504627936 2.54105902
v -0.295320034 -0.00715127308 2.54105902
v -0.238339767 -0.00715125958 2.59978223
v -0.233760074 0.0393465124 2.59978223
v -0.164071009 0.238398299 2.54105902
v -0.208822802 0.201671466 2.54105902
v -0.168531656 0.161380336 2.59978223
v -0.13241446 0.191020936 2.59978223
v 0.208822444 0.201671764 2.54105902
v 0.164070681 0.238398552 2.54105902
v 0.132414177 0.191021159 2.59978223
v 0.168531343 0.161380559 2.59978223
v 0.295320004 -0.00715100905 2.54105902
v 0.289645314 0.0504630841 2.54105902
v 0.23375991 0.0393467434 2.59978223
v 0.238339692 -0.00715104584 2.59978223
v 0.208822876 -0.215973914 2.54105902
v 0.245549709 -0.171222106 2.54105902
v 0.198172286 -0.139565557 2.59978223
v 0.168531701 -0.175682768 2.59978223
v 8.09954201e-08 -0.30247128 2.54105902
v 0.0576141924 -0.296796769 2.54105902
v 0.0464978628 -0.240911305 2.59978223
v 5.77762691e-08 -0.245490968 2.59978223
v -1.52320307e-08 0.288168758 2.54105902
v -0.0576140843 0.282494187 2.54105902
v -0.0464977883 0.226608783 2.59978223
v -1.9884661e-08 0.231188476 2.59978223
v -0.208822802 -0.215974063 2.54105902
v -0.164070979 -0.252700925 2.54105902
v -0.132414445 -0.205323517 2.59978223
v -0.168531656 -0.175682902 2.59978223
v -0.295320034 -0.00715127308 2.54105902
v -0.289645553 -0.0647653267 2.54105902
v -0.233760133 -0.0536490157 2.59978223
v -0.238339767 -0.00715125958 2.59978223
v -0.208822802 0.201671466 2.54105902
v -0.245549619 0.156919733 2.54105902
v -0.198172241 0.125263199 2.59978223
v -0.168531656 0.161380336 2.59978223
v 0.164070681 0.238398552 2.54105902
v 0.113013662 0.265688926 2.54105902
v 0.0912083238 0.213046029 2.59978223
v 0.132414177 0.191021159 2.59978223
v 0.289645314 0.0504630841 2.54105902
v 0.272839993 0.105863094 2.54105902
v 0.220197082 0.084057644 2.59978223
v 0.23375991 0.0393467434 2.59978223
v 0.245549709 -0.171222106 2.54105902
v 0.272840142 -0.120165147 2.54105902
v 0.220197201 -0.0983597562 2.59978223
v 0.198172286 -0.139565557 2.59978223
v 0.0576141924 -0.296796769 2.54105902
v 0.113014184 -0.279991359 2.54105902
v 0.0912087485 -0.227348432 2.59978223
v 0.0464978628 -0.240911305 2.59978223
v -0.245549619 0.156919733 2.54105902
v -0.272840112 0.105862781 2.54105902
v -0.220197216 0.0840573832 2.59978223
v -0.198172241 0.125263199 2.59978223
v -0.0576140843 0.282494187 2.54105902
v -0.113014109 0.265688807 2.54105902
v -0.0912087038 0.213045925 2.59978223
v -0.0464977883 0.226608783 2.59978223
v -0.164070979 -0.252700925 2.54105902
v -0.11301405 -0.279991359 2.54105902
v -0.0912086517 -0.227348432 2.59978223
v -0.132414445 -0.205323517 2.59978223
v -0.289645553 -0.0647653267 2.54105902
v -0.272840112 -0.120165281 2.54105902
v -0.220197216 -0.0983598679 2.59978223
v -0.233760133 -0.0536490157 2.59978223
v 0.0912083238 0.213046029 2.59978223
v 0.0464973971 0.226608872 2.59978223
v 0.0346085839 0.166839331 2.63736558
v 0.067887485 0.156744331 2.63736558
v 0.220197082 0.084057644 2.59978223
v 0.198172033 0.125263423 2.59978223
v 0.147501901 0.0914066583 2.63736558
v 0.163895413 0.0607366748 2.63736558
v 0.220197201 -0.0983597562 2.59978223
v 0.233760059 -0.0536488481 2.59978223
v 0.173990503 -0.041759979 2.63736558
v 0.163895503 -0.0750388652 2.63736558
v 0.0912087485 -0.227348432 2.59978223
v 0.13241455 -0.205323443 2.59978223
v 0.0985578075 -0.154653281 2.63736558
v 0.067887798 -0.171046749 2.63736558
v -0.220197216 0.0840573832 2.59978223
v -0.233760074 0.0393465124 2.59978223
v -0.173990533 0.0274576284 2.63736558
v -0.163895532 0.0607364811 2.63736558
v -0.0912087038 0.213045925 2.59978223
v -0.13241446 0.191020936 2.59978223
v -0.0985577404 0.140350789 2.63736558
v -0.0678877831 0.156744257 2.63736558
v -0.0912086517 -0.227348432 2.59978223
v -0.0464977287 -0.240911305 2.59978223
v -0.0346088484 -0.181141749 2.63736558
v -0.0678877458 -0.171046749 2.63736558
v -0.220197216 -0.0983598679 2.59978223
v -0.198172241 -0.139565662 2.59978223
v -0.14750208 -0.105708934 2.63736558
v -0.163895532 -0.0750389397 2.63736558
v 0.0464973971 0.226608872 2.59978223
v -1.9884661e-08 0.231188476 2.59978223
v -2.438723e-08 0.170248002 2.63736558
v 0.0346085839 0.166839331 2.63736558
v 0.198172033 0.125263423 2.59978223
v 0.168531343 0.161380559 2.59978223
v 0.125439972 0.118289091 2.63736558
v 0.147501901 0.0914066583 2.63736558
v 0.233760059 -0.0536488481 2.59978223
v 0.238339692 -0.00715104584 2.59978223
v 0.177399203 -0.00715108309 2.63736558
v 0.173990503 -0.041759979 2.63736558
v 0.13241455 -0.205323443 2.59978223
v 0.168531701 -0.175682768 2.59978223
v 0.12544024 -0.132591352 2.63736558
v 0.0985578075 -0.154653281 2.63736558
v -0.198172241 -0.139565662 2.59978223
v -0.168531656 -0.175682902 2.59978223
v -0.125440225 -0.132591456 2.63736558
v -0.14750208 -0.105708934 2.63736558
v -0.233760074 0.0393465124 2.59978223
v -0.238339767 -0.00715125958 2.59978223
v -0.177399263 -0.00715124235 2.63736558
v -0.173990533 0.0274576284 2.63736558
v -0.13241446 0.191020936 2.59978223
v -0.168531656 0.161380336 2.59978223
v -0.125440225 0.118288912 2.63736558
v -0.0985577404 0.140350789 2.63736558
v -0.0464977287 -0.240911305 2.59978223
v 5.77762691e-08 -0.245490968 2.59978223
v 3.34167609e-08 -0.184550449 2.63736558
v -0.0346088484 -0.181141749 2.63736558
v 0.168531343 0.161380559 2.59978223
v 0.132414177 0.191021159 2.59978223
v 0.0985575169 0.140350953 2.63736558
v 0.125439972 0.118289091 2.63736558
v 0.238339692 -0.00715104584 2.59978223
v 0.23375991 0.0393467434 2.59978223
v 0.173990399 0.0274577998 2.63736558
v 0.177399203 -0.00715108309 2.63736558
v 0.168531701 -0.175682768 2.59978223
v 0.198172286 -0.139565557 2.59978223
v 0.147502095 -0.105708852 2.63736558
v 0.12544024 -0.132591352 2.63736558
v 5.77762691e-08 -0.245490968 2.59978223
v 0.0464978628 -0.240911305 2.59978223
v 0.0346089303 -0.181141749 2.63736558
v 3.34167609e-08 -0.184550449 2.63736558
v -0.168531656 -0.175682902 2.59978223
v -0.132414445 -0.205323517 2.59978223
v -0.098557733 -0.154653341 2.63736558
v -0.125440225 -0.132591456 2.63736558
v -0.238339767 -0.00715125958 2.59978223
v -0.233760133 -0.0536490157 2.59978223
v -0.173990592 -0.0417601019 2.63736558
v -0.177399263 -0.00715124235 2.63736558
v -0.168531656 0.161380336 2.59978223
v -0.198172241 0.125263199 2.59978223
v -0.14750208 0.0914064944 2.63736558
v -0.125440225 0.118288912 2.63736558
v -1.9884661e-08 0.231188476 2.59978223
v -0.0464977883 0.226608783 2.59978223
v -0.0346088931 0.166839272 2.63736558
v -2.438723e-08 0.170248002 2.63736558
v 0.132414177 0.191021159 2.59978223
v 0.0912083238 0.213046029 2.59978223
v 0.067887485 0.156744331 2.63736558
v 0.0985575169 0.140350953 2.63736558
v 0.23375991 0.0393467434 2.59978223
v 0.220197082 0.084057644 2.59978223
v 0.163895413 0.0607366748 2.63736558
v 0.173990399 0.0274577998 2.63736558
v 0.198172286 -0.139565557 2.59978223
v 0.220197201 -0.0983597562 2.59978223
v 0.163895503 -0.0750388652 2.63736558
v 0.147502095 -0.105708852 2.63736558
v 0.0464978628 -0.240911305 2.59978223
v 0.0912087485 -0.227348432 2.59978223
v 0.067887798 -0.171046749 2.63736558
v 0.0346089303 -0.181141749 2.63736558
v -0.0464977883 0.226608783 2.59978223
v -0.0912087038 0.213045925 2.59978223
v -0.0678877831 0.156744257 2.63736558
v -0.0346088931 0.166839272 2.63736558
v -0.132414445 -0.205323517 2.59978223
v -0.0912086517 -0.227348432 2.59978223
v -0.0678877458 -0.171046749 2.63736558
v -0.098557733 -0.154653341 2.63736558
v -0.233760133 -0.0536490157 2.59978223
v -0.220197216 -0.0983598679 2.59978223
v -0.163895532 -0.0750389397 2.63736558
v -0.173990592 -0.0417601019 2.63736558
v -0.198172241 0.125263199 2.59978223
v -0.220197216 0.0840573832 2.59978223
v -0.163895532 0.0607364811 2.63736558
v -0.14750208 0.0914064944 2.63736558
v 0.067887485 0.156744331 2.63736558
v 0.0346085839 0.166839331 2.63736558
v 0.0235622004 0.111305006 2.66790223
v 0.0462191366 0.104432136 2.66790223
v 0.163895413 0.0607366748 2.63736558
v 0.147501901 0.0914066583 2.63736558
v 0.100422211 0.0599489398 2.66790223
v 0.111583248 0.0390682146 2.66790223
v 0.163895503 -0.0750388652 2.63736558
v 0.173990503 -0.041759979 2.63736558
v 0.118456192 -0.0307135396 2.66790223
v 0.111583307 -0.0533704758 2.66790223
v 0.067887798 -0.171046749 2.63736558
v 0.0985578075 -0.154653281 2.63736558
v 0.0671001077 -0.107573539 2.66790223
v 0.0462193526 -0.118734539 2.66790223
v -0.0678877831 0.156744257 2.63736558
v -0.0985577404 0.140350789 2.63736558
v -0.0671000779 0.0932710767 2.66790223
v -0.0462193638 0.104432084 2.66790223
v -0.0678877458 -0.171046749 2.63736558
v -0.0346088484 -0.181141749 2.63736558
v -0.0235624034 -0.125607431 2.66790223
v -0.0462193377 -0.118734539 2.66790223
v -0.163895532 -0.0750389397 2.63736558
v -0.14750208 -0.105708934 2.63736558
v -0.100422345 -0.0742512569 2.66790223
v -0.111583345 -0.0533705242 2.66790223
v -0.163895532 0.0607364811 2.63736558
v -0.173990533 0.0274576284 2.63736558
v -0.11845623 0.0164111778 2.66790223
v -0.111583345 0.0390680842 2.66790223
v 0.0346085839 0.166839331 2.63736558
v -2.438723e-08 0.170248002 2.63736558
v -2.77827752e-08 0.113625698 2.66790223
v 0.0235622004 0.111305006 2.66790223
v 0.147501901 0.0914066583 2.63736558
v 0.125439972 0.118289091 2.63736558
v 0.0854020193 0.0782510415 2.66790223
v 0.100422211 0.0599489398 2.66790223
v 0.173990503 -0.041759979 2.63736558
v 0.177399203 -0.00715108309 2.63736558
v 0.120776892 -0.00715111895 2.66790223
v 0.118456192 -0.0307135396 2.66790223
v 0.0985578075 -0.154653281 2.63736558
v 0.12544024 -0.132591352 2.63736558
v 0.0854021981 -0.0925533473 2.66790223
v 0.0671001077 -0.107573539 2.66790223
v -0.173990533 0.0274576284 2.63736558
v -0.177399263 -0.00715124235 2.63736558
v -0.120776951 -0.00715122744 2.66790223
v -0.11845623 0.0164111778 2.66790223
v -0.0985577404 0.140350789 2.63736558
v -0.125440225 0.118288912 2.63736558
v -0.0854022056 0.0782509223 2.66790223
v -0.0671000779 0.0932710767 2.66790223
v -0.0346088484 -0.181141749 2.63736558
v 3.34167609e-08 -0.184550449 2.63736558
v 1.15713341e-08 -0.127928138 2.66790223
v -0.0235624034 -0.125607431 2.66790223
v -0.14750208 -0.105708934 2.63736558
v -0.125440225 -0.132591456 2.63736558
v -0.0854022056 -0.0925534144 2.66790223
v -0.100422345 -0.0742512569 2.66790223
v 0.125439972 0.118289091 2.63736558
v 0.0985575169 0.140350953 2.63736558
v 0.0670999065 0.0932711959 2.66790223
v 0.0854020193 0.0782510415 2.66790223
v 0.177399203 -0.00715108309 2.63736558
v 0.173990399 0.0274577998 2.63736558
v 0.118456103 0.016411297 2.66790223
v 0.120776892 -0.00715111895 2.66790223
v 0.12544024 -0.132591352 2.63736558
v 0.147502095 -0.105708852 2.63736558
v 0.100422353 -0.0742512122 2.66790223
v 0.0854021981 -0.0925533473 2.66790223
v 3.34167609e-08 -0.184550449 2.63736558
v 0.0346089303 -0.181141749 2.63736558
v 0.0235624351 -0.125607431 2.66790223
v 1.15713341e-08 -0.127928138 2.66790223
v -0.125440225 -0.132591456 2.63736558
v -0.098557733 -0.154653341 2.63736558
v -0.067100063 -0.107573584 2.66790223
v -0.0854022056 -0.0925534144 2.66790223
v -0.177399263 -0.00715124235 2.63736558
v -0.173990592 -0.0417601019 2.63736558
v -0.118456267 -0.0307136253 2.66790223
v -0.120776951 -0.00715122744 2.66790223
v -0.125440225 0.118288912 2.63736558
v -0.14750208 0.0914064944 2.63736558
v -0.100422345 0.0599488355 2.66790223
v -0.0854022056 0.0782509223 2.66790223
v -2.438723e-08 0.170248002 2.63736558
v -0.0346088931 0.166839272 2.63736558
v -0.0235624332 0.111304969 2.66790223
v -2.77827752e-08 0.113625698 2.66790223
v 0.0985575169 0.140350953 2.63736558
v 0.067887485 0.156744331 2.63736558
v 0.0462191366 0.104432136 2.66790223
v 0.0670999065 0.0932711959 2.66790223
v 0.173990399 0.0274577998 2.63736558
v 0.163895413 0.0607366748 2.63736558
v 0.111583248 0.0390682146 2.66790223
v 0.118456103 0.016411297 2.66790223
v 0.147502095 -0.105708852 2.63736558
v 0.163895503 -0.0750388652 2.63736558
v 0.111583307 -0.0533704758 2.66790223
v 0.100422353 -0.0742512122 2.66790223
v 0.0346089303 -0.181141749 2.63736558
v 0.067887798 -0.171046749 2.63736558
v 0.0462193526 -0.118734539 2.66790223
v 0.0235624351 -0.125607431 2.66790223
v -0.098557733 -0.154653341 2.63736558
v -0.0678877458 -0.171046749 2.63736558
v -0.0462193377 -0.118734539 2.66790223
v -0.067100063 -0.107573584 2.66790223
v -0.173990592 -0.0417601019 2.63736558
v -0.163895532 -0.0750389397 2.63736558
v -0.111583345 -0.0533705242 2.66790223
v -0.118456267 -0.0307136253 2.66790223
v -0.14750208 0.0914064944 2.63736558
v -0.163895532 0.0607364811 2.63736558
v -0.111583345 0.0390680842 2.66790223
v -0.100422345 0.0599488355 2.66790223
v -0.0346088931 0.166839272 2.63736558
v -0.0678877831 0.156744257 2.63736558
v -0.0462193638 0.104432084 2.66790223
v -0.0235624332 0.111304969 2.66790223
v 0.0462191366 0.104432136 2.66790223
v 0.0235622004 0.111305006 2.66790223
v 0.00836537033 0.034904886 2.6913898
v 0.0164093692 0.0324647687 2.6913898
v 0.111583248 0.0390682146 2.66790223
v 0.100422211 0.0599489398 2.66790223
v 0.035653349 0.0166716911 2.6913898
v 0.0396159068 0.00925830845 2.6913898
v 0.111583307 -0.0533704758 2.66790223
v 0.118456192 -0.0307135396 2.66790223
v 0.0420560464 -0.0155166453 2.6913898
v 0.0396159254 -0.0235606432 2.6913898
v 0.0462193526 -0.118734539 2.66790223
v 0.0671001077 -0.107573539 2.66790223
v 0.0238228403 -0.0428046212 2.6913898
v 0.0164094456 -0.0467671603 2.6913898
v -0.0462193377 -0.118734539 2.66790223
v -0.0235624034 -0.125607431 2.66790223
v -0.00836550351 -0.0492072776 2.6913898
v -0.0164095033 -0.0467671603 2.6913898
v -0.111583345 -0.0533705242 2.66790223
v -0.100422345 -0.0742512569 2.66790223
v -0.0356534608 -0.0309740491 2.6913898
v -0.0396159999 -0.0235606655 2.6913898
v -0.111583345 0.0390680842 2.66790223
v -0.11845623 0.0164111778 2.66790223
v -0.042056106 0.00121427048 2.6913898
v -0.0396159999 0.00925826188 2.6913898
v -0.0462193638 0.104432084 2.66790223
v -0.0671000779 0.0932710767 2.66790223
v -0.0238228906 0.028502211 2.6913898
v -0.0164095126 0.0324647538 2.6913898
v 0.0235622004 0.111305006 2.66790223
v -2.77827752e-08 0.113625698 2.66790223
v -3.99676203e-08 0.0357288085 2.6913898
v 0.00836537033 0.034904886 2.6913898
v 0.100422211 0.0599489398 2.66790223
v 0.0854020193 0.0782510415 2.66790223
v 0.0303206611 0.0231695771 2.6913898
v 0.035653349 0.0166716911 2.6913898
v 0.118456192 -0.0307135396 2.66790223
v 0.120776892 -0.00715111895 2.66790223
v 0.0428799726 -0.00715116458 2.6913898
v 0.0420560464 -0.0155166453 2.6913898
v 0.0671001077 -0.107573539 2.66790223
v 0.0854021981 -0.0925533473 2.66790223
v 0.0303207207 -0.0374719314 2.6913898
v 0.0238228403 -0.0428046212 2.6913898
v -0.0671000779 0.0932710767 2.66790223
v -0.0854022056 0.0782509223 2.66790223
v -0.0303207859 0.0231695324 2.6913898
v -0.0238228906 0.028502211 2.6913898
v -0.0235624034 -0.125607431 2.66790223
v 1.15713341e-08 -0.127928138 2.66790223
v -2.59955435e-08 -0.0500312075 2.6913898
v -0.00836550351 -0.0492072776 2.6913898
v -0.100422345 -0.0742512569 2.66790223
v -0.0854022056 -0.0925534144 2.66790223
v -0.0303207859 -0.0374719501 2.6913898
v -0.0356534608 -0.0309740491 2.6913898
v -0.11845623 0.0164111778 2.66790223
v -0.120776951 -0.00715122744 2.66790223
v -0.0428800471 -0.00715120323 2.6913898
v -0.042056106 0.00121427048 2.6913898
v 0.0854020193 0.0782510415 2.66790223
v 0.0670999065 0.0932711959 2.66790223
v 0.0238227658 0.0285022482 2.6913898
v 0.0303206611 0.0231695771 2.6913898
v 0.120776892 -0.00715111895 2.66790223
v 0.118456103 0.016411297 2.66790223
v 0.0420560129 0.00121431239 2.6913898
v 0.0428799726 -0.00715116458 2.6913898
v 0.0854021981 -0.0925533473 2.66790223
v 0.100422353 -0.0742512122 2.66790223
v 0.0356534012 -0.0309740342 2.6913898
v 0.0303207207 -0.0374719314 2.6913898
v 1.15713341e-08 -0.127928138 2.66790223
v 0.0235624351 -0.125607431 2.66790223
v 0.00836545322 -0.0492072776 2.6913898
v -2.59955435e-08 -0.0500312075 2.6913898
v -0.120776951 -0.00715122744 2.66790223
v -0.118456267 -0.0307136253 2.66790223
v -0.0420561209 -0.0155166741 2.6913898
v -0.0428800471 -0.00715120323 2.6913898
v -0.0854022056 0.0782509223 2.66790223
v -0.100422345 0.0599488355 2.66790223
v -0.0356534608 0.0166716501 2.6913898
v -0.0303207859 0.0231695324 2.6913898
v -2.77827752e-08 0.113625698 2.66790223
v -0.0235624332 0.111304969 2.66790223
v -0.00836551469 0.0349048711 2.6913898
v -3.99676203e-08 0.0357288085 2.6913898
v -0.0854022056 -0.0925534144 2.66790223
v -0.067100063 -0.107573584 2.66790223
v -0.0238228906 -0.0428046323 2.6913898
v -0.0303207859 -0.0374719501 2.6913898
v 0.0670999065 0.0932711959 2.66790223
v 0.0462191366 0.104432136 2.66790223
v 0.0164093692 0.0324647687 2.6913898
v 0.0238227658 0.0285022482 2.6913898
v 0.118456103 0.016411297 2.66790223
v 0.111583248 0.0390682146 2.66790223
v 0.0396159068 0.00925830845 2.6913898
v 0.0420560129 0.00121431239 2.6913898
v 0.100422353 -0.0742512122 2.66790223
v 0.111583307 -0.0533704758 2.66790223
v 0.0396159254 -0.0235606432 2.6913898
v 0.0356534012 -0.0309740342 2.6913898
v 0.0235624351 -0.125607431 2.66790223
v 0.0462193526 -0.118734539 2.66790223
v 0.0164094456 -0.0467671603 2.6913898
v 0.00836545322 -0.0492072776 2.6913898
v -0.067100063 -0.107573584 2.66790223
v -0.0462193377 -0.118734539 2.66790223
v -0.0164095033 -0.0467671603 2.6913898
v -0.0238228906 -0.0428046323 2.6913898
v -0.118456267 -0.0307136253 2.66790223
v -0.111583345 -0.0533705242 2.66790223
v -0.0396159999 -0.0235606655 2.6913898
v -0.0420561209 -0.0155166741 2.6913898
v -0.100422345 0.0599488355 2.66790223
v -0.111583345 0.0390680842 2.66790223
v -0.0396159999 0.00925826188 2.6913898
v -0.0356534608 0.0166716501 2.6913898
v -0.0235624332 0.111304969 2.66790223
v -0.0462193638 0.104432084 2.66790223
v -0.0164095126 0.0324647538 2.6913898
v -0.00836551469 0.0349048711 2.6913898
v -0.00836551469 0.0349048711 2.6913898
v -0.0164095126 0.0324647538 2.6913898
v -0.0238228906 0.028502211 2.6913898
v -0.0303207859 0.0231695324 2.6913898
v -0.0356534608 0.0166716501 2.6913898
v -0.0396159999 0.00925826188 2.6913898
v -0.042056106 0.00121427048 2.6913898
v -0.0428800471 -0.00715120323 2.6913898
v -0.0420561209 -0.0155166741 2.6913898
v -0.0396159999 -0.0235606655 2.6913898
v -0.0356534608 -0.0309740491 2.6913898
v -0.0303207859 -0.0374719501 2.6913898
v -0.0238228906 -0.0428046323 2.6913898
v -0.0164095033 -0.0467671603 2.6913898
v -0.00836550351 -0.0492072776 2.6913898
v -2.59955435e-08 -0.0500312075 2.6913898
v 0.00836545322 -0.0492072776 2.6913898
v 0.0164094456 -0.0467671603 2.6913898
v 0.0238228403 -0.0428046212 2.6913898
v 0.0303207207 -0.0374719314 2.6913898
v 0.0356534012 -0.0309740342 2.6913898
v 0.0396159254 -0.0235606432 2.6913898
v 0.0420560464 -0.0155166453 2.6913898
v 0.0428799726 -0.00715116458 2.6913898
v 0.0420560129 0.00121431239 2.6913898
v 0.0396159068 0.00925830845 2.6913898
v 0.035653349 0.0166716911 2.6913898
v 0.0303206611 0.0231695771 2.6913898
v 0.0238227658 0.0285022482 2.6913898
v 0.0164093692 0.0324647687 2.6913898
v 0.00836537033 0.034904886 2.6913898
v -3.99676203e-08 0.0357288085 2.6913898
v -0.0646434873 0.317833453 -2.70915508
v 0 0.324200302 -2.70915508
v 0.0646429956 0.317833543 -2.70915508
v 0.126802325 0.298977852 -2.70915508
v 0.184088707 0.268357724 -2.70915508
v 0.234300658 0.227149963 -2.70915508
v 0.275508583 0.176938131 -2.70915508
v 0.30612883 0.119651809 -2.70915508
v 0.324984729 0.0574925281 -2.70915508
v 0.331351608 -0.00715098856 -2.70915508
v 0.324984848 -0.0717945099 -2.70915508
v 0.306129098 -0.133953825 -2.70915508
v 0.27550894 -0.191240191 -2.70915508
v 0.23430112 -0.241452128 -2.70915508
v 0.184089243 -0.282660007 -2.70915508
v 0.126802906 -0.313280225 -2.70915508
v 0.0646436289 -0.332136035 -2.70915508
v 1.07968063e-07 -0.338502914 -2.70915508
v -0.0646434128 -0.332136095 -2.70915508
v -0.126802728 -0.313280314 -2.70915508
v -0.184089079 -0.282660127 -2.70915508
v -0.234300971 -0.241452262 -2.70915508
v -0.275508791 -0.19124037 -2.70915508
v -0.306128979 -0.133954033 -2.70915508
v -0.324984789 -0.0717947558 -2.70915508
v -0.331351608 -0.00715128286 -2.70915508
v -0.324984759 0.0574921928 -2.70915508
v -0.306128949 0.119651452 -2.70915508
v -0.275508791 0.176937774 -2.70915508
v -0.234300971 0.227149665 -2.70915508
v -0.184089094 0.268357486 -2.70915508
v -0.126802787 0.298977643 -2.70915508
v 0.205958605 0.19880791 0.769960344
v 0.161820546 0.235031024 0.769960344
v 0.156078652 0.226437658 0.916768968
v 0.198650554 0.191499829 0.916768968
v 0.291269898 -0.00715101324 0.769960344
v 0.285673052 0.0496729426 0.769960344
v 0.275536507 0.0476566479 0.916768968
v 0.280934751 -0.00715102023 0.916768968
v 0.205959022 -0.213110045 0.769960344
v 0.24218215 -0.168972 0.769960344
v 0.233588785 -0.163230091 0.916768968
v 0.198650971 -0.205801994 0.916768968
v 8.24314839e-08 -0.298421144 0.769960344
v 0.0568240508 -0.292824477 0.769960344
v 0.0548077598 -0.282687932 0.916768968
v 7.78531373e-08 -0.288085997 0.916768968
v -0.291269869 -0.00715127308 0.769960344
v -0.285673201 -0.0639751852 0.769960344
v -0.275536656 -0.0619589016 0.916768968
v -0.280934721 -0.00715127075 0.916768968
v -0.205958918 0.198807612 0.769960344
v -0.242182061 0.154669613 0.769960344
v -0.233588696 0.148927718 0.916768968
v -0.198650867 0.191499561 0.916768968
v -1.24762725e-08 0.284118593 0.769960344
v -0.0568239428 0.278521866 0.769960344
v -0.0548076555 0.268385321 0.916768968
v -1.36870106e-08 0.273783445 0.916768968
v -0.205958918 -0.213110194 0.769960344
v -0.161820874 -0.249333367 0.769960344
v -0.156078964 -0.240740001 0.916768968
v -0.198650867 -0.205802143 0.916768968
v 0.161820546 0.235031024 0.769960344
v 0.111463763 0.261947155 0.769960344
v 0.107508689 0.252398729 0.916768968
v 0.156078652 0.226437658 0.916768968
v 0.285673052 0.0496729426 0.769960344
v 0.269098192 0.104313172 0.769960344
v 0.259549767 0.100358076 0.916768968
v 0.275536507 0.0476566479 0.916768968
v 0.24218215 -0.168972 0.769960344
v 0.269098371 -0.118615247 0.769960344
v 0.259549916 -0.114660159 0.916768968
v 0.233588785 -0.163230091 0.916768968
v 0.0568240508 -0.292824477 0.769960344
v 0.111464262 -0.276249588 0.769960344
v 0.107509173 -0.266701132 0.916768968
v 0.0548077598 -0.282687932 0.916768968
v -0.161820874 -0.249333367 0.769960344
v -0.111464135 -0.276249588 0.769960344
v -0.107509047 -0.266701162 0.916768968
v -0.156078964 -0.240740001 0.916768968
v -0.285673201 -0.0639751852 0.769960344
v -0.269098282 -0.118615381 0.769960344
v -0.259549856 -0.114660293 0.916768968
v -0.275536656 -0.0619589016 0.916768968
v -0.242182061 0.154669613 0.769960344
v -0.269098282 0.104312874 0.769960344
v -0.259549856 0.100357786 0.916768968
v -0.233588696 0.148927718 0.916768968
v -0.0568239428 0.278521866 0.769960344
v -0.11146418 0.261946976 0.769960344
v -0.107509099 0.25239858 0.916768968
v -0.0548076555 0.268385321 0.916768968
v 0.111463763 0.261947155 0.769960344
v 0.0568234958 0.278521925 0.769960344
v 0.0548072234 0.268385381 0.916768968
v 0.107508689 0.252398729 0.916768968
v 0.269098192 0.104313172 0.769960344
v 0.242181823 0.154669911 0.769960344
v 0.233588472 0.148928002 0.916768968
v 0.259549767 0.100358076 0.916768968
v 0.269098371 -0.118615247 0.769960344
v 0.285673261 -0.063974984 0.769960344
v 0.275536716 -0.0619587004 0.916768968
v 0.259549916 -0.114660159 0.916768968
v 0.111464262 -0.276249588 0.769960344
v 0.161821008 -0.249333277 0.769960344
v 0.156079113 -0.240739912 0.916768968
v 0.107509173 -0.266701132 0.916768968
v -0.111464135 -0.276249588 0.769960344
v -0.0568238683 -0.292824477 0.769960344
v -0.0548075885 -0.282687932 0.916768968
v -0.107509047 -0.266701162 0.916768968
v -0.269098282 -0.118615381 0.769960344
v -0.242182061 -0.16897209 0.769960344
v -0.233588696 -0.163230181 0.916768968
v -0.259549856 -0.114660293 0.916768968
v -0.269098282 0.104312874 0.769960344
v -0.285673112 0.0496726483 0.769960344
v -0.275536567 0.0476563647 0.916768968
v -0.259549856 0.100357786 0.916768968
v -0.11146418 0.261946976 0.769960344
v -0.161820889 0.235030785 0.769960344
v -0.156078994 0.22643742 0.916768968
v -0.107509099 0.25239858 0.916768968
v 0.0568234958 0.278521925 0.769960344
v -1.24762725e-08 0.284118593 0.769960344
v -1.36870106e-08 0.273783445 0.916768968
v 0.0548072234 0.268385381 0.916768968
v 0.242181823 0.154669911 0.769960344
v 0.205958605 0.19880791 0.769960344
v 0.198650554 0.191499829 0.916768968
v 0.233588472 0.148928002 0.916768968
v 0.285673261 -0.063974984 0.769960344
v 0.291269898 -0.00715101324 0.769960344
v 0.280934751 -0.00715102023 0.916768968
v 0.275536716 -0.0619587004 0.916768968
v 0.161821008 -0.249333277 0.769960344
v 0.205959022 -0.213110045 0.769960344
v 0.198650971 -0.205801994 0.916768968
v 0.156079113 -0.240739912 0.916768968
v -0.161820889 0.235030785 0.769960344
v -0.205958918 0.198807612 0.769960344
v -0.198650867 0.191499561 0.916768968
v -0.156078994 0.22643742 0.916768968
v -0.0568238683 -0.292824477 0.769960344
v 8.24314839e-08 -0.298421144 0.769960344
v 7.78531373e-08 -0.288085997 0.916768968
v -0.0548075885 -0.282687932 0.916768968
v -0.242182061 -0.16897209 0.769960344
v -0.205958918 -0.213110194 0.769960344
v -0.198650867 -0.205802143 0.916768968
v -0.233588696 -0.163230181 0.916768968
v -0.285673112 0.0496726483 0.769960344
v -0.291269869 -0.00715127308 0.769960344
v -0.280934721 -0.00715127075 0.916768968
v -0.275536567 0.0476563647 0.916768968
v 0.204977497 0.197826803 1.14109242
v 0.161049709 0.233877376 1.14109242
v 0.170854181 0.248550817 1.39007986
v 0.217456207 0.210305527 1.39007986
v 0.289882392 -0.00715101371 1.14109242
v 0.284312248 0.0494022556 1.14109242
v 0.301620722 0.0528451353 1.39007986
v 0.307529986 -0.00715100253 1.39007986
v 0.20497793 -0.212128967 1.14109242
v 0.241028517 -0.168201149 1.14109242
v 0.255701959 -0.178005606 1.39007986
v 0.217456654 -0.224607691 1.39007986
v 8.16251884e-08 -0.297033668 1.14109242
v 0.0565533675 -0.291463673 1.14109242
v 0.0599962473 -0.308772147 1.39007986
v 8.9403045e-08 -0.314681262 1.39007986
v -1.28304691e-08 0.282731116 1.14109242
v -0.0565532595 0.277161062 1.14109242
v -0.0599961318 0.294469535 1.39007986
v -1.08029443e-08 0.30037871 1.39007986
v -0.204977825 -0.212129101 1.14109242
v -0.161050037 -0.248179719 1.14109242
v -0.170854479 -0.262853175 1.39007986
v -0.217456549 -0.224607825 1.39007986
v -0.289882392 -0.00715127261 1.14109242
v -0.284312397 -0.0637045056 1.14109242
v -0.301620871 -0.0671473816 1.39007986
v -0.307529956 -0.00715127727 1.39007986
v -0.204977825 0.197826505 1.14109242
v -0.241028398 0.153898761 1.14109242
v -0.25570181 0.163703233 1.39007986
v -0.217456549 0.210305229 1.39007986
v 0.161049709 0.233877376 1.14109242
v 0.110932797 0.260665298 1.14109242
v 0.11768622 0.276969522 1.39007986
v 0.170854181 0.248550817 1.39007986
v 0.284312248 0.0494022556 1.14109242
v 0.267816335 0.103782207 1.14109242
v 0.28412056 0.110535651 1.39007986
v 0.301620722 0.0528451353 1.39007986
v 0.241028517 -0.168201149 1.14109242
v 0.267816484 -0.118084274 1.14109242
v 0.284120739 -0.124837704 1.39007986
v 0.255701959 -0.178005606 1.39007986
v 0.0565533675 -0.291463673 1.14109242
v 0.110933296 -0.2749677 1.14109242
v 0.117686741 -0.291271925 1.39007986
v 0.0599962473 -0.308772147 1.39007986
v -0.241028398 0.153898761 1.14109242
v -0.267816424 0.103781909 1.14109242
v -0.284120649 0.110535339 1.39007986
v -0.25570181 0.163703233 1.39007986
v -0.0565532595 0.277161062 1.14109242
v -0.110933222 0.260665119 1.14109242
v -0.117686659 0.276969373 1.39007986
v -0.0599961318 0.294469535 1.39007986
v -0.161050037 -0.248179719 1.14109242
v -0.11093317 -0.27496773 1.14109242
v -0.117686599 -0.291271955 1.39007986
v -0.170854479 -0.262853175 1.39007986
v -0.284312397 -0.0637045056 1.14109242
v -0.267816424 -0.118084416 1.14109242
v -0.284120649 -0.124837853 1.39007986
v -0.301620871 -0.0671473816 1.39007986
v 0.110932797 0.260665298 1.14109242
v 0.0565528125 0.277161121 1.14109242
v 0.0599956587 0.294469595 1.39007986
v 0.11768622 0.276969522 1.39007986
v 0.267816335 0.103782207 1.14109242
v 0.241028175 0.153899059 1.14109242
v 0.255701602 0.163703546 1.39007986
v 0.28412056 0.110535651 1.39007986
v 0.267816484 -0.118084274 1.14109242
v 0.284312427 -0.0637042969 1.14109242
v 0.30162093 -0.0671471581 1.39007986
v 0.284120739 -0.124837704 1.39007986
v 0.110933296 -0.2749677 1.14109242
v 0.161050171 -0.248179615 1.14109242
v 0.170854643 -0.262853056 1.39007986
v 0.117686741 -0.291271925 1.39007986
v -0.267816424 -0.118084416 1.14109242
v -0.241028398 -0.168201253 1.14109242
v -0.25570181 -0.178005695 1.39007986
v -0.284120649 -0.124837853 1.39007986
v -0.267816424 0.103781909 1.14109242
v -0.284312308 0.0494019687 1.14109242
v -0.301620781 0.0528448336 1.39007986
v -0.284120649 0.110535339 1.39007986
v -0.110933222 0.260665119 1.14109242
v -0.161050051 0.233877122 1.14109242
v -0.170854494 0.248550519 1.39007986
v -0.117686659 0.276969373 1.39007986
v -0.11093317 -0.27496773 1.14109242
v -0.0565531887 -0.291463673 1.14109242
v -0.0599960573 -0.308772147 1.39007986
v -0.117686599 -0.291271955 1.39007986
v 0.0565528125 0.277161121 1.14109242
v -1.28304691e-08 0.282731116 1.14109242
v -1.08029443e-08 0.30037871 1.39007986
v 0.0599956587 0.294469595 1.39007986
v 0.241028175 0.153899059 1.14109242
v 0.204977497 0.197826803 1.14109242
v 0.217456207 0.210305527 1.39007986
v 0.255701602 0.163703546 1.39007986
v 0.284312427 -0.0637042969 1.14109242
v 0.289882392 -0.00715101371 1.14109242
v 0.307529986 -0.00715100253 1.39007986
v 0.30162093 -0.0671471581 1.39007986
v 0.161050171 -0.248179615 1.14109242
v 0.20497793 -0.212128967 1.14109242
v 0.217456654 -0.224607691 1.39007986
v 0.170854643 -0.262853056 1.39007986
v -0.0565531887 -0.291463673 1.14109242
v 8.16251884e-08 -0.297033668 1.14109242
v 8.9403045e-08 -0.314681262 1.39007986
v -0.0599960573 -0.308772147 1.39007986
v -0.241028398 -0.168201253 1.14109242
v -0.204977825 -0.212129101 1.14109242
v -0.217456549 -0.224607825 1.39007986
v -0.25570181 -0.178005695 1.39007986
v -0.284312308 0.0494019687 1.14109242
v -0.289882392 -0.00715127261 1.14109242
v -0.307529956 -0.00715127727 1.39007986
v -0.301620781 0.0528448336 1.39007986
v -0.161050051 0.233877122 1.14109242
v -0.204977825 0.197826505 1.14109242
v -0.217456549 0.210305229 1.39007986
v -0.170854494 0.248550519 1.39007986
vn 0.234293208 0.234293208 0
vn 0.184085339 0.275501072 0
vn 0 0 0.331341505
vn 0 0 0.331351608
vn 0.331351608 0 0
vn 0.324980825 0.06463819 0
vn 0.234293208 -0.234293208 0
vn 0.275501072 -0.184085339 0
vn 0 0 -0.331351608
vn 0 -0.331351608 0
vn 0.06463819 -0.324980825 0
vn 0 0 -0.331341505
vn 0 0.331351608 0
vn -0.06463819 0.324980825 0
vn -0.234293208 -0.234293208 0
vn -0.184085339 -0.275501072 0
vn -0.331351608 0 0
vn -0.324980825 -0.06463819 0
vn -0.234293208 0.234293208 0
vn -0.275501072 0.184085339 0
vn 0.126798853 0.30612129 0
vn 0.30612129 0.126798853 0
vn 0.30612129 -0.126798853 0
vn 0.126798853 -0.30612129 0
vn -0.30612129 0.126798853 0
vn -0.126798853 0.30612129 0
vn -0.126798853 -0.30612129 0
vn -0.30612129 -0.126798853 0
vn 0.06463819 0.324980825 0
vn 0.275501072 0.184085339 0
vn 0.324980825 -0.06463819 0
vn 0.184085339 -0.275501072 0
vn -0.275501072 -0.184085339 0
vn -0.324980825 0.06463819 0
vn -0.184085339 0.275501072 0
vn -0.06463819 -0.324980825 0
vn 0.129195467 0.129195467 -0.276421279
vn 0.101507843 0.151917934 -0.276421279
vn 0.168401077 0.252030283 -0.133826941
vn 0.214331403 0.214331403 -0.133826941
vn 0.182710066 0 -0.276421279
vn 0.179201081 0.0356359482 -0.276421279
vn 0.297293186 0.0591269508 -0.133826941
vn 0.303117901 0 -0.133826941
vn 0.129195467 -0.129195467 -0.276421279
vn 0.151917934 -0.101507843 -0.276421279
vn 0.252030283 -0.168401077 -0.133826941
vn 0.214331403 -0.214331403 -0.133826941
vn 0 -0.182710066 -0.276421279
vn 0.0356359482 -0.179201081 -0.276421279
vn 0.0591269508 -0.297293186 -0.133826941
vn 0 -0.303117901 -0.133826941
vn -0.182710066 0 -0.276421279
vn -0.179201081 -0.0356359482 -0.276421279
vn -0.297293186 -0.0591269508 -0.133826941
vn -0.303117901 0 -0.133826941
vn -0.129195467 0.129195467 -0.276421279
vn -0.151917934 0.101507843 -0.276421279
vn -0.252030283 0.168401077 -0.133826941
vn -0.214331403 0.214331403 -0.133826941
vn 0 0.182710066 -0.276421279
vn -0.0356359482 0.179201081 -0.276421279
vn -0.0591269508 0.297293186 -0.133826941
vn 0 0.303117901 -0.133826941
vn -0.129195467 -0.129195467 -0.276421279
vn -0.101507843 -0.151917934 -0.276421279
vn -0.168401077 -0.252030283 -0.133826941
vn -0.214331403 -0.214331403 -0.133826941
vn 0.0699168369 0.168795466 -0.276421279
vn 0.115998842 0.280041516 -0.133826941
vn 0.168795466 0.0699168369 -0.276421279
vn 0.280041516 0.115998842 -0.133826941
vn 0.168795466 -0.0699168369 -0.276421279
vn 0.280041516 -0.115998842 -0.133826941
vn 0.0699168369 -0.168795466 -0.276421279
vn 0.115998842 -0.280041516 -0.133826941
vn -0.0699168369 -0.168795466 -0.276421279
vn -0.115998842 -0.280041516 -0.133826941
vn -0.168795466 -0.0699168369 -0.276421279
vn -0.280041516 -0.115998842 -0.133826941
vn -0.168795466 0.0699168369 -0.276421279
vn -0.280041516 0.115998842 -0.133826941
vn -0.0699168369 0.168795466 -0.276421279
vn -0.115998842 0.280041516 -0.133826941
vn 0.0356359482 0.179201081 -0.276421279
vn 0.0591269508 0.297293186 -0.133826941
vn 0.151917934 0.101507843 -0.276421279
vn 0.252030283 0.168401077 -0.133826941
vn 0.179201081 -0.0356359482 -0.276421279
vn 0.297293186 -0.0591269508 -0.133826941
vn 0.101507843 -0.151917934 -0.276421279
vn 0.168401077 -0.252030283 -0.133826941
vn -0.0356359482 -0.179201081 -0.276421279
vn -0.0591269508 -0.297293186 -0.133826941
vn -0.151917934 -0.101507843 -0.276421279
vn -0.252030283 -0.168401077 -0.133826941
vn -0.179201081 0.0356359482 -0.276421279
vn -0.297293186 0.0591269508 -0.133826941
vn -0.101507843 0.151917934 -0.276421279
vn -0.168401077 0.252030283 -0.133826941
vn 0.173578605 0.259776324 -0.110335931
vn 0.220924661 0.220924661 -0.110335931
vn 0.306434751 0.0609471798 -0.110335931
vn 0.312431395 0 -0.110335931
vn 0.259776324 -0.173578605 -0.110335931
vn 0.220924661 -0.220924661 -0.110335931
vn 0.0609471798 -0.306434751 -0.110335931
vn 0 -0.312431395 -0.110335931
vn -0.173578605 -0.259776324 -0.110335931
vn -0.220924661 -0.220924661 -0.110335931
vn -0.306434751 -0.0609471798 -0.110335931
vn -0.312431395 0 -0.110335931
vn -0.259776324 0.173578605 -0.110335931
vn -0.220924661 0.220924661 -0.110335931
vn -0.0609471798 0.306434751 -0.110335931
vn 0 0.312431395 -0.110335931
vn 0.119558394 0.288647115 -0.110335931
vn 0.288647115 0.119558394 -0.110335931
vn 0.288647115 -0.119558394 -0.110335931
vn 0.119558394 -0.288647115 -0.110335931
vn -0.119558394 0.288647115 -0.110335931
vn -0.119558394 -0.288647115 -0.110335931
vn -0.288647115 -0.119558394 -0.110335931
vn -0.288647115 0.119558394 -0.110335931
vn 0.0609471798 0.306434751 -0.110335931
vn 0.259776324 0.173578605 -0.110335931
vn 0.306434751 -0.0609471798 -0.110335931
vn 0.173578605 -0.259776324 -0.110335931
vn -0.306434751 0.0609471798 -0.110335931
vn -0.173578605 0.259776324 -0.110335931
vn -0.0609471798 -0.306434751 -0.110335931
vn -0.259776324 -0.173578605 -0.110335931
vn 0.177310064 0.265368491 -0.0890494138
vn 0.225677475 0.225677475 -0.0890494138
vn 0.313028038 0.0622617826 -0.0890494138
vn 0.31915611 0 -0.0890494138
vn 0.265368491 -0.177310064 -0.0890494138
vn 0.225677475 -0.225677475 -0.0890494138
vn 0.0622617826 -0.313028038 -0.0890494138
vn 0 -0.31915611 -0.0890494138
vn -0.177310064 -0.265368491 -0.0890494138
vn -0.225677475 -0.225677475 -0.0890494138
vn -0.313028038 -0.0622617826 -0.0890494138
vn -0.31915611 0 -0.0890494138
vn -0.265368491 0.177310064 -0.0890494138
vn -0.225677475 0.225677475 -0.0890494138
vn -0.0622617826 0.313028038 -0.0890494138
vn 0 0.31915611 -0.0890494138
vn 0.122137047 0.294866234 -0.0890494138
vn 0.294856131 0.122137047 -0.0890494138
vn 0.294866234 -0.122137047 -0.0890494138
vn 0.122137047 -0.294856131 -0.0890494138
vn -0.122137047 -0.294856131 -0.0890494138
vn -0.294856131 -0.122137047 -0.0890494138
vn -0.294856131 0.122137047 -0.0890494138
vn -0.122137047 0.294856131 -0.0890494138
vn 0.0622617826 0.313028038 -0.0890494138
vn 0.265368491 0.177310064 -0.0890494138
vn 0.313028038 -0.0622617826 -0.0890494138
vn 0.177310064 -0.265368491 -0.0890494138
vn -0.177310064 0.265368491 -0.0890494138
vn -0.0622617826 -0.313028038 -0.0890494138
vn -0.265368491 -0.177310064 -0.0890494138
vn -0.313028038 0.0622617826 -0.0890494138
vn 0.180930302 0.270778567 -0.0610988624
vn 0.230278596 0.230278596 -0.0610988624
vn 0.319408923 0.0635258332 -0.0610988624
vn 0.325668454 0 -0.0610988624
vn 0.270778567 -0.180930302 -0.0610988624
vn 0.230278596 -0.230278596 -0.0610988624
vn 0.0635258332 -0.319408923 -0.0610988624
vn 0 -0.325668454 -0.0610988624
vn -0.319408923 -0.0635258332 -0.0610988624
vn -0.325668454 0 -0.0610988624
vn -0.270778567 0.180930302 -0.0610988624
vn -0.230278596 0.230278596 -0.0610988624
vn -0.0635258332 0.319408923 -0.0610988624
vn 0 0.325668454 -0.0610988624
vn -0.180930302 -0.270778567 -0.0610988624
vn -0.230278596 -0.230278596 -0.0610988624
vn 0.124624692 0.300872952 -0.0610988624
vn 0.300872952 0.124624692 -0.0610988624
vn 0.300872952 -0.124624692 -0.0610988624
vn 0.124624692 -0.300872952 -0.0610988624
vn -0.124624692 -0.300872952 -0.0610988624
vn -0.300872952 -0.124624692 -0.0610988624
vn -0.300872952 0.124624692 -0.0610988624
vn -0.124624692 0.300872952 -0.0610988624
vn 0.0635258332 0.319408923 -0.0610988624
vn 0.270778567 0.180930302 -0.0610988624
vn 0.319408923 -0.0635258332 -0.0610988624
vn 0.180930302 -0.270778567 -0.0610988624
vn -0.0635258332 -0.319408923 -0.0610988624
vn -0.270778567 -0.180930302 -0.0610988624
vn -0.319408923 0.0635258332 -0.0610988624
vn -0.180930302 0.270778567 -0.0610988624
vn 0.183923542 0.275268465 -0.0136314575
vn 0.234101072 0.234101072 -0.0136314575
vn 0.324707806 0.0645876229 -0.0136314575
vn 0.331068456 0 -0.0136314575
vn 0.275268465 -0.183923542 -0.0136314575
vn 0.234101072 -0.234101072 -0.0136314575
vn 0.0645876229 -0.324707806 -0.0136314575
vn 0 -0.331068456 -0.0136314575
vn -0.275268465 0.183923542 -0.0136314575
vn -0.234101072 0.234101072 -0.0136314575
vn -0.0645876229 0.324707806 -0.0136314575
vn 0 0.331068456 -0.0136314575
vn -0.183923542 -0.275268465 -0.0136314575
vn -0.234101072 -0.234101072 -0.0136314575
vn -0.324707806 -0.0645876229 -0.0136314575
vn -0.331068456 0 -0.0136314575
vn 0.126687616 0.305868477 -0.0136314575
vn 0.305868477 0.126687616 -0.0136314575
vn 0.305868477 -0.126687616 -0.0136314575
vn 0.126687616 -0.305868477 -0.0136314575
vn -0.305868477 -0.126687616 -0.0136314575
vn -0.305868477 0.126687616 -0.0136314575
vn -0.126687616 0.305868477 -0.0136314575
vn -0.126687616 -0.305868477 -0.0136314575
vn 0.0645876229 0.324707806 -0.0136314575
vn 0.275268465 0.183923542 -0.0136314575
vn 0.324707806 -0.0645876229 -0.0136314575
vn 0.183923542 -0.275268465 -0.0136314575
vn -0.0645876229 -0.324707806 -0.0136314575
vn -0.275268465 -0.183923542 -0.0136314575
vn -0.324707806 0.0645876229 -0.0136314575
vn -0.183923542 0.275268465 -0.0136314575
vn 0.183023557 0.273923516 0.0354842618
vn 0.232948259 0.232948259 0.0354842618
vn 0.323110044 0.0642640293 0.0354842618
vn 0.329440385 0 0.0354842618
vn 0.273923516 -0.183023557 0.0354842618
vn 0.232948259 -0.232948259 0.0354842618
vn 0.0642640293 -0.323110044 0.0354842618
vn 0 -0.329440385 0.0354842618
vn -0.0642640293 0.323110044 0.0354842618
vn 0 0.329440385 0.0354842618
vn -0.183023557 -0.273923516 0.0354842618
vn -0.232948259 -0.232948259 0.0354842618
vn -0.323110044 -0.0642640293 0.0354842618
vn -0.329440385 0 0.0354842618
vn -0.273923516 0.183023557 0.0354842618
vn -0.232948259 0.232948259 0.0354842618
vn 0.126070768 0.304361731 0.0354842618
vn 0.304361731 0.126070768 0.0354842618
vn 0.304361731 -0.126070768 0.0354842618
vn 0.126070768 -0.304361731 0.0354842618
vn -0.304361731 0.126070768 0.0354842618
vn -0.126070768 0.304361731 0.0354842618
vn -0.126070768 -0.304361731 0.0354842618
vn -0.304361731 -0.126070768 0.0354842618
vn 0.0642640293 0.323110044 0.0354842618
vn 0.273923516 0.183023557 0.0354842618
vn 0.323110044 -0.0642640293 0.0354842618
vn 0.183023557 -0.273923516 0.0354842618
vn -0.273923516 -0.183023557 0.0354842618
vn -0.323110044 0.0642640293 0.0354842618
vn -0.183023557 0.273923516 0.0354842618
vn -0.0642640293 -0.323110044 0.0354842618
vn 0.178260624 0.266784191 0.0826786309
vn 0.226880848 0.226880848 0.0826786309
vn 0.31469655 0.0625954941 0.0826786309
vn 0.320865095 0 0.0826786309
vn 0.266784191 -0.178260624 0.0826786309
vn 0.226880848 -0.226880848 0.0826786309
vn 0.0625954941 -0.31469655 0.0826786309
vn 0 -0.320865095 0.0826786309
vn -0.178260624 -0.266784191 0.0826786309
vn -0.226880848 -0.226880848 0.0826786309
vn -0.31469655 -0.0625954941 0.0826786309
vn -0.320865095 0 0.0826786309
vn -0.266784191 0.178260624 0.0826786309
vn -0.226880848 0.226880848 0.0826786309
vn -0.0625954941 0.31469655 0.0826786309
vn 0 0.320865095 0.0826786309
vn 0.122784235 0.29644376 0.0826786309
vn 0.29644376 0.122784235 0.0826786309
vn 0.29644376 -0.122784235 0.0826786309
vn 0.122784235 -0.29644376 0.0826786309
vn -0.122784235 0.29644376 0.0826786309
vn -0.122784235 -0.29644376 0.0826786309
vn -0.29644376 -0.122784235 0.0826786309
vn -0.29644376 0.122784235 0.0826786309
vn 0.0625954941 0.31469655 0.0826786309
vn 0.266784191 0.178260624 0.0826786309
vn 0.31469655 -0.0625954941 0.0826786309
vn 0.178260624 -0.266784191 0.0826786309
vn -0.31469655 0.0625954941 0.0826786309
vn -0.178260624 0.266784191 0.0826786309
vn -0.0625954941 -0.31469655 0.0826786309
vn -0.266784191 -0.178260624 0.0826786309
vn 0.172850519 0.258694321 0.113966264
vn 0.219994336 0.220004439 0.113966264
vn 0.305150509 0.0606943667 0.113966264
vn 0.311126888 0 0.113966264
vn 0.258694321 -0.172850519 0.113966264
vn 0.220004439 -0.220004439 0.113966264
vn 0.0606943667 -0.305150509 0.113966264
vn 0 -0.311126888 0.113966264
vn -0.172850519 -0.258694321 0.113966264
vn -0.220004439 -0.220004439 0.113966264
vn -0.305150509 -0.0606943667 0.113966264
vn -0.311126888 0 0.113966264
vn -0.258694321 0.172850519 0.113966264
vn -0.220004439 0.220004439 0.113966264
vn -0.0606943667 0.305150509 0.113966264
vn 0 0.311126888 0.113966264
vn 0.119062893 0.287443757 0.113966264
vn 0.287443757 0.119062893 0.113966264
vn 0.287443757 -0.119062893 0.113966264
vn 0.119062893 -0.287443757 0.113966264
vn -0.119062893 -0.287443757 0.113966264
vn -0.287443757 -0.119062893 0.113966264
vn -0.287443757 0.119062893 0.113966264
vn -0.119062893 0.287443757 0.113966264
vn 0.0606943667 0.305150509 0.113966264
vn 0.258694321 0.172850519 0.113966264
vn 0.305150509 -0.0606943667 0.113966264
vn 0.172850519 -0.258694321 0.113966264
vn -0.172850519 0.258694321 0.113966264
vn -0.0606943667 -0.305150509 0.113966264
vn -0.258694321 -0.172850519 0.113966264
vn -0.305150509 0.0606943667 0.113966264
vn 0.168259516 0.251817912 0.134403333
vn 0.214159504 0.214159504 0.134403333
vn 0.297040373 0.0590865016 0.134403333
vn 0.302865088 0 0.134403333
vn 0.251817912 -0.168259516 0.134403333
vn 0.214159504 -0.214159504 0.134403333
vn 0.0590865016 -0.297040373 0.134403333
vn 0 -0.302865088 0.134403333
vn -0.297040373 -0.0590763912 0.134403333
vn -0.302865088 0 0.134403333
vn -0.251817912 0.168259516 0.134403333
vn -0.214159504 0.214159504 0.134403333
vn -0.0590865016 0.297040373 0.134403333
vn 0 0.302865088 0.134403333
vn -0.168259516 -0.251817912 0.134403333
vn -0.214159504 -0.214159504 0.134403333
vn 0.115897723 0.279808909 0.134403333
vn 0.279808909 0.115897723 0.134403333
vn 0.279808909 -0.115897723 0.134403333
vn 0.115897723 -0.279808909 0.134403333
vn -0.115897723 -0.279808909 0.134403333
vn -0.279808909 -0.115897723 0.134403333
vn -0.279808909 0.115897723 0.134403333
vn -0.115897723 0.279808909 0.134403333
vn 0.0590763912 0.297040373 0.134403333
vn 0.251817912 0.168259516 0.134403333
vn 0.297040373 -0.0590763912 0.134403333
vn 0.168259516 -0.251817912 0.134403333
vn -0.0590763912 -0.297040373 0.134403333
vn -0.251817912 -0.168259516 0.134403333
vn -0.297040373 0.0590763912 0.134403333
vn -0.168259516 0.251817912 0.134403333
vn 0.165225804 0.247287586 0.146072999
vn 0.210296586 0.210296586 0.146072999
vn 0.291690946 0.058014594 0.146072999
vn 0.297404438 0 0.146072999
vn 0.247287586 -0.165225804 0.146072999
vn 0.210296586 -0.210296586 0.146072999
vn 0.058014594 -0.291690946 0.146072999
vn 0 -0.297404438 0.146072999
vn -0.247287586 0.165225804 0.146072999
vn -0.210296586 0.210296586 0.146072999
vn -0.058014594 0.291690946 0.146072999
vn 0 0.297404438 0.146072999
vn -0.165225804 -0.247287586 0.146072999
vn -0.210296586 -0.210296586 0.146072999
vn -0.291690946 -0.058014594 0.146072999
vn -0.297404438 0 0.146072999
vn 0.113804474 0.274772972 0.146072999
vn 0.274772972 0.113814585 0.146072999
vn 0.274772972 -0.113814585 0.146072999
vn 0.113814585 -0.274772972 0.146072999
vn -0.274772972 -0.113814585 0.146072999
vn -0.274772972 0.113814585 0.146072999
vn -0.113814585 0.274772972 0.146072999
vn -0.113814585 -0.274772972 0.146072999
vn 0.058014594 0.291690946 0.146072999
vn 0.247287586 0.165225804 0.146072999
vn 0.291690946 -0.058014594 0.146072999
vn 0.165225804 -0.247287586 0.146072999
vn -0.058014594 -0.291690946 0.146072999
vn -0.247287586 -0.165225804 0.146072999
vn -0.291690946 0.058014594 0.146072999
vn -0.165225804 0.247287586 0.146072999
vn 0.171343789 0.256429136 0.12113592
vn 0.218072981 0.218072981 0.12113592
vn 0.302480817 0.0601685271 0.12112581
vn 0.308406681 0 0.12113592
vn 0.256429136 -0.171343789 0.12113592
vn 0.218072981 -0.218072981 0.12113592
vn 0.0601685271 -0.302480817 0.12113592
vn 0 -0.308406681 0.12113592
vn -0.0601685271 0.302480817 0.12112581
vn 0 0.308406681 0.12112581
vn -0.171343789 -0.256429136 0.12113592
vn -0.218072981 -0.218072981 0.12113592
vn -0.302480817 -0.0601685271 0.12112581
vn -0.308406681 0 0.12112581
vn -0.256429136 0.171343789 0.12112581
vn -0.218072981 0.218072981 0.12112581
vn 0.118021324 0.284935892 0.12112581
vn 0.284935892 0.118021324 0.12113592
vn 0.284935892 -0.118021324 0.12113592
vn 0.118021324 -0.284935892 0.12113592
vn -0.284935892 0.118021324 0.12113592
vn -0.118021324 0.284935892 0.12112581
vn -0.118021324 -0.284935892 0.12113592
vn -0.284935892 -0.118021324 0.12113592
vn 0.0601685271 0.302480817 0.12112581
vn 0.256429136 0.171343789 0.12112581
vn 0.302480817 -0.0601685271 0.12113592
vn 0.171343789 -0.256429136 0.12113592
vn -0.256429136 -0.171343789 0.12113592
vn -0.302480817 0.0601685271 0.12112581
vn -0.171343789 0.256429136 0.12112581
vn -0.0601685271 -0.302480817 0.12113592
vn 0.178179726 0.266662866 0.0832550302
vn 0.226779714 0.226779714 0.0832550302
vn 0.314554989 0.0625651553 0.0832550302
vn 0.320713431 0 0.0832550302
vn 0.266662866 -0.178179726 0.0832550302
vn 0.226779714 -0.226779714 0.0832550302
vn 0.0625651553 -0.314554989 0.0832550302
vn 0 -0.320713431 0.0832550302
vn -0.178179726 -0.266662866 0.0832550302
vn -0.226779714 -0.226779714 0.0832550302
vn -0.314554989 -0.0625651553 0.0832550302
vn -0.320713431 0 0.0832550302
vn -0.266662866 0.178179726 0.0832550302
vn -0.226779714 0.226779714 0.0832550302
vn -0.0625651553 0.314554989 0.0832550302
vn 0 0.320713431 0.0832550302
vn 0.122723565 0.29630217 0.0832550302
vn 0.29630217 0.122733675 0.0832550302
vn 0.29630217 -0.122733675 0.0832550302
vn 0.122733675 -0.29630217 0.0832550302
vn -0.122733675 0.29630217 0.0832550302
vn -0.122733675 -0.29630217 0.0832550302
vn -0.29630217 -0.122733675 0.0832550302
vn -0.29630217 0.122733675 0.0832550302
vn 0.0625651553 0.314554989 0.0832550302
vn 0.266662866 0.178179726 0.0832550302
vn 0.314554989 -0.0625651553 0.0832550302
vn 0.178179726 -0.266662866 0.0832550302
vn -0.314554989 0.0625651553 0.0832550302
vn -0.178179726 0.266662866 0.0832550302
vn -0.0625651553 -0.314554989 0.0832550302
vn -0.266662866 -0.178179726 0.0832550302
vn 0.182426929 0.273023546 0.0443527997
vn 0.232189834 0.232189834 0.0443527997
vn 0.32205835 0.0640617833 0.0443527997
vn 0.328368455 0 0.0443527997
vn 0.273023546 -0.182426929 0.0443527997
vn 0.232189834 -0.232189834 0.0443527997
vn 0.0640516728 -0.32205835 0.0443527997
vn 0 -0.328368455 0.0443527997
vn -0.182426929 -0.273023546 0.0443527997
vn -0.232189834 -0.232189834 0.0443527997
vn -0.32205835 -0.0640516728 0.0443527997
vn -0.328368455 0 0.0443527997
vn -0.273023546 0.182426929 0.0443527997
vn -0.232189834 0.232189834 0.0443527997
vn -0.0640516728 0.32205835 0.0443527997
vn 0 0.328368455 0.0443527997
vn 0.125656143 0.303370714 0.0443527997
vn 0.303370714 0.125656143 0.0443527997
vn 0.303370714 -0.125656143 0.0443527997
vn 0.125656143 -0.303370714 0.0443527997
vn -0.125656143 -0.303370714 0.0443527997
vn -0.303370714 -0.125656143 0.0443527997
vn -0.303370714 0.125656143 0.0443527997
vn -0.125656143 0.303370714 0.0443527997
vn 0.0640516728 0.32205835 0.0443527997
vn 0.273023546 0.182426929 0.0443527997
vn 0.32205835 -0.0640516728 0.0443527997
vn 0.182426929 -0.273023546 0.0443527997
vn -0.182426929 0.273023546 0.0443527997
vn -0.0640516728 -0.32205835 0.0443527997
vn -0.273023546 -0.182426929 0.0443527997
vn -0.32205835 0.0640516728 0.0443527997
vn 0.234272972 0.234272972 0.00505617866
vn 0.184065118 0.275470734 0.00505617866
vn 0.183802202 0.275086462 -0.0183337033
vn 0.23393926 0.23393926 -0.0183337033
vn 0.331311166 0 0.00505617866
vn 0.324940383 0.0646280721 0.00505617866
vn 0.324485302 0.0645370632 -0.0183337033
vn 0.330835879 0 -0.0183337033
vn 0.234272972 -0.234272972 0.00505617866
vn 0.275470734 -0.184065118 0.00505617866
vn 0.275086462 -0.183802202 -0.0183337033
vn 0.23393926 -0.23393926 -0.0183337033
vn 0 -0.331311166 0.00505617866
vn 0.0646280721 -0.324940383 0.00505617866
vn 0.0645370632 -0.324485302 -0.0183337033
vn 0 -0.330835879 -0.0183337033
vn -0.234272972 0.234272972 0.00505617866
vn -0.275470734 0.184065118 0.00505617866
vn -0.275086462 0.183802202 -0.0183337033
vn -0.23393926 0.23393926 -0.0183337033
vn 0 0.331311166 0.00505617866
vn -0.0646280721 0.324940383 0.00505617866
vn -0.0645370632 0.324485302 -0.0183337033
vn 0 0.330835879 -0.0183337033
vn -0.234272972 -0.234272972 0.00505617866
vn -0.184065118 -0.275470734 0.00505617866
vn -0.183802202 -0.275086462 -0.0183337033
vn -0.23393926 -0.23393926 -0.0183337033
vn -0.331311166 0 0.00505617866
vn -0.324940383 -0.0646280721 0.00505617866
vn -0.324485302 -0.0645370632 -0.0183337033
vn -0.330835879 0 -0.0183337033
vn 0.126778618 0.306090951 0.00505617866
vn 0.126606703 0.305656105 -0.0183337033
vn 0.306090951 0.126778618 0.00505617866
vn 0.305656105 0.126606703 -0.0183337033
vn 0.306090951 -0.126778618 0.00505617866
vn 0.305656105 -0.126606703 -0.0183337033
vn 0.126778618 -0.306090951 0.00505617866
vn 0.126606703 -0.305656105 -0.0183337033
vn -0.306090951 -0.126778618 0.00505617866
vn -0.305656105 -0.126606703 -0.0183337033
vn -0.306090951 0.126778618 0.00505617866
vn -0.305656105 0.126606703 -0.0183337033
vn -0.126778618 0.306090951 0.00505617866
vn -0.126606703 0.305656105 -0.0183337033
vn -0.126778618 -0.306090951 0.00505617866
vn -0.126606703 -0.305656105 -0.0183337033
vn 0.0646280721 0.324940383 0.00505617866
vn 0.0645370632 0.324485302 -0.0183337033
vn 0.275470734 0.184065118 0.00505617866
vn 0.27507633 0.183802202 -0.0183337033
vn 0.324940383 -0.0646280721 0.00505617866
vn 0.324485302 -0.0645370632 -0.0183337033
vn 0.184065118 -0.275470734 0.00505617866
vn 0.183802202 -0.275086462 -0.0183337033
vn -0.0646280721 -0.324940383 0.00505617866
vn -0.0645370632 -0.324485302 -0.0183337033
vn -0.275470734 -0.184065118 0.00505617866
vn -0.275086462 -0.183802202 -0.0183337033
vn -0.324940383 0.0646280721 0.00505617866
vn -0.324485302 0.0645370632 -0.0183337033
vn -0.184065118 0.275470734 0.00505617866
vn -0.183802202 0.275086462 -0.0183337033
vn 0.232685342 0.232685342 -0.0387808904
vn 0.182821289 0.273610055 -0.0387808904
vn 0.181840405 0.272143781 -0.0515932478
vn 0.231441528 0.231441528 -0.0515932478
vn 0.329066217 0 -0.0387808904
vn 0.322746009 0.0641932413 -0.0387808904
vn 0.321016788 0.0638494268 -0.0515932478
vn 0.327306658 0 -0.0515932478
vn 0.232685342 -0.232685342 -0.0387808904
vn 0.273610055 -0.182821289 -0.0387808904
vn 0.272143781 -0.181840405 -0.0515932478
vn 0.231441528 -0.231441528 -0.0515932478
vn 0 -0.329066217 -0.0387808904
vn 0.0641932413 -0.322746009 -0.0387808904
vn 0.0638494268 -0.321016788 -0.0515932478
vn 0 -0.327306658 -0.0515932478
vn -0.232685342 -0.232685342 -0.0387808904
vn -0.182821289 -0.273610055 -0.0387808904
vn -0.181840405 -0.272143781 -0.0515932478
vn -0.231441528 -0.231441528 -0.0515932478
vn -0.329066217 0 -0.0387808904
vn -0.322746009 -0.0641932413 -0.0387808904
vn -0.321016788 -0.0638494268 -0.0515932478
vn -0.327306658 0 -0.0515932478
vn -0.232685342 0.232685342 -0.0387808904
vn -0.273610055 0.182821289 -0.0387808904
vn -0.272143781 0.181840405 -0.0515932478
vn -0.231441528 0.231441528 -0.0515932478
vn 0 0.329066217 -0.0387808904
vn -0.0641932413 0.322746009 -0.0387808904
vn -0.0638494268 0.321016788 -0.0515932478
vn 0 0.327306658 -0.0515932478
vn 0.125929177 0.304017901 -0.0387808904
vn 0.125251651 0.302389801 -0.0515932478
vn 0.304017901 0.125929177 -0.0387808904
vn 0.302389801 0.125251651 -0.0515932478
vn 0.304017901 -0.125929177 -0.0387808904
vn 0.302389801 -0.125251651 -0.0515932478
vn 0.125929177 -0.304017901 -0.0387808904
vn 0.125251651 -0.302389801 -0.0515932478
vn -0.125929177 0.304017901 -0.0387808904
vn -0.125251651 0.302389801 -0.0515932478
vn -0.125929177 -0.304017901 -0.0387808904
vn -0.125251651 -0.302389801 -0.0515932478
vn -0.304017901 -0.125929177 -0.0387808904
vn -0.302389801 -0.125251651 -0.0515932478
vn -0.304017901 0.125929177 -0.0387808904
vn -0.302389801 0.125251651 -0.0515932478
vn 0.0641932413 0.322746009 -0.0387808904
vn 0.0638494268 0.321016788 -0.0515932478
vn 0.273610055 0.182821289 -0.0387808904
vn 0.272143781 0.181840405 -0.0515932478
vn 0.322746009 -0.0641932413 -0.0387808904
vn 0.321016788 -0.0638494268 -0.0515932478
vn 0.182821289 -0.273610055 -0.0387808904
vn 0.181840405 -0.272143781 -0.0515932478
vn -0.322746009 0.0641932413 -0.0387808904
vn -0.321016788 0.0638494268 -0.0515932478
vn -0.182821289 0.273610055 -0.0387808904
vn -0.181840405 0.272143781 -0.0515932478
vn -0.0641932413 -0.322746009 -0.0387808904
vn -0.0638494268 -0.321016788 -0.0515932478
vn -0.273610055 -0.182821289 -0.0387808904
vn -0.272143781 -0.181840405 -0.0515932478
vn 0.182892099 0.273711175 -0.0376887545
vn 0.232776359 0.232776359 -0.0376887545
vn 0.322867334 0.0642235801 -0.0376887545
vn 0.329197675 0 -0.0376887545
vn 0.273711175 -0.182892099 -0.0376887545
vn 0.232776359 -0.232776359 -0.0376887545
vn 0.0642235801 -0.322867334 -0.0376887545
vn 0 -0.329197675 -0.0376887545
vn -0.182892099 -0.273711175 -0.0376887545
vn -0.232776359 -0.232776359 -0.0376887545
vn -0.322867334 -0.0642235801 -0.0376887545
vn -0.329197675 0 -0.0376887545
vn -0.273711175 0.182892099 -0.0376887545
vn -0.232776359 0.232776359 -0.0376887545
vn -0.0642235801 0.322867334 -0.0376887545
vn 0 0.329197675 -0.0376887545
vn 0.125969633 0.304139256 -0.0376887545
vn 0.304139256 0.125969633 -0.0376887545
vn 0.304139256 -0.125969633 -0.0376887545
vn 0.125969633 -0.304139256 -0.0376887545
vn -0.125969633 -0.304139256 -0.0376887545
vn -0.304139256 -0.125979736 -0.0376887545
vn -0.304139256 0.125969633 -0.0376887545
vn -0.125969633 0.304139256 -0.0376887545
vn 0.0642235801 0.322867334 -0.0376887545
vn 0.273711175 0.182892099 -0.0376887545
vn 0.322867334 -0.0642235801 -0.0376887545
vn 0.182892099 -0.273711175 -0.0376887545
vn -0.182892099 0.273711175 -0.0376887545
vn -0.0642235801 -0.322867334 -0.0376887545
vn -0.273711175 -0.182892099 -0.0376887545
vn -0.322867334 0.0642235801 -0.0376887545
vn 0.06463819 0.324970722 -0.00188089849
vn 0.126798853 0.30612129 -0.00188089849
vn 0.275501072 0.184085339 -0.00188089849
vn 0.30612129 0.126798853 -0.00188089849
vn 0.324970722 -0.06463819 -0.00188089849
vn 0.30612129 -0.126798853 -0.00188089849
vn 0.184085339 -0.275501072 -0.00188089849
vn 0.126798853 -0.30612129 -0.00188089849
vn -0.275501072 -0.184085339 -0.00188089849
vn -0.30612129 -0.126798853 -0.00188089849
vn -0.324970722 0.06463819 -0.00188089849
vn -0.30612129 0.126798853 -0.00188089849
vn -0.184085339 0.275501072 -0.00188089849
vn -0.126798853 0.30612129 -0.00188089849
vn -0.06463819 -0.324970722 -0.00188089849
vn -0.126798853 -0.30612129 -0.00188089849
vn 0 0.331341505 -0.00188089849
vn 0.234293208 0.234293208 -0.00188089849
vn 0.331341505 0 -0.00188089849
vn 0.234293208 -0.234293208 -0.00188089849
vn 0 -0.331341505 -0.00188089849
vn -0.234293208 -0.234293208 -0.00188089849
vn -0.331341505 0 -0.00188089849
vn -0.234293208 0.234293208 -0.00188089849
vn 0.184085339 0.275501072 -0.00188089849
vn 0.324970722 0.06463819 -0.00188089849
vn 0.275501072 -0.184085339 -0.00188089849
vn 0.06463819 -0.324970722 -0.00188089849
vn -0.06463819 0.324970722 -0.00188089849
vn -0.184085339 -0.275501072 -0.00188089849
vn -0.324970722 -0.06463819 -0.00188089849
vn -0.275501072 0.184085339 -0.00188089849
vn 0.0633640289 0.318569571 0.0654876232
vn 0.12429098 0.300084203 0.0654876232
vn 0.270070732 0.180455014 0.0654876232
vn 0.300084203 0.124301091 0.0654876232
vn 0.318569571 -0.0633640289 0.0654876232
vn 0.300084203 -0.124301091 0.0654876232
vn 0.180455014 -0.270070732 0.0654876232
vn 0.124301091 -0.300084203 0.0654876232
vn -0.318569571 0.0633640289 0.0654876232
vn -0.300084203 0.124301091 0.0654876232
vn -0.180455014 0.270070732 0.0654876232
vn -0.124301091 0.300084203 0.0654876232
vn -0.0633640289 -0.318569571 0.0654876232
vn -0.124301091 -0.300084203 0.0654876232
vn -0.270070732 -0.180455014 0.0654876232
vn -0.300084203 -0.124301091 0.0654876232
vn 0 0.324808925 0.0654876232
vn 0.229671866 0.229671866 0.0654876232
vn 0.324808925 0 0.0654876232
vn 0.229671866 -0.229671866 0.0654876232
vn -0.229671866 -0.229671866 0.0654876232
vn -0.324808925 0 0.0654876232
vn -0.229671866 0.229671866 0.0654876232
vn 0 -0.324808925 0.0654876232
vn 0.180455014 0.270070732 0.0654876232
vn 0.318569571 0.0633640289 0.0654876232
vn 0.270070732 -0.180455014 0.0654876232
vn 0.0633640289 -0.318569571 0.0654876232
vn -0.180455014 -0.270070732 0.0654876232
vn -0.318569571 -0.0633640289 0.0654876232
vn -0.270070732 0.180455014 0.0654876232
vn -0.0633640289 0.318569571 0.0654876232
vn 0.0572056063 0.287615657 0.154243782
vn 0.11221683 0.27093029 0.154243782
vn 0.243829161 0.162920177 0.154243782
vn 0.27093029 0.11221683 0.154243782
vn 0.287615657 -0.0572056063 0.154243782
vn 0.27093029 -0.11221683 0.154243782
vn 0.162920177 -0.243829161 0.154243782
vn 0.11221683 -0.27093029 0.154243782
vn -0.162920177 0.243829161 0.154243782
vn -0.11221683 0.27093029 0.154243782
vn -0.0572056063 -0.287615657 0.154243782
vn -0.11221683 -0.27093029 0.154243782
vn -0.243829161 -0.162920177 0.154243782
vn -0.27093029 -0.11221683 0.154243782
vn -0.287615657 0.0572056063 0.154243782
vn -0.27093029 0.11221683 0.154243782
vn 0 0.293258369 0.154243782
vn 0.207363993 0.207363993 0.154243782
vn 0.293258369 0 0.154243782
vn 0.207363993 -0.207363993 0.154243782
vn -0.293258369 0 0.154243782
vn -0.207363993 0.207363993 0.154243782
vn 0 -0.293258369 0.154243782
vn -0.207363993 -0.207363993 0.154243782
vn 0.162920177 0.243829161 0.154243782
vn 0.287615657 0.0572056063 0.154243782
vn 0.243829161 -0.162920177 0.154243782
vn 0.0572056063 -0.287615657 0.154243782
vn -0.162920177 -0.243829161 0.154243782
vn -0.287615657 -0.0572056063 0.154243782
vn -0.243829161 0.162920177 0.154243782
vn -0.0572056063 0.287615657 0.154243782
vn -0.0492572896 -0.247631416 0.214574113
vn -0.0966235772 -0.233261734 0.214574113
vn -0.209932521 -0.140268505 0.214574113
vn -0.233261734 -0.0966235772 0.214574113
vn -0.247631416 0.0492572896 0.214574113
vn -0.233261734 0.0966235772 0.214574113
vn -0.140268505 0.209932521 0.214574113
vn -0.0966235772 0.233261734 0.214574113
vn 0.0492572896 0.247631416 0.214574113
vn 0.0966134667 0.233261734 0.214574113
vn 0.209932521 0.140268505 0.214574113
vn 0.233261734 0.0966235772 0.214574113
vn 0.247631416 -0.0492572896 0.214574113
vn 0.233261734 -0.0966235772 0.214574113
vn 0.140268505 -0.209932521 0.214574113
vn 0.0966235772 -0.233261734 0.214574113
vn -0.178533673 0.178533673 0.214574113
vn 0 -0.252485335 0.214574113
vn -0.178533673 -0.178533673 0.214574113
vn -0.252485335 0 0.214574113
vn 0 0.252485335 0.214574113
vn 0.178533673 0.178533673 0.214574113
vn 0.252485335 0 0.214574113
vn 0.178533673 -0.178533673 0.214574113
vn 0.0492572896 -0.247631416 0.214574113
vn -0.247631416 -0.0492572896 0.214574113
vn -0.209932521 0.140268505 0.214574113
vn -0.0492572896 0.247631416 0.214574113
vn -0.140268505 -0.209932521 0.214574113
vn 0.140268505 0.209932521 0.214574113
vn 0.247631416 0.0492572896 0.214574113
vn 0.209932521 -0.140268505 0.214574113
vn 0.0407730229 0.204977483 0.257116795
vn 0.0799786299 0.193085343 0.257116795
vn 0.173770756 0.116110086 0.257116795
vn 0.193085343 0.0799786299 0.257116795
vn 0.204977483 -0.0407730229 0.257116795
vn 0.193085343 -0.0799786299 0.257116795
vn 0.116110086 -0.173770756 0.257116795
vn 0.0799786299 -0.193085343 0.257116795
vn -0.173770756 -0.116110086 0.257116795
vn -0.193085343 -0.0799786299 0.257116795
vn -0.204977483 0.0407730229 0.257116795
vn -0.193085343 0.0799786299 0.257116795
vn -0.116110086 0.173770756 0.257116795
vn -0.0799786299 0.193085343 0.257116795
vn -0.0407730229 -0.204977483 0.257116795
vn -0.0799786299 -0.193085343 0.257116795
vn 0 0.208992094 0.257116795
vn 0.147781998 0.147781998 0.257116795
vn 0.208992094 0 0.257116795
vn 0.147781998 -0.147781998 0.257116795
vn 0 -0.208992094 0.257116795
vn -0.147781998 -0.147781998 0.257116795
vn -0.208992094 0 0.257116795
vn -0.147781998 0.147781998 0.257116795
vn 0.116110086 0.173770756 0.257116795
vn 0.204977483 0.0407730229 0.257116795
vn 0.173770756 -0.116110086 0.257116795
vn 0.0407730229 -0.204977483 0.257116795
vn -0.0407730229 0.204977483 0.257116795
vn -0.116110086 -0.173770756 0.257116795
vn -0.204977483 -0.0407730229 0.257116795
vn -0.173770756 0.116110086 0.257116795
vn 0.0323999934 0.16293031 0.286695451
vn 0.0635662749 0.15347524 0.286695451
vn 0.138124689 0.0922954828 0.286695451
vn 0.15347524 0.0635662749 0.286695451
vn 0.16293031 -0.0323999934 0.286695451
vn 0.15347524 -0.0635662749 0.286695451
vn 0.0922954828 -0.138124689 0.286695451
vn 0.0635662749 -0.15347524 0.286695451
vn -0.16293031 0.0323999934 0.286695451
vn -0.15347524 0.0635662749 0.286695451
vn -0.0922954828 0.138124689 0.286695451
vn -0.0635662749 0.15347524 0.286695451
vn -0.0323999934 -0.16293031 0.286695451
vn -0.0635662749 -0.15347524 0.286695451
vn -0.138124689 -0.0922954828 0.286695451
vn -0.15347524 -0.0635662749 0.286695451
vn 0 0.166125804 0.286695451
vn 0.117465138 0.117465138 0.286695451
vn 0.166125804 0 0.286695451
vn 0.117465138 -0.117465138 0.286695451
vn -0.117465138 -0.117465138 0.286695451
vn -0.166125804 0 0.286695451
vn -0.117465138 0.117465138 0.286695451
vn 0 -0.166125804 0.286695451
vn 0.0922954828 0.138124689 0.286695451
vn 0.16293031 0.0324101038 0.286695451
vn 0.138124689 -0.0922954828 0.286695451
vn 0.0323999934 -0.16293031 0.286695451
vn -0.0922954828 -0.138124689 0.286695451
vn -0.16293031 -0.0323999934 0.286695451
vn -0.138124689 0.0922954828 0.286695451
vn -0.0323999934 0.16293031 0.286695451
vn 0.0251393206 0.126404464 0.305251628
vn 0.0493179671 0.119073004 0.305251628
vn 0.10716065 0.07159549 0.305251628
vn 0.119073004 0.0493179671 0.305251628
vn 0.126404464 -0.0251393206 0.305251628
vn 0.119073004 -0.0493179671 0.305251628
vn 0.07159549 -0.10716065 0.305251628
vn 0.0493179671 -0.119073004 0.305251628
vn -0.07159549 0.10716065 0.305251628
vn -0.0493179671 0.119073004 0.305251628
vn -0.0251393206 -0.126404464 0.305251628
vn -0.0493179671 -0.119073004 0.305251628
vn -0.10716065 -0.07159549 0.305251628
vn -0.119073004 -0.0493179671 0.305251628
vn -0.126404464 0.0251393206 0.305251628
vn -0.119073004 0.0493179671 0.305251628
vn 0 0.128881991 0.305251628
vn 0.0911325663 0.0911325663 0.305251628
vn 0.128881991 0 0.305251628
vn 0.0911325663 -0.0911325663 0.305251628
vn -0.128881991 0 0.305251628
vn -0.0911325663 0.0911325663 0.305251628
vn 0 -0.128881991 0.305251628
vn -0.0911325663 -0.0911325663 0.305251628
vn 0.07159549 0.10716065 0.305251628
vn 0.126404464 0.0251393206 0.305251628
vn 0.10716065 -0.07159549 0.305251628
vn 0.0251393206 -0.126404464 0.305251628
vn -0.07159549 -0.10716065 0.305251628
vn -0.126404464 -0.0251393206 0.305251628
vn -0.10716065 0.07159549 0.305251628
vn -0.0251393206 0.126404464 0.305251628
vn 0.010001122 0.0503089763 0.327357233
vn 0.0196179729 0.0473865047 0.327357233
vn 0.0426438116 0.0284966212 0.327357233
vn 0.0473865047 0.0196280852 0.327357233
vn 0.0502988659 -0.010001122 0.327357233
vn 0.0473865047 -0.0196280852 0.327357233
vn 0.0284865107 -0.0426438116 0.327357233
vn 0.0196179729 -0.0473865047 0.327357233
vn -0.010001122 -0.0503089763 0.32734713
vn -0.0196280852 -0.0473865047 0.32734713
vn -0.0426438116 -0.0284966212 0.32734713
vn -0.0473865047 -0.0196280852 0.32734713
vn -0.0503089763 0.010001122 0.32734713
vn -0.0473865047 0.0196280852 0.32734713
vn -0.0284966212 0.0426438116 0.32734713
vn -0.0196280852 0.0473865047 0.32734713
vn 0 0.0512898751 0.32734713
vn 0.0362629108 0.0362629108 0.327357233
vn 0.0512898751 0 0.327357233
vn 0.0362629108 -0.0362629108 0.327357233
vn -0.0362629108 0.0362629108 0.32734713
vn 0 -0.0512898751 0.32734713
vn -0.0362629108 -0.0362629108 0.32734713
vn -0.0512898751 0 0.32734713
vn 0.0284865107 0.0426438116 0.327357233
vn 0.0502988659 0.010001122 0.327357233
vn 0.0426438116 -0.0284966212 0.327357233
vn 0.010001122 -0.0503089763 0.327357233
vn -0.0503089763 -0.010001122 0.32734713
vn -0.0426438116 0.0284966212 0.32734713
vn -0.010001122 0.0503089763 0.32734713
vn -0.0284966212 -0.0426438116 0.32734713
f  1//1 2//2 3//3 4//4
f  5//5 6//6 7//4 8//4
f  9//7 10//8 11//9 12//9
f  13//10 14//11 15//9 16//12
f  17//13 18//14 19//4 20//4
f  21//15 22//16 23//12 24//9
f  25//17 26//18 27//9 28//3
f  29//19 30//20 31//3 32//4
f  33//2 34//21 35//3 36//3
f  37//6 38//22 39//4 40//4
f  41//8 42//23 43//9 44//9
f  45//11 46//24 47//9 48//9
f  49//20 50//25 51//4 52//3
f  53//14 54//26 55//4 56//4
f  57//16 58//27 59//12 60//12
f  61//18 62//28 63//12 64//9
f  65//21 66//29 67//4 68//3
f  69//22 70//30 71//3 72//4
f  73//23 74//31 75//9 76//9
f  77//24 78//32 79//12 80//9
f  81//28 82//33 83//12 84//12
f  85//25 86//34 87//4 88//4
f  89//26 90//35 91//3 92//4
f  93//27 94//36 95//9 96//12
f  97//29 98//13 99//4 100//4
f  101//30 102//1 103//4 104//3
f  105//31 106//5 107//4 108//9
f  109//32 110//7 111//9 112//12
f  113//36 114//10 115//12 116//9
f  117//33 118//15 119//9 120//12
f  121//34 122//17 123//3 124//4
f  125//35 126//19 127//4 128//3
f  129//4 130//3 131//4 132//4
f  133//4 134//4 135//4 136//9
f  137//9 138//9 139//9 140//9
f  141//12 142//9 143//9 144//9
f  145//9 146//12 147//12 148//9
f  149//3 150//9 151//9 152//12
f  153//4 154//3 155//4 156//4
f  157//4 158//4 159//4 160//4
f  161//3 162//3 163//4 164//4
f  165//4 166//4 167//3 168//4
f  169//9 170//9 171//9 172//9
f  173//9 174//9 175//12 176//9
f  177//4 178//4 179//4 180//4
f  181//12 182//12 183//9 184//12
f  185//9 186//12 187//9 188//9
f  189//3 190//4 191//4 192//4
f  193//3 194//4 195//4 196//4
f  197//4 198//3 199//3 200//3
f  201//9 202//9 203//9 204//9
f  205//9 206//12 207//12 208//12
f  209//4 210//4 211//4 212//4
f  213//4 214//3 215//4 216//4
f  217//12 218//9 219//9 220//9
f  221//12 222//12 223//12 224//9
f  225//4 226//4 227//4 228//4
f  229//3 230//4 231//4 232//3
f  233//9 234//4 235//9 236//9
f  237//12 238//9 239//9 240//12
f  241//12 242//9 243//9 244//12
f  245//4 246//3 247//12 248//4
f  249//3 250//4 251//4 252//4
f  253//9 254//12 255//9 256//9
f  257//37 258//38 259//39 260//40
f  261//41 262//42 263//43 264//44
f  265//45 266//46 267//47 268//48
f  269//49 270//50 271//51 272//52
f  273//53 274//54 275//55 276//56
f  277//57 278//58 279//59 280//60
f  281//61 282//62 283//63 284//64
f  285//65 286//66 287//67 288//68
f  289//38 290//69 291//70 292//39
f  293//42 294//71 295//72 296//43
f  297//46 298//73 299//74 300//47
f  301//50 302//75 303//76 304//51
f  305//66 306//77 307//78 308//67
f  309//54 310//79 311//80 312//55
f  313//58 314//81 315//82 316//59
f  317//62 318//83 319//84 320//63
f  321//69 322//85 323//86 324//70
f  325//71 326//87 327//88 328//72
f  329//73 330//89 331//90 332//74
f  333//75 334//91 335//92 336//76
f  337//77 338//93 339//94 340//78
f  341//79 342//95 343//96 344//80
f  345//81 346//97 347//98 348//82
f  349//83 350//99 351//100 352//84
f  353//85 354//61 355//64 356//86
f  357//87 358//37 359//40 360//88
f  361//89 362//41 363//44 364//90
f  365//91 366//45 367//48 368//92
f  369//99 370//57 371//60 372//100
f  373//93 374//49 375//52 376//94
f  377//95 378//65 379//68 380//96
f  381//97 382//53 383//56 384//98
f  385//40 386//39 387//101 388//102
f  389//44 390//43 391//103 392//104
f  393//48 394//47 395//105 396//106
f  397//52 398//51 399//107 400//108
f  401//68 402//67 403//109 404//110
f  405//56 406//55 407//111 408//112
f  409//60 410//59 411//113 412//114
f  413//64 414//63 415//115 416//116
f  417//39 418//70 419//117 420//101
f  421//43 422//72 423//118 424//103
f  425//47 426//74 427//119 428//105
f  429//51 430//76 431//120 432//107
f  433//63 434//84 435//121 436//115
f  437//67 438//78 439//122 440//109
f  441//55 442//80 443//123 444//111
f  445//59 446//82 447//124 448//113
f  449//70 450//86 451//125 452//117
f  453//72 454//88 455//126 456//118
f  457//74 458//90 459//127 460//119
f  461//76 462//92 463//128 464//120
f  465//82 466//98 467//129 468//124
f  469//84 470//100 471//130 472//121
f  473//78 474//94 475//131 476//122
f  477//80 478//96 479//132 480//123
f  481//86 482//64 483//116 484//125
f  485//88 486//40 487//102 488//126
f  489//90 490//44 491//104 492//127
f  493//92 494//48 495//106 496//128
f  497//96 498//68 499//110 500//132
f  501//98 502//56 503//112 504//129
f  505//100 506//60 507//114 508//130
f  509//94 510//52 511//108 512//131
f  513//102 514//101 515//133 516//134
f  517//104 518//103 519//135 520//136
f  521//106 522//105 523//137 524//138
f  525//108 526//107 527//139 528//140
f  529//110 530//109 531//141 532//142
f  533//112 534//111 535//143 536//144
f  537//114 538//113 539//145 540//146
f  541//116 542//115 543//147 544//148
f  545//101 546//117 547//149 548//133
f  549//103 550//118 551//150 552//135
f  553//105 554//119 555//151 556//137
f  557//107 558//120 559//152 560//139
f  561//109 562//122 563//153 564//141
f  565//111 566//123 567//154 568//143
f  569//113 570//124 571//155 572//145
f  573//115 574//121 575//156 576//147
f  577//117 578//125 579//157 580//149
f  581//118 582//126 583//158 584//150
f  585//119 586//127 587//159 588//151
f  589//120 590//128 591//160 592//152
f  593//121 594//130 595//161 596//156
f  597//122 598//131 599//162 600//153
f  601//123 602//132 603//163 604//154
f  605//124 606//129 607//164 608//155
f  609//125 610//116 611//148 612//157
f  613//126 614//102 615//134 616//158
f  617//127 618//104 619//136 620//159
f  621//128 622//106 623//138 624//160
f  625//129 626//112 627//144 628//164
f  629//130 630//114 631//146 632//161
f  633//131 634//108 635//140 636//162
f  637//132 638//110 639//142 640//163
f  641//134 642//133 643//165 644//166
f  645//136 646//135 647//167 648//168
f  649//138 650//137 651//169 652//170
f  653//140 654//139 655//171 656//172
f  657//144 658//143 659//173 660//174
f  661//146 662//145 663//175 664//176
f  665//148 666//147 667//177 668//178
f  669//142 670//141 671//179 672//180
f  673//133 674//149 675//181 676//165
f  677//135 678//150 679//182 680//167
f  681//137 682//151 683//183 684//169
f  685//139 686//152 687//184 688//171
f  689//141 690//153 691//185 692//179
f  693//143 694//154 695//186 696//173
f  697//145 698//155 699//187 700//175
f  701//147 702//156 703//188 704//177
f  705//149 706//157 707//189 708//181
f  709//150 710//158 711//190 712//182
f  713//151 714//159 715//191 716//183
f  717//152 718//160 719//192 720//184
f  721//153 722//162 723//193 724//185
f  725//154 726//163 727//194 728//186
f  729//155 730//164 731//195 732//187
f  733//156 734//161 735//196 736//188
f  737//157 738//148 739//178 740//189
f  741//158 742//134 743//166 744//190
f  745//159 746//136 747//168 748//191
f  749//160 750//138 751//170 752//192
f  753//161 754//146 755//176 756//196
f  757//162 758//140 759//172 760//193
f  761//163 762//142 763//180 764//194
f  765//164 766//144 767//174 768//195
f  769//166 770//165 771//197 772//198
f  773//168 774//167 775//199 776//200
f  777//170 778//169 779//201 780//202
f  781//172 782//171 783//203 784//204
f  785//176 786//175 787//205 788//206
f  789//178 790//177 791//207 792//208
f  793//180 794//179 795//209 796//210
f  797//174 798//173 799//211 800//212
f  801//165 802//181 803//213 804//197
f  805//167 806//182 807//214 808//199
f  809//169 810//183 811//215 812//201
f  813//171 814//184 815//216 816//203
f  817//173 818//186 819//217 820//211
f  821//175 822//187 823//218 824//205
f  825//177 826//188 827//219 828//207
f  829//179 830//185 831//220 832//209
f  833//181 834//189 835//221 836//213
f  837//182 838//190 839//222 840//214
f  841//183 842//191 843//223 844//215
f  845//184 846//192 847//224 848//216
f  849//185 850//193 851//225 852//220
f  853//186 854//194 855//226 856//217
f  857//187 858//195 859//227 860//218
f  861//188 862//196 863//228 864//219
f  865//189 866//178 867//208 868//221
f  869//190 870//166 871//198 872//222
f  873//191 874//168 875//200 876//223
f  877//192 878//170 879//202 880//224
f  881//193 882//172 883//204 884//225
f  885//194 886//180 887//210 888//226
f  889//195 890//174 891//212 892//227
f  893//196 894//176 895//206 896//228
f  897//198 898//197 899//229 900//230
f  901//200 902//199 903//231 904//232
f  905//202 906//201 907//233 908//234
f  909//204 910//203 911//235 912//236
f  913//208 914//207 915//237 916//238
f  917//210 918//209 919//239 920//240
f  921//212 922//211 923//241 924//242
f  925//206 926//205 927//243 928//244
f  929//197 930//213 931//245 932//229
f  933//199 934//214 935//246 936//231
f  937//201 938//215 939//247 940//233
f  941//203 942//216 943//248 944//235
f  945//205 946//218 947//249 948//243
f  949//207 950//219 951//250 952//237
f  953//209 954//220 955//251 956//239
f  957//211 958//217 959//252 960//241
f  961//213 962//221 963//253 964//245
f  965//214 966//222 967//254 968//246
f  969//215 970//223 971//255 972//247
f  973//216 974//224 975//256 976//248
f  977//217 978//226 979//257 980//252
f  981//218 982//227 983//258 984//249
f  985//219 986//228 987//259 988//250
f  989//220 990//225 991//260 992//251
f  993//221 994//208 995//238 996//253
f  997//222 998//198 999//230 1000//254
f  1001//223 1002//200 1003//232 1004//255
f  1005//224 1006//202 1007//234 1008//256
f  1009//225 1010//204 1011//236 1012//260
f  1013//226 1014//210 1015//240 1016//257
f  1017//227 1018//212 1019//242 1020//258
f  1021//228 1022//206 1023//244 1024//259
f  1025//230 1026//229 1027//261 1028//262
f  1029//232 1030//231 1031//263 1032//264
f  1033//234 1034//233 1035//265 1036//266
f  1037//236 1038//235 1039//267 1040//268
f  1041//240 1042//239 1043//269 1044//270
f  1045//242 1046//241 1047//271 1048//272
f  1049//244 1050//243 1051//273 1052//274
f  1053//238 1054//237 1055//275 1056//276
f  1057//229 1058//245 1059//277 1060//261
f  1061//231 1062//246 1063//278 1064//263
f  1065//233 1066//247 1067//279 1068//265
f  1069//235 1070//248 1071//280 1072//267
f  1073//237 1074//250 1075//281 1076//275
f  1077//239 1078//251 1079//282 1080//269
f  1081//241 1082//252 1083//283 1084//271
f  1085//243 1086//249 1087//284 1088//273
f  1089//245 1090//253 1091//285 1092//277
f  1093//246 1094//254 1095//286 1096//278
f  1097//247 1098//255 1099//287 1100//279
f  1101//248 1102//256 1103//288 1104//280
f  1105//249 1106//258 1107//289 1108//284
f  1109//250 1110//259 1111//290 1112//281
f  1113//251 1114//260 1115//291 1116//282
f  1117//252 1118//257 1119//292 1120//283
f  1121//253 1122//238 1123//276 1124//285
f  1125//254 1126//230 1127//262 1128//286
f  1129//255 1130//232 1131//264 1132//287
f  1133//256 1134//234 1135//266 1136//288
f  1137//257 1138//240 1139//270 1140//292
f  1141//258 1142//242 1143//272 1144//289
f  1145//259 1146//244 1147//274 1148//290
f  1149//260 1150//236 1151//268 1152//291
f  1153//262 1154//261 1155//293 1156//294
f  1157//264 1158//263 1159//295 1160//296
f  1161//266 1162//265 1163//297 1164//298
f  1165//268 1166//267 1167//299 1168//300
f  1169//270 1170//269 1171//301 1172//302
f  1173//272 1174//271 1175//303 1176//304
f  1177//274 1178//273 1179//305 1180//306
f  1181//276 1182//275 1183//307 1184//308
f  1185//261 1186//277 1187//309 1188//293
f  1189//263 1190//278 1191//310 1192//295
f  1193//265 1194//279 1195//311 1196//297
f  1197//267 1198//280 1199//312 1200//299
f  1201//269 1202//282 1203//313 1204//301
f  1205//271 1206//283 1207//314 1208//303
f  1209//273 1210//284 1211//315 1212//305
f  1213//275 1214//281 1215//316 1216//307
f  1217//277 1218//285 1219//317 1220//309
f  1221//278 1222//286 1223//318 1224//310
f  1225//279 1226//287 1227//319 1228//311
f  1229//280 1230//288 1231//320 1232//312
f  1233//281 1234//290 1235//321 1236//316
f  1237//282 1238//291 1239//322 1240//313
f  1241//283 1242//292 1243//323 1244//314
f  1245//284 1246//289 1247//324 1248//315
f  1249//285 1250//276 1251//308 1252//317
f  1253//286 1254//262 1255//294 1256//318
f  1257//287 1258//264 1259//296 1260//319
f  1261//288 1262//266 1263//298 1264//320
f  1265//289 1266//272 1267//304 1268//324
f  1269//290 1270//274 1271//306 1272//321
f  1273//291 1274//268 1275//300 1276//322
f  1277//292 1278//270 1279//302 1280//323
f  1281//294 1282//293 1283//325 1284//326
f  1285//296 1286//295 1287//327 1288//328
f  1289//298 1290//297 1291//329 1292//330
f  1293//300 1294//299 1295//331 1296//332
f  1297//304 1298//303 1299//333 1300//334
f  1301//306 1302//305 1303//335 1304//336
f  1305//308 1306//307 1307//337 1308//338
f  1309//302 1310//301 1311//339 1312//340
f  1313//293 1314//309 1315//341 1316//325
f  1317//295 1318//310 1319//342 1320//327
f  1321//297 1322//311 1323//343 1324//329
f  1325//299 1326//312 1327//344 1328//331
f  1329//301 1330//313 1331//345 1332//339
f  1333//303 1334//314 1335//346 1336//333
f  1337//305 1338//315 1339//347 1340//335
f  1341//307 1342//316 1343//348 1344//337
f  1345//309 1346//317 1347//349 1348//341
f  1349//310 1350//318 1351//350 1352//342
f  1353//311 1354//319 1355//351 1356//343
f  1357//312 1358//320 1359//352 1360//344
f  1361//313 1362//322 1363//353 1364//345
f  1365//314 1366//323 1367//354 1368//346
f  1369//315 1370//324 1371//355 1372//347
f  1373//316 1374//321 1375//356 1376//348
f  1377//317 1378//308 1379//338 1380//349
f  1381//318 1382//294 1383//326 1384//350
f  1385//319 1386//296 1387//328 1388//351
f  1389//320 1390//298 1391//330 1392//352
f  1393//321 1394//306 1395//336 1396//356
f  1397//322 1398//300 1399//332 1400//353
f  1401//323 1402//302 1403//340 1404//354
f  1405//324 1406//304 1407//334 1408//355
f  1409//326 1410//325 1411//357 1412//358
f  1413//328 1414//327 1415//359 1416//360
f  1417//330 1418//329 1419//361 1420//362
f  1421//332 1422//331 1423//363 1424//364
f  1425//336 1426//335 1427//365 1428//366
f  1429//338 1430//337 1431//367 1432//368
f  1433//340 1434//339 1435//369 1436//370
f  1437//334 1438//333 1439//371 1440//372
f  1441//325 1442//341 1443//373 1444//357
f  1445//327 1446//342 1447//374 1448//359
f  1449//329 1450//343 1451//375 1452//361
f  1453//331 1454//344 1455//376 1456//363
f  1457//333 1458//346 1459//377 1460//371
f  1461//335 1462//347 1463//378 1464//365
f  1465//337 1466//348 1467//379 1468//367
f  1469//339 1470//345 1471//380 1472//369
f  1473//341 1474//349 1475//381 1476//373
f  1477//342 1478//350 1479//382 1480//374
f  1481//343 1482//351 1483//383 1484//375
f  1485//344 1486//352 1487//384 1488//376
f  1489//345 1490//353 1491//385 1492//380
f  1493//346 1494//354 1495//386 1496//377
f  1497//347 1498//355 1499//387 1500//378
f  1501//348 1502//356 1503//388 1504//379
f  1505//349 1506//338 1507//368 1508//381
f  1509//350 1510//326 1511//358 1512//382
f  1513//351 1514//328 1515//360 1516//383
f  1517//352 1518//330 1519//362 1520//384
f  1521//353 1522//332 1523//364 1524//385
f  1525//354 1526//340 1527//370 1528//386
f  1529//355 1530//334 1531//372 1532//387
f  1533//356 1534//336 1535//366 1536//388
f  1537//358 1538//357 1539//389 1540//390
f  1541//360 1542//359 1543//391 1544//392
f  1545//362 1546//361 1547//393 1548//394
f  1549//364 1550//363 1551//395 1552//396
f  1553//368 1554//367 1555//397 1556//398
f  1557//370 1558//369 1559//399 1560//400
f  1561//372 1562//371 1563//401 1564//402
f  1565//366 1566//365 1567//403 1568//404
f  1569//357 1570//373 1571//405 1572//389
f  1573//359 1574//374 1575//406 1576//391
f  1577//361 1578//375 1579//407 1580//393
f  1581//363 1582//376 1583//408 1584//395
f  1585//365 1586//378 1587//409 1588//403
f  1589//367 1590//379 1591//410 1592//397
f  1593//369 1594//380 1595//411 1596//399
f  1597//371 1598//377 1599//412 1600//401
f  1601//373 1602//381 1603//413 1604//405
f  1605//374 1606//382 1607//414 1608//406
f  1609//375 1610//383 1611//415 1612//407
f  1613//376 1614//384 1615//416 1616//408
f  1617//377 1618//386 1619//417 1620//412
f  1621//378 1622//387 1623//418 1624//409
f  1625//379 1626//388 1627//419 1628//410
f  1629//380 1630//385 1631//420 1632//411
f  1633//381 1634//368 1635//398 1636//413
f  1637//382 1638//358 1639//390 1640//414
f  1641//383 1642//360 1643//392 1644//415
f  1645//384 1646//362 1647//394 1648//416
f  1649//385 1650//364 1651//396 1652//420
f  1653//386 1654//370 1655//400 1656//417
f  1657//387 1658//372 1659//402 1660//418
f  1661//388 1662//366 1663//404 1664//419
f  1665//390 1666//389 1667//421 1668//422
f  1669//392 1670//391 1671//423 1672//424
f  1673//394 1674//393 1675//425 1676//426
f  1677//396 1678//395 1679//427 1680//428
f  1681//400 1682//399 1683//429 1684//430
f  1685//402 1686//401 1687//431 1688//432
f  1689//404 1690//403 1691//433 1692//434
f  1693//398 1694//397 1695//435 1696//436
f  1697//389 1698//405 1699//437 1700//421
f  1701//391 1702//406 1703//438 1704//423
f  1705//393 1706//407 1707//439 1708//425
f  1709//395 1710//408 1711//440 1712//427
f  1713//397 1714//410 1715//441 1716//435
f  1717//399 1718//411 1719//442 1720//429
f  1721//401 1722//412 1723//443 1724//431
f  1725//403 1726//409 1727//444 1728//433
f  1729//405 1730//413 1731//445 1732//437
f  1733//406 1734//414 1735//446 1736//438
f  1737//407 1738//415 1739//447 1740//439
f  1741//408 1742//416 1743//448 1744//440
f  1745//409 1746//418 1747//449 1748//444
f  1749//410 1750//419 1751//450 1752//441
f  1753//411 1754//420 1755//451 1756//442
f  1757//412 1758//417 1759//452 1760//443
f  1761//413 1762//398 1763//436 1764//445
f  1765//414 1766//390 1767//422 1768//446
f  1769//415 1770//392 1771//424 1772//447
f  1773//416 1774//394 1775//426 1776//448
f  1777//417 1778//400 1779//430 1780//452
f  1781//418 1782//402 1783//432 1784//449
f  1785//419 1786//404 1787//434 1788//450
f  1789//420 1790//396 1791//428 1792//451
f  1793//422 1794//421 1795//453 1796//454
f  1797//424 1798//423 1799//455 1800//456
f  1801//426 1802//425 1803//457 1804//458
f  1805//428 1806//427 1807//459 1808//460
f  1809//430 1810//429 1811//461 1812//462
f  1813//432 1814//431 1815//463 1816//464
f  1817//434 1818//433 1819//465 1820//466
f  1821//436 1822//435 1823//467 1824//468
f  1825//421 1826//437 1827//469 1828//453
f  1829//423 1830//438 1831//470 1832//455
f  1833//425 1834//439 1835//471 1836//457
f  1837//427 1838//440 1839//472 1840//459
f  1841//429 1842//442 1843//473 1844//461
f  1845//431 1846//443 1847//474 1848//463
f  1849//433 1850//444 1851//475 1852//465
f  1853//435 1854//441 1855//476 1856//467
f  1857//437 1858//445 1859//477 1860//469
f  1861//438 1862//446 1863//478 1864//470
f  1865//439 1866//447 1867//479 1868//471
f  1869//440 1870//448 1871//480 1872//472
f  1873//441 1874//450 1875//481 1876//476
f  1877//442 1878//451 1879//482 1880//473
f  1881//443 1882//452 1883//483 1884//474
f  1885//444 1886//449 1887//484 1888//475
f  1889//445 1890//436 1891//468 1892//477
f  1893//446 1894//422 1895//454 1896//478
f  1897//447 1898//424 1899//456 1900//479
f  1901//448 1902//426 1903//458 1904//480
f  1905//449 1906//432 1907//464 1908//484
f  1909//450 1910//434 1911//466 1912//481
f  1913//451 1914//428 1915//460 1916//482
f  1917//452 1918//430 1919//462 1920//483
f  1921//485 1922//486 1923//487 1924//488
f  1925//489 1926//490 1927//491 1928//492
f  1929//493 1930//494 1931//495 1932//496
f  1933//497 1934//498 1935//499 1936//500
f  1937//501 1938//502 1939//503 1940//504
f  1941//505 1942//506 1943//507 1944//508
f  1945//509 1946//510 1947//511 1948//512
f  1949//513 1950//514 1951//515 1952//516
f  1953//486 1954//517 1955//518 1956//487
f  1957//490 1958//519 1959//520 1960//491
f  1961//494 1962//521 1963//522 1964//495
f  1965//498 1966//523 1967//524 1968//499
f  1969//514 1970//525 1971//526 1972//515
f  1973//502 1974//527 1975//528 1976//503
f  1977//506 1978//529 1979//530 1980//507
f  1981//510 1982//531 1983//532 1984//511
f  1985//517 1986//533 1987//534 1988//518
f  1989//519 1990//535 1991//536 1992//520
f  1993//521 1994//537 1995//538 1996//522
f  1997//523 1998//539 1999//540 2000//524
f  2001//531 2002//541 2003//542 2004//532
f  2005//525 2006//543 2007//544 2008//526
f  2009//527 2010//545 2011//546 2012//528
f  2013//529 2014//547 2015//548 2016//530
f  2017//533 2018//505 2019//508 2020//534
f  2021//535 2022//485 2023//488 2024//536
f  2025//537 2026//489 2027//492 2028//538
f  2029//539 2030//493 2031//496 2032//540
f  2033//541 2034//497 2035//500 2036//542
f  2037//543 2038//509 2039//512 2040//544
f  2041//545 2042//513 2043//516 2044//546
f  2045//547 2046//501 2047//504 2048//548
f  2049//549 2050//550 2051//551 2052//552
f  2053//553 2054//554 2055//555 2056//556
f  2057//557 2058//558 2059//559 2060//560
f  2061//561 2062//562 2063//563 2064//564
f  2065//565 2066//566 2067//567 2068//568
f  2069//569 2070//570 2071//571 2072//572
f  2073//573 2074//574 2075//575 2076//576
f  2077//577 2078//578 2079//579 2080//580
f  2081//550 2082//581 2083//582 2084//551
f  2085//554 2086//583 2087//584 2088//555
f  2089//558 2090//585 2091//586 2092//559
f  2093//562 2094//587 2095//588 2096//563
f  2097//578 2098//589 2099//590 2100//579
f  2101//566 2102//591 2103//592 2104//567
f  2105//570 2106//593 2107//594 2108//571
f  2109//574 2110//595 2111//596 2112//575
f  2113//581 2114//597 2115//598 2116//582
f  2117//583 2118//599 2119//600 2120//584
f  2121//585 2122//601 2123//602 2124//586
f  2125//587 2126//603 2127//604 2128//588
f  2129//595 2130//605 2131//606 2132//596
f  2133//589 2134//607 2135//608 2136//590
f  2137//591 2138//609 2139//610 2140//592
f  2141//593 2142//611 2143//612 2144//594
f  2145//597 2146//577 2147//580 2148//598
f  2149//599 2150//549 2151//552 2152//600
f  2153//601 2154//553 2155//556 2156//602
f  2157//603 2158//557 2159//560 2160//604
f  2161//611 2162//565 2163//568 2164//612
f  2165//605 2166//569 2167//572 2168//606
f  2169//607 2170//573 2171//576 2172//608
f  2173//609 2174//561 2175//564 2176//610
f  2177//552 2178//551 2179//613 2180//614
f  2181//556 2182//555 2183//615 2184//616
f  2185//560 2186//559 2187//617 2188//618
f  2189//564 2190//563 2191//619 2192//620
f  2193//568 2194//567 2195//621 2196//622
f  2197//572 2198//571 2199//623 2200//624
f  2201//576 2202//575 2203//625 2204//626
f  2205//580 2206//579 2207//627 2208//628
f  2209//551 2210//582 2211//629 2212//613
f  2213//555 2214//584 2215//630 2216//615
f  2217//559 2218//586 2219//631 2220//617
f  2221//563 2222//588 2223//632 2224//619
f  2225//567 2226//592 2227//633 2228//621
f  2229//571 2230//594 2231//634 2232//623
f  2233//575 2234//596 2235//635 2236//625
f  2237//579 2238//590 2239//636 2240//627
f  2241//582 2242//598 2243//637 2244//629
f  2245//584 2246//600 2247//638 2248//630
f  2249//586 2250//602 2251//639 2252//631
f  2253//588 2254//604 2255//640 2256//632
f  2257//590 2258//608 2259//641 2260//636
f  2261//592 2262//610 2263//642 2264//633
f  2265//594 2266//612 2267//643 2268//634
f  2269//596 2270//606 2271//644 2272//635
f  2273//598 2274//580 2275//628 2276//637
f  2277//600 2278//552 2279//614 2280//638
f  2281//602 2282//556 2283//616 2284//639
f  2285//604 2286//560 2287//618 2288//640
f  2289//606 2290//572 2291//624 2292//644
f  2293//608 2294//576 2295//626 2296//641
f  2297//610 2298//564 2299//620 2300//642
f  2301//612 2302//568 2303//622 2304//643
f  2305//629 2306//637 2307//645 2308//646
f  2309//630 2310//638 2311//647 2312//648
f  2313//631 2314//639 2315//649 2316//650
f  2317//632 2318//640 2319//651 2320//652
f  2321//634 2322//643 2323//653 2324//654
f  2325//635 2326//644 2327//655 2328//656
f  2329//636 2330//641 2331//657 2332//658
f  2333//633 2334//642 2335//659 2336//660
f  2337//637 2338//628 2339//661 2340//645
f  2341//638 2342//614 2343//662 2344//647
f  2345//639 2346//616 2347//663 2348//649
f  2349//640 2350//618 2351//664 2352//651
f  2353//642 2354//620 2355//665 2356//659
f  2357//643 2358//622 2359//666 2360//653
f  2361//644 2362//624 2363//667 2364//655
f  2365//641 2366//626 2367//668 2368//657
f  2369//614 2370//613 2371//669 2372//662
f  2373//616 2374//615 2375//670 2376//663
f  2377//618 2378//617 2379//671 2380//664
f  2381//620 2382//619 2383//672 2384//665
f  2385//628 2386//627 2387//673 2388//661
f  2389//622 2390//621 2391//674 2392//666
f  2393//624 2394//623 2395//675 2396//667
f  2397//626 2398//625 2399//676 2400//668
f  2401//613 2402//629 2403//646 2404//669
f  2405//615 2406//630 2407//648 2408//670
f  2409//617 2410//631 2411//650 2412//671
f  2413//619 2414//632 2415//652 2416//672
f  2417//625 2418//635 2419//656 2420//676
f  2421//627 2422//636 2423//658 2424//673
f  2425//621 2426//633 2427//660 2428//674
f  2429//623 2430//634 2431//654 2432//675
f  2433//646 2434//645 2435//677 2436//678
f  2437//648 2438//647 2439//679 2440//680
f  2441//650 2442//649 2443//681 2444//682
f  2445//652 2446//651 2447//683 2448//684
f  2449//656 2450//655 2451//685 2452//686
f  2453//658 2454//657 2455//687 2456//688
f  2457//660 2458//659 2459//689 2460//690
f  2461//654 2462//653 2463//691 2464//692
f  2465//645 2466//661 2467//693 2468//677
f  2469//647 2470//662 2471//694 2472//679
f  2473//649 2474//663 2475//695 2476//681
f  2477//651 2478//664 2479//696 2480//683
f  2481//653 2482//666 2483//697 2484//691
f  2485//655 2486//667 2487//698 2488//685
f  2489//657 2490//668 2491//699 2492//687
f  2493//659 2494//665 2495//700 2496//689
f  2497//662 2498//669 2499//701 2500//694
f  2501//663 2502//670 2503//702 2504//695
f  2505//664 2506//671 2507//703 2508//696
f  2509//665 2510//672 2511//704 2512//700
f  2513//666 2514//674 2515//705 2516//697
f  2517//667 2518//675 2519//706 2520//698
f  2521//668 2522//676 2523//707 2524//699
f  2525//661 2526//673 2527//708 2528//693
f  2529//669 2530//646 2531//678 2532//701
f  2533//670 2534//648 2535//680 2536//702
f  2537//671 2538//650 2539//682 2540//703
f  2541//672 2542//652 2543//684 2544//704
f  2545//673 2546//658 2547//688 2548//708
f  2549//674 2550//660 2551//690 2552//705
f  2553//675 2554//654 2555//692 2556//706
f  2557//676 2558//656 2559//686 2560//707
f  2561//678 2562//677 2563//709 2564//710
f  2565//680 2566//679 2567//711 2568//712
f  2569//682 2570//681 2571//713 2572//714
f  2573//684 2574//683 2575//715 2576//716
f  2577//688 2578//687 2579//717 2580//718
f  2581//690 2582//689 2583//719 2584//720
f  2585//692 2586//691 2587//721 2588//722
f  2589//686 2590//685 2591//723 2592//724
f  2593//677 2594//693 2595//725 2596//709
f  2597//679 2598//694 2599//726 2600//711
f  2601//681 2602//695 2603//727 2604//713
f  2605//683 2606//696 2607//728 2608//715
f  2609//685 2610//698 2611//729 2612//723
f  2613//687 2614//699 2615//730 2616//717
f  2617//689 2618//700 2619//731 2620//719
f  2621//691 2622//697 2623//732 2624//721
f  2625//694 2626//701 2627//733 2628//726
f  2629//695 2630//702 2631//734 2632//727
f  2633//696 2634//703 2635//735 2636//728
f  2637//700 2638//704 2639//736 2640//731
f  2641//697 2642//705 2643//737 2644//732
f  2645//698 2646//706 2647//738 2648//729
f  2649//699 2650//707 2651//739 2652//730
f  2653//693 2654//708 2655//740 2656//725
f  2657//701 2658//678 2659//710 2660//733
f  2661//702 2662//680 2663//712 2664//734
f  2665//703 2666//682 2667//714 2668//735
f  2669//704 2670//684 2671//716 2672//736
f  2673//705 2674//690 2675//720 2676//737
f  2677//706 2678//692 2679//722 2680//738
f  2681//707 2682//686 2683//724 2684//739
f  2685//708 2686//688 2687//718 2688//740
f  2689//720 2690//719 2691//741 2692//742
f  2693//722 2694//721 2695//743 2696//744
f  2697//724 2698//723 2699//745 2700//746
f  2701//718 2702//717 2703//747 2704//748
f  2705//710 2706//709 2707//749 2708//750
f  2709//712 2710//711 2711//751 2712//752
f  2713//714 2714//713 2715//753 2716//754
f  2717//716 2718//715 2719//755 2720//756
f  2721//717 2722//730 2723//757 2724//747
f  2725//719 2726//731 2727//758 2728//741
f  2729//721 2730//732 2731//759 2732//743
f  2733//723 2734//729 2735//760 2736//745
f  2737//709 2738//725 2739//761 2740//749
f  2741//711 2742//726 2743//762 2744//751
f  2745//713 2746//727 2747//763 2748//753
f  2749//715 2750//728 2751//764 2752//755
f  2753//731 2754//736 2755//765 2756//758
f  2757//729 2758//738 2759//766 2760//760
f  2761//730 2762//739 2763//767 2764//757
f  2765//725 2766//740 2767//768 2768//761
f  2769//732 2770//737 2771//769 2772//759
f  2773//726 2774//733 2775//770 2776//762
f  2777//727 2778//734 2779//771 2780//763
f  2781//728 2782//735 2783//772 2784//764
f  2785//733 2786//710 2787//750 2788//770
f  2789//734 2790//712 2791//752 2792//771
f  2793//735 2794//714 2795//754 2796//772
f  2797//736 2798//716 2799//756 2800//765
f  2801//737 2802//720 2803//742 2804//769
f  2805//738 2806//722 2807//744 2808//766
f  2809//739 2810//724 2811//746 2812//767
f  2813//740 2814//718 2815//748 2816//768
f  2817//750 2818//749 2819//773 2820//774
f  2821//752 2822//751 2823//775 2824//776
f  2825//754 2826//753 2827//777 2828//778
f  2829//756 2830//755 2831//779 2832//780
f  2833//744 2834//743 2835//781 2836//782
f  2837//746 2838//745 2839//783 2840//784
f  2841//748 2842//747 2843//785 2844//786
f  2845//742 2846//741 2847//787 2848//788
f  2849//749 2850//761 2851//789 2852//773
f  2853//751 2854//762 2855//790 2856//775
f  2857//753 2858//763 2859//791 2860//777
f  2861//755 2862//764 2863//792 2864//779
f  2865//741 2866//758 2867//793 2868//787
f  2869//743 2870//759 2871//794 2872//781
f  2873//745 2874//760 2875//795 2876//783
f  2877//747 2878//757 2879//796 2880//785
f  2881//762 2882//770 2883//797 2884//790
f  2885//763 2886//771 2887//798 2888//791
f  2889//764 2890//772 2891//799 2892//792
f  2893//758 2894//765 2895//800 2896//793
f  2897//761 2898//768 2899//801 2900//789
f  2901//759 2902//769 2903//802 2904//794
f  2905//760 2906//766 2907//803 2908//795
f  2909//757 2910//767 2911//804 2912//796
f  2913//770 2914//750 2915//774 2916//797
f  2917//771 2918//752 2919//776 2920//798
f  2921//772 2922//754 2923//778 2924//799
f  2925//765 2926//756 2927//780 2928//800
f  2929//767 2930//746 2931//784 2932//804
f  2933//768 2934//748 2935//786 2936//801
f  2937//769 2938//742 2939//788 2940//802
f  2941//766 2942//744 2943//782 2944//803
f  2945//774 2946//773 2947//805 2948//806
f  2949//776 2950//775 2951//807 2952//808
f  2953//778 2954//777 2955//809 2956//810
f  2957//780 2958//779 2959//811 2960//812
f  2961//784 2962//783 2963//813 2964//814
f  2965//786 2966//785 2967//815 2968//816
f  2969//788 2970//787 2971//817 2972//818
f  2973//782 2974//781 2975//819 2976//820
f  2977//773 2978//789 2979//821 2980//805
f  2981//775 2982//790 2983//822 2984//807
f  2985//777 2986//791 2987//823 2988//809
f  2989//779 2990//792 2991//824 2992//811
f  2993//781 2994//794 2995//825 2996//819
f  2997//783 2998//795 2999//826 3000//813
f  3001//785 3002//796 3003//827 3004//815
f  3005//787 3006//793 3007//828 3008//817
f  3009//790 3010//797 3011//829 3012//822
f  3013//791 3014//798 3015//830 3016//823
f  3017//792 3018//799 3019//831 3020//824
f  3021//793 3022//800 3023//832 3024//828
f  3025//794 3026//802 3027//833 3028//825
f  3029//795 3030//803 3031//834 3032//826
f  3033//796 3034//804 3035//835 3036//827
f  3037//789 3038//801 3039//836 3040//821
f  3041//797 3042//774 3043//806 3044//829
f  3045//798 3046//776 3047//808 3048//830
f  3049//799 3050//778 3051//810 3052//831
f  3053//800 3054//780 3055//812 3056//832
f  3057//801 3058//786 3059//816 3060//836
f  3061//802 3062//788 3063//818 3064//833
f  3065//803 3066//782 3067//820 3068//834
f  3069//804 3070//784 3071//814 3072//835
f  3073//806 3074//805 3075//837 3076//838
f  3077//808 3078//807 3079//839 3080//840
f  3081//810 3082//809 3083//841 3084//842
f  3085//812 3086//811 3087//843 3088//844
f  3089//816 3090//815 3091//845 3092//846
f  3093//818 3094//817 3095//847 3096//848
f  3097//820 3098//819 3099//849 3100//850
f  3101//814 3102//813 3103//851 3104//852
f  3105//805 3106//821 3107//853 3108//837
f  3109//807 3110//822 3111//854 3112//839
f  3113//809 3114//823 3115//855 3116//841
f  3117//811 3118//824 3119//856 3120//843
f  3121//813 3122//826 3123//857 3124//851
f  3125//815 3126//827 3127//858 3128//845
f  3129//817 3130//828 3131//859 3132//847
f  3133//819 3134//825 3135//860 3136//849
f  3137//822 3138//829 3139//861 3140//854
f  3141//823 3142//830 3143//862 3144//855
f  3145//824 3146//831 3147//863 3148//856
f  3149//828 3150//832 3151//864 3152//859
f  3153//825 3154//833 3155//865 3156//860
f  3157//826 3158//834 3159//866 3160//857
f  3161//827 3162//835 3163//867 3164//858
f  3165//821 3166//836 3167//868 3168//853
f  3169//829 3170//806 3171//838 3172//861
f  3173//830 3174//808 3175//840 3176//862
f  3177//831 3178//810 3179//842 3180//863
f  3181//832 3182//812 3183//844 3184//864
f  3185//833 3186//818 3187//848 3188//865
f  3189//834 3190//820 3191//850 3192//866
f  3193//835 3194//814 3195//852 3196//867
f  3197//836 3198//816 3199//846 3200//868
f  3201//838 3202//837 3203//869 3204//870
f  3205//840 3206//839 3207//871 3208//872
f  3209//842 3210//841 3211//873 3212//874
f  3213//844 3214//843 3215//875 3216//876
f  3217//848 3218//847 3219//877 3220//878
f  3221//850 3222//849 3223//879 3224//880
f  3225//852 3226//851 3227//881 3228//882
f  3229//846 3230//845 3231//883 3232//884
f  3233//837 3234//853 3235//885 3236//869
f  3237//839 3238//854 3239//886 3240//871
f  3241//841 3242//855 3243//887 3244//873
f  3245//843 3246//856 3247//888 3248//875
f  3249//845 3250//858 3251//889 3252//883
f  3253//847 3254//859 3255//890 3256//877
f  3257//849 3258//860 3259//891 3260//879
f  3261//851 3262//857 3263//892 3264//881
f  3265//854 3266//861 3267//893 3268//886
f  3269//855 3270//862 3271//894 3272//887
f  3273//856 3274//863 3275//895 3276//888
f  3277//859 3278//864 3279//896 3280//890
f  3281//857 3282//866 3283//897 3284//892
f  3285//858 3286//867 3287//898 3288//889
f  3289//853 3290//868 3291//899 3292//885
f  3293//860 3294//865 3295//900 3296//891
f  3297//861 3298//838 3299//870 3300//893
f  3301//862 3302//840 3303//872 3304//894
f  3305//863 3306//842 3307//874 3308//895
f  3309//864 3310//844 3311//876 3312//896
f  3313//865 3314//848 3315//878 3316//900
f  3317//866 3318//850 3319//880 3320//897
f  3321//867 3322//852 3323//882 3324//898
f  3325//868 3326//846 3327//884 3328//899
f  3329//899 3330//884 3331//883 3332//889 3333//898 3334//882 3335//881 3336//892 3337//897 3338//880 3339//879 3340//891 3341//900 3342//878 3343//877 3344//890 3345//896 3346//876 3347//875 3348//888 3349//895 3350//874 3351//873 3352//887 3353//894 3354//872 3355//871 3356//886 3357//893 3358//870 3359//869 3360//885
f  3361//62 3362//61 3363//85 3364//69 3365//38 3366//37 3367//87 3368//71 3369//42 3370//41 3371//89 3372//73 3373//46 3374//45 3375//91 3376//75 3377//50 3378//49 3379//93 3380//77 3381//66 3382//65 3383//95 3384//79 3385//54 3386//53 3387//97 3388//81 3389//58 3390//57 3391//99 3392//83
